ctrl,m1,compl_time,log_time
0,0.01,0.04,2019-10-28 17:04:19
0,0.037,0.07,2019-10-28 17:04:22
0,0.078,0.11,2019-10-28 17:04:25
0,0.13,0.14,2019-10-28 17:04:29
0,0.189,0.18,2019-10-28 17:04:32
0,0.255,0.21,2019-10-28 17:04:35
0,0.324,0.25,2019-10-28 17:04:39
0,0.397,0.29,2019-10-28 17:04:42
0,0.472,0.32,2019-10-28 17:04:45
0,0.549,0.36,2019-10-28 17:04:49
0,1.275,0.71,2019-10-28 17:05:21
0,1.789,1.07,2019-10-28 17:05:54
0,2.151,1.43,2019-10-28 17:06:28
0,2.296,1.79,2019-10-28 17:07:00
0,2.405,2.14,2019-10-28 17:08:30
0,2.455,2.5,2019-10-28 17:09:03
0,2.479,2.86,2019-10-28 17:13:49
0,2.489,3.21,2019-10-28 17:14:22
0,2.495,3.57,2019-10-28 17:14:55
0,2.5,7.14,2019-10-28 17:20:27
0,2.5,10.71,2019-10-28 17:25:58
0,2.5,14.29,2019-10-28 17:31:31
0,2.5,17.86,2019-10-28 17:37:01
0,2.5,21.43,2019-10-28 17:42:32
0,2.5,25.0,2019-10-28 17:48:05
0,2.5,28.57,2019-10-28 17:53:35
0,10.071,31.92,2019-10-28 17:59:26
0,10.061,34.61,2019-10-28 18:05:05
0,9.881,37.5,2019-10-28 18:10:46
0,9.907,40.45,2019-10-28 18:16:24
0,10.003,43.24,2019-10-28 18:22:04
0,23.083,45.98,2019-10-28 18:27:43
0,22.566,48.39,2019-10-28 18:33:25
0,22.746,50.54,2019-10-28 18:39:05
0,22.543,52.86,2019-10-28 18:44:56
0,22.931,55.05,2019-10-28 18:50:37
0,22.223,57.25,2019-10-28 18:56:24
0,38.034,59.4,2019-10-28 19:02:07
0,40.627,61.34,2019-10-28 19:08:13
0,40.178,63.34,2019-10-28 19:15:00
0,44.041,65.24,2019-10-28 19:20:50
0,41.33,67.05,2019-10-28 19:26:39
0,44.059,68.87,2019-10-28 19:32:23
0,41.46,70.73,2019-10-28 19:38:11
0,37.508,72.7,2019-10-28 19:43:54
0,68.188,74.61,2019-10-28 19:51:18
0,68.756,76.22,2019-10-28 19:57:10
0,64.381,77.84,2019-10-28 20:03:00
0,76.327,79.48,2019-10-28 20:08:57
0,64.61,81.06,2019-10-28 20:14:49
0,71.466,82.65,2019-10-28 20:20:39
0,64.617,84.43,2019-10-28 20:26:35
0,54.271,86.01,2019-10-28 20:32:28
0,60.004,87.63,2019-10-28 20:38:23
0,85.836,89.17,2019-10-28 20:44:11
0,89.515,90.7,2019-10-28 20:50:21
0,84.257,92.22,2019-10-28 20:56:10
0,103.171,93.58,2019-10-28 21:02:05
0,84.368,94.95,2019-10-28 21:07:52
0,89.731,96.35,2019-10-28 21:13:40
0,79.669,97.75,2019-10-28 21:19:28
0,91.854,99.22,2019-10-28 21:25:19
0,88.636,100.58,2019-10-28 21:31:10
0,92.788,102.07,2019-10-28 21:36:56
0,111.77,103.45,2019-10-28 21:42:44
0,115.253,104.85,2019-10-28 21:48:35
0,123.206,106.14,2019-10-28 21:54:29
0,106.73,107.46,2019-10-28 22:00:20
0,122.105,108.73,2019-10-28 22:06:12
0,145.344,109.97,2019-10-28 22:12:03
0,127.867,111.33,2019-10-28 22:17:58
0,134.844,112.59,2019-10-28 22:23:51
0,102.249,113.86,2019-10-28 22:29:42
0,107.686,115.1,2019-10-28 22:35:32
0,128.474,116.37,2019-10-28 22:41:25
0,174.073,117.69,2019-10-28 22:47:16
0,166.568,118.89,2019-10-28 22:53:13
0,191.837,120.1,2019-10-28 22:59:17
0,164.069,121.31,2019-10-28 23:05:11
0,136.917,122.48,2019-10-28 23:11:04
0,165.469,123.72,2019-10-28 23:16:58
0,144.336,124.94,2019-10-28 23:22:58
0,153.532,126.1,2019-10-28 23:28:50
0,123.728,127.29,2019-10-28 23:34:43
0,167.05,128.51,2019-10-28 23:40:40
0,156.521,129.63,2019-10-28 23:46:31
0,146.805,130.81,2019-10-28 23:52:23
0,161.264,132.02,2019-10-28 23:58:21
0,204.386,133.25,2019-10-29 00:04:12
0,217.167,134.4,2019-10-29 00:10:02
0,215.672,135.48,2019-10-29 00:15:57
0,216.903,136.71,2019-10-29 00:21:50
0,196.494,137.83,2019-10-29 00:27:40
0,195.289,138.86,2019-10-29 00:33:32
0,217.37,140.01,2019-10-29 00:39:26
0,177.606,141.16,2019-10-29 00:45:22
0,197.003,142.29,2019-10-29 00:51:16
0,220.075,143.4,2019-10-29 00:57:10
0,170.527,144.53,2019-10-29 01:03:03
0,179.886,145.76,2019-10-29 01:08:55
0,251.031,146.88,2019-10-29 01:14:51
0,307.763,147.94,2019-10-29 01:20:49
0,256.85,148.96,2019-10-29 01:26:44
0,230.394,150.08,2019-10-29 01:32:58
0,225.992,151.24,2019-10-29 01:38:50
0,255.181,152.27,2019-10-29 01:44:47
0,318.596,153.31,2019-10-29 01:50:42
0,220.368,154.39,2019-10-29 01:56:38
0,235.139,155.5,2019-10-29 02:02:33
0,260.06,156.56,2019-10-29 02:08:29
0,280.747,157.66,2019-10-29 02:14:24
0,235.538,158.69,2019-10-29 02:20:21
0,225.892,159.8,2019-10-29 02:26:13
0,274.931,160.91,2019-10-29 02:32:09
0,272.306,161.95,2019-10-29 02:38:06
0,284.309,163.0,2019-10-29 02:44:04
0,307.241,164.04,2019-10-29 02:49:59
0,287.025,165.1,2019-10-29 02:55:56
0,288.988,166.11,2019-10-29 03:01:54
0,289.698,167.15,2019-10-29 03:07:50
0,325.659,168.12,2019-10-29 03:13:52
0,289.324,169.17,2019-10-29 03:19:48
0,300.381,170.18,2019-10-29 03:25:45
0,273.804,171.27,2019-10-29 03:31:42
0,286.779,172.32,2019-10-29 03:37:42
0,296.532,173.38,2019-10-29 03:43:40
0,265.574,174.47,2019-10-29 03:49:37
0,344.13,175.52,2019-10-29 03:55:34
0,406.52,176.55,2019-10-29 04:01:32
0,416.839,177.51,2019-10-29 04:07:27
0,423.877,178.46,2019-10-29 04:13:25
0,350.113,179.48,2019-10-29 04:19:23
0,352.678,180.48,2019-10-29 04:25:42
0,342.367,181.45,2019-10-29 04:31:40
0,316.522,182.47,2019-10-29 04:37:40
0,392.426,183.46,2019-10-29 04:43:38
0,345.254,184.5,2019-10-29 04:49:36
0,334.826,185.51,2019-10-29 04:55:35
0,323.522,186.49,2019-10-29 05:01:36
0,331.246,187.51,2019-10-29 05:09:13
0,337.865,188.53,2019-10-29 05:16:06
0,368.914,189.53,2019-10-29 05:22:05
0,393.385,190.49,2019-10-29 05:28:06
0,483.275,191.45,2019-10-29 05:34:05
0,384.223,192.42,2019-10-29 05:40:06
0,355.858,193.42,2019-10-29 05:46:08
0,460.06,194.42,2019-10-29 05:52:06
0,434.656,195.41,2019-10-29 05:58:05
0,480.856,196.46,2019-10-29 06:04:05
0,460.455,197.39,2019-10-29 06:10:07
0,429.027,198.33,2019-10-29 06:16:10
0,397.009,199.29,2019-10-29 06:22:10
0,455.625,200.25,2019-10-29 06:28:12
0,409.122,201.22,2019-10-29 06:34:11
0,413.189,202.25,2019-10-29 06:40:10
0,446.43,203.2,2019-10-29 06:46:10
0,403.114,204.15,2019-10-29 06:54:48
0,504.986,205.1,2019-10-29 07:01:53
0,440.606,206.1,2019-10-29 07:07:53
0,550.205,207.07,2019-10-29 07:13:52
0,537.155,207.96,2019-10-29 07:19:52
0,461.113,208.86,2019-10-29 07:25:55
0,515.523,209.8,2019-10-29 07:31:57
0,494.499,210.74,2019-10-29 07:38:15
0,476.878,211.72,2019-10-29 07:44:14
0,430.611,212.73,2019-10-29 07:50:17
0,471.474,213.71,2019-10-29 07:56:17
0,478.215,214.67,2019-10-29 08:02:20
0,492.736,215.58,2019-10-29 08:08:20
0,500.051,216.53,2019-10-29 08:14:23
0,465.143,217.48,2019-10-29 08:20:25
0,549.946,218.4,2019-10-29 08:26:28
0,562.418,219.3,2019-10-29 08:32:31
0,515.148,220.22,2019-10-29 08:38:31
0,534.472,221.19,2019-10-29 08:44:31
0,627.98,222.14,2019-10-29 08:50:33
0,599.576,223.05,2019-10-29 08:56:34
0,561.785,223.92,2019-10-29 09:02:38
0,624.067,224.81,2019-10-29 09:08:41
0,515.085,225.74,2019-10-29 09:14:45
0,557.12,226.66,2019-10-29 09:20:49
0,559.446,227.57,2019-10-29 09:26:50
0,555.721,228.53,2019-10-29 09:32:53
0,605.252,229.51,2019-10-29 09:38:56
0,574.52,230.42,2019-10-29 09:44:59
0,533.309,231.41,2019-10-29 09:50:58
0,516.364,232.35,2019-10-29 09:57:02
0,488.992,233.28,2019-10-29 10:03:03
0,534.957,234.23,2019-10-29 10:09:06
0,614.449,235.16,2019-10-29 10:15:07
0,711.399,236.07,2019-10-29 10:21:11
0,679.701,237.05,2019-10-29 10:27:13
0,666.467,237.92,2019-10-29 10:33:17
0,567.034,238.8,2019-10-29 10:39:21
0,739.812,239.75,2019-10-29 10:45:25
0,691.022,240.65,2019-10-29 10:51:50
0,616.299,241.55,2019-10-29 10:57:57
0,611.222,242.48,2019-10-29 11:03:56
0,564.794,243.41,2019-10-29 11:09:57
0,636.988,244.36,2019-10-29 11:16:00
0,732.663,245.24,2019-10-29 11:22:02
0,684.11,246.24,2019-10-29 11:28:06
0,567.606,247.17,2019-10-29 11:34:05
0,669.247,248.14,2019-10-29 11:40:08
0,624.79,249.0,2019-10-29 11:46:13
0,714.743,249.9,2019-10-29 11:52:17
0,766.077,250.8,2019-10-29 11:58:20
0,626.348,251.75,2019-10-29 12:04:22
0,636.017,252.67,2019-10-29 12:10:26
0,697.268,253.59,2019-10-29 12:16:27
0,769.444,254.49,2019-10-29 12:22:30
0,819.855,255.36,2019-10-29 12:28:37
0,765.37,256.31,2019-10-29 12:35:05
0,664.258,257.3,2019-10-29 12:43:02
0,750.346,258.21,2019-10-29 12:50:51
0,702.91,259.08,2019-10-29 12:58:48
0,751.795,260.02,2019-10-29 13:06:32
0,769.035,260.89,2019-10-29 13:14:20
0,775.554,261.87,2019-10-29 13:22:10
0,784.656,262.77,2019-10-29 13:30:08
0,789.298,263.71,2019-10-29 13:37:46
0,853.374,264.6,2019-10-29 13:45:59
0,789.023,265.5,2019-10-29 13:53:49
0,854.588,266.34,2019-10-29 14:01:30
0,882.928,267.28,2019-10-29 14:09:13
0,826.89,268.18,2019-10-29 14:16:56
0,865.393,269.07,2019-10-29 14:24:49
0,874.317,270.04,2019-10-29 14:32:53
0,826.879,270.92,2019-10-29 14:40:40
0,742.611,271.89,2019-10-29 14:48:23
0,763.727,272.84,2019-10-29 14:56:01
0,911.045,273.76,2019-10-29 15:03:45
0,771.019,274.74,2019-10-29 15:11:38
0,937.059,275.75,2019-10-29 15:19:24
0,922.54,276.71,2019-10-29 15:27:13
0,936.001,277.65,2019-10-29 15:35:03
0,918.98,278.65,2019-10-29 15:42:50
0,859.753,279.63,2019-10-29 15:50:43
0,895.119,280.6,2019-10-29 15:58:36
0,900.592,281.57,2019-10-29 16:06:35
0,952.797,282.55,2019-10-29 16:14:14
0,906.754,283.48,2019-10-29 16:22:02
0,1059.701,284.5,2019-10-29 16:29:46
0,826.8,285.44,2019-10-29 16:37:13
0,731.987,286.46,2019-10-29 16:49:32
0,829.051,287.5,2019-10-29 16:57:10
0,906.442,288.51,2019-10-29 17:05:04
0,851.618,289.46,2019-10-29 17:12:57
0,798.841,290.45,2019-10-29 17:20:34
0,934.564,291.42,2019-10-29 17:28:21
0,998.766,292.38,2019-10-29 17:36:18
0,973.611,293.37,2019-10-29 17:43:59
0,1093.452,294.33,2019-10-29 17:51:41
0,1164.0,295.32,2019-10-29 17:59:27
0,1132.205,296.29,2019-10-29 18:07:01
0,1101.006,297.29,2019-10-29 18:14:43
0,1026.148,298.22,2019-10-29 18:22:28
0,1024.102,299.15,2019-10-29 18:30:04
0,1038.855,300.09,2019-10-29 18:38:20
0,1053.499,301.06,2019-10-29 18:45:54
0,1071.956,302.03,2019-10-29 18:53:31
0,994.604,302.98,2019-10-29 19:01:11
0,947.006,303.9,2019-10-29 19:08:53
0,998.113,304.84,2019-10-29 19:16:43
0,1050.404,305.8,2019-10-29 19:24:23
0,909.375,306.77,2019-10-29 19:32:17
0,1079.142,307.66,2019-10-29 19:40:04
0,1130.263,308.6,2019-10-29 19:47:49
0,1408.094,309.55,2019-10-29 19:55:32
0,1065.699,310.41,2019-10-29 20:03:22
0,1177.554,311.37,2019-10-29 20:11:11
0,1171.878,312.26,2019-10-29 20:18:56
0,1116.625,313.14,2019-10-29 20:26:49
0,1162.247,314.07,2019-10-29 20:34:27
0,1035.188,315.02,2019-10-29 20:42:07
0,1157.901,315.96,2019-10-29 20:49:57
0,1150.227,316.86,2019-10-29 20:57:46
0,1135.926,317.83,2019-10-29 21:05:29
0,1133.077,318.8,2019-10-29 21:13:12
0,1006.084,319.78,2019-10-29 21:20:56
0,1136.573,320.77,2019-10-29 21:28:44
0,1011.448,321.69,2019-10-29 21:36:44
0,1193.738,322.6,2019-10-29 21:44:34
0,1170.993,323.56,2019-10-29 21:52:23
0,1335.087,324.55,2019-10-29 22:00:10
0,1304.699,325.5,2019-10-29 22:08:09
0,1204.652,326.39,2019-10-29 22:15:59
0,1304.263,327.35,2019-10-29 22:23:49
0,1295.893,328.26,2019-10-29 22:31:39
0,1356.626,329.16,2019-10-29 22:39:29
0,1287.388,330.08,2019-10-29 22:47:43
0,1247.21,330.98,2019-10-29 22:55:37
0,1280.451,331.9,2019-10-29 23:03:24
0,1256.307,332.81,2019-10-29 23:11:06
0,1267.71,333.71,2019-10-29 23:19:02
0,1322.355,334.6,2019-10-29 23:27:03
0,1323.027,335.54,2019-10-29 23:34:53
0,1293.023,336.47,2019-10-29 23:42:43
0,1312.776,337.41,2019-10-29 23:50:35
0,1467.315,338.37,2019-10-29 23:58:12
0,1279.861,339.26,2019-10-30 00:06:01
0,1261.985,340.18,2019-10-30 00:14:02
0,1624.929,341.11,2019-10-30 00:21:46
0,1264.801,342.0,2019-10-30 00:29:37
0,1272.076,342.95,2019-10-30 00:37:35
0,1482.828,343.88,2019-10-30 00:45:14
0,1332.542,344.79,2019-10-30 00:52:59
0,1231.764,345.7,2019-10-30 01:00:30
0,1257.136,346.57,2019-10-30 01:08:25
0,1242.125,347.48,2019-10-30 01:16:17
0,1543.187,348.4,2019-10-30 01:24:11
0,1257.527,349.3,2019-10-30 01:32:01
0,1342.847,350.23,2019-10-30 01:39:50
0,1286.684,351.16,2019-10-30 01:47:51
0,1321.449,352.04,2019-10-30 01:55:46
0,1348.535,352.95,2019-10-30 02:03:41
0,1508.73,353.88,2019-10-30 02:11:33
0,1371.415,354.79,2019-10-30 02:19:23
0,1426.922,355.68,2019-10-30 02:27:11
0,1304.453,356.54,2019-10-30 02:34:57
0,1423.186,357.48,2019-10-30 02:42:49
0,1412.661,358.4,2019-10-30 02:50:46
0,1465.703,359.32,2019-10-30 02:58:33
0,1547.526,360.23,2019-10-30 03:06:42
0,1358.712,361.12,2019-10-30 03:14:26
0,1384.896,362.01,2019-10-30 03:22:09
0,1337.263,362.86,2019-10-30 03:30:02
0,1421.507,363.74,2019-10-30 03:37:46
0,1372.1,364.63,2019-10-30 03:45:41
0,1386.653,365.56,2019-10-30 03:53:28
0,1440.783,366.46,2019-10-30 04:01:20
0,1487.699,367.37,2019-10-30 04:09:05
0,1646.394,368.3,2019-10-30 04:16:57
0,1564.443,369.13,2019-10-30 04:24:50
0,1498.009,369.98,2019-10-30 04:33:04
0,1563.802,370.87,2019-10-30 04:43:10
0,1531.254,371.78,2019-10-30 04:50:55
0,1605.957,372.68,2019-10-30 04:58:42
0,1524.935,373.56,2019-10-30 05:06:34
0,1388.541,374.43,2019-10-30 05:14:29
0,1522.636,375.27,2019-10-30 05:22:18
0,1431.18,376.09,2019-10-30 05:29:48
0,1663.288,377.02,2019-10-30 05:37:42
0,1634.039,377.85,2019-10-30 05:45:26
0,1425.665,378.72,2019-10-30 05:53:16
0,1777.235,379.67,2019-10-30 06:01:11
0,1690.789,380.51,2019-10-30 06:09:07
0,1814.994,381.38,2019-10-30 06:16:59
0,1858.171,382.28,2019-10-30 06:24:41
0,1920.222,383.12,2019-10-30 06:32:37
0,1673.757,384.04,2019-10-30 06:40:34
0,1444.889,384.87,2019-10-30 06:48:26
0,1864.516,385.76,2019-10-30 06:56:07
0,1682.9,386.63,2019-10-30 07:04:03
0,1870.991,387.55,2019-10-30 07:11:47
0,1583.679,388.41,2019-10-30 07:19:38
0,1763.844,389.3,2019-10-30 07:27:37
0,1855.478,390.2,2019-10-30 07:35:38
0,1721.235,391.06,2019-10-30 07:43:24
0,1729.651,391.91,2019-10-30 07:51:19
0,1692.139,392.79,2019-10-30 07:59:21
0,1807.439,393.67,2019-10-30 08:07:10
0,1906.867,394.56,2019-10-30 08:15:05
0,1903.424,395.48,2019-10-30 08:23:04
0,1731.357,396.33,2019-10-30 08:31:04
0,1853.0,397.19,2019-10-30 08:38:38
0,2010.594,398.05,2019-10-30 08:46:37
0,1811.28,398.96,2019-10-30 08:54:31
0,2219.286,399.87,2019-10-30 09:02:25
0,1925.074,400.7,2019-10-30 09:10:27
0,1599.472,401.51,2019-10-30 09:18:13
0,1854.953,402.41,2019-10-30 09:25:44
0,1836.446,403.28,2019-10-30 09:32:57
0,2052.812,404.15,2019-10-30 09:41:05
0,1910.985,404.99,2019-10-30 09:49:09
0,1774.203,405.92,2019-10-30 09:56:56
0,1794.879,406.78,2019-10-30 10:04:51
0,1801.996,407.69,2019-10-30 10:12:59
0,1787.906,408.57,2019-10-30 10:20:56
0,1743.622,409.49,2019-10-30 10:28:38
0,1828.056,410.4,2019-10-30 10:36:34
0,1935.218,411.27,2019-10-30 10:44:30
0,2163.169,412.18,2019-10-30 10:52:29
0,2192.207,413.06,2019-10-30 11:00:26
0,1660.848,413.96,2019-10-30 11:07:12
0,2035.339,414.85,2019-10-30 11:15:25
0,1843.0,415.68,2019-10-30 11:23:25
0,1858.506,416.6,2019-10-30 11:31:12
0,2009.918,417.48,2019-10-30 11:39:21
0,2081.627,418.33,2019-10-30 11:47:16
0,2040.277,419.17,2019-10-30 11:55:11
0,1938.123,420.05,2019-10-30 12:03:26
0,1934.639,420.94,2019-10-30 12:11:15
0,1854.589,421.82,2019-10-30 12:19:05
0,2024.217,422.71,2019-10-30 12:27:03
0,2054.653,423.6,2019-10-30 12:35:22
0,2122.521,424.5,2019-10-30 12:43:23
0,2244.787,425.36,2019-10-30 12:51:05
0,2063.856,426.21,2019-10-30 12:59:00
0,1941.78,427.09,2019-10-30 13:07:17
0,1898.687,427.97,2019-10-30 13:15:09
0,2100.471,428.77,2019-10-30 13:23:27
0,2186.402,429.59,2019-10-30 13:31:31
0,1867.367,430.37,2019-10-30 13:39:43
0,2031.779,431.17,2019-10-30 13:47:45
0,2155.549,431.96,2019-10-30 13:55:35
0,1963.165,432.8,2019-10-30 14:03:49
0,2228.358,433.62,2019-10-30 14:11:53
0,1804.227,434.43,2019-10-30 14:19:43
0,1983.663,435.25,2019-10-30 14:27:52
0,2392.879,436.1,2019-10-30 14:35:59
0,2092.945,436.92,2019-10-30 14:43:58
0,2193.293,437.77,2019-10-30 14:51:55
0,2211.491,438.58,2019-10-30 14:59:41
0,2472.532,439.46,2019-10-30 15:07:45
0,2360.991,440.29,2019-10-30 15:15:35
0,2350.196,441.13,2019-10-30 15:23:40
0,2183.41,441.96,2019-10-30 15:31:52
0,2217.401,442.76,2019-10-30 15:39:39
0,2271.035,443.63,2019-10-30 15:47:36
0,2136.229,444.47,2019-10-30 15:55:39
0,2201.727,445.31,2019-10-30 16:03:46
0,2293.239,446.16,2019-10-30 16:11:59
0,2321.618,446.96,2019-10-30 16:19:52
0,2195.016,447.77,2019-10-30 16:27:46
0,2157.347,448.65,2019-10-30 16:36:12
0,2363.116,449.47,2019-10-30 16:44:26
0,2122.848,450.29,2019-10-30 16:52:41
0,2206.399,451.11,2019-10-30 17:00:50
0,2388.103,451.92,2019-10-30 17:08:52
0,2034.746,452.71,2019-10-30 17:16:46
0,2135.959,453.49,2019-10-30 17:24:55
0,2521.243,454.33,2019-10-30 17:33:07
0,2104.154,455.09,2019-10-30 17:41:04
0,2461.381,455.9,2019-10-30 17:49:10
0,2176.565,456.69,2019-10-30 17:57:02
0,2573.64,457.48,2019-10-30 18:05:03
0,2687.45,458.31,2019-10-30 18:13:27
0,2362.518,459.13,2019-10-30 18:21:49
0,2414.322,460.01,2019-10-30 18:29:56
0,2380.794,460.87,2019-10-30 18:38:17
0,2330.299,461.76,2019-10-30 18:46:35
0,2413.422,462.56,2019-10-30 18:54:37
0,2500.967,463.42,2019-10-30 19:02:47
0,2609.331,464.21,2019-10-30 19:10:55
0,2251.37,465.06,2019-10-30 19:19:00
0,2368.065,465.91,2019-10-30 19:27:20
0,2541.273,466.73,2019-10-30 19:35:24
0,2443.736,467.52,2019-10-30 19:43:28
0,2453.747,468.36,2019-10-30 19:51:29
0,2340.809,469.16,2019-10-30 19:59:28
0,2658.119,470.02,2019-10-30 20:07:40
0,2348.152,470.78,2019-10-30 20:15:34
0,2392.215,471.65,2019-10-30 20:23:49
0,2753.203,472.51,2019-10-30 20:31:41
0,2485.478,473.41,2019-10-30 20:39:52
0,2612.557,474.29,2019-10-30 20:48:10
0,2237.974,475.13,2019-10-30 20:56:22
0,2953.171,475.97,2019-10-30 21:04:24
0,2631.876,476.86,2019-10-30 21:12:23
0,2538.705,477.77,2019-10-30 21:20:42
0,2618.995,478.62,2019-10-30 21:28:42
0,2533.584,479.49,2019-10-30 21:36:49
0,2440.634,480.37,2019-10-30 21:45:07
0,2730.208,481.28,2019-10-30 21:53:04
0,2713.786,482.11,2019-10-30 22:01:22
0,2433.794,483.06,2019-10-30 22:10:00
0,2424.162,483.94,2019-10-30 22:18:10
0,2459.747,484.75,2019-10-30 22:26:15
0,2761.217,485.6,2019-10-30 22:34:18
0,2501.645,486.43,2019-10-30 22:42:17
0,2351.021,487.22,2019-10-30 22:50:16
0,2379.701,488.04,2019-10-30 22:58:15
0,2565.262,488.89,2019-10-30 23:06:18
0,2748.99,489.72,2019-10-30 23:14:34
0,2363.224,490.54,2019-10-30 23:22:46
0,2704.065,491.33,2019-10-30 23:30:43
0,2646.895,492.15,2019-10-30 23:38:33
0,2169.891,492.94,2019-10-30 23:46:43
0,2428.932,493.8,2019-10-30 23:54:58
0,2478.447,494.63,2019-10-31 00:03:18
0,2320.898,495.46,2019-10-31 00:11:23
0,2734.425,496.33,2019-10-31 00:19:35
0,2614.166,497.17,2019-10-31 00:27:34
0,2440.152,498.01,2019-10-31 00:35:51
0,2475.794,498.84,2019-10-31 00:44:02
0,2582.097,499.66,2019-10-31 00:52:22
0,2292.319,500.52,2019-10-31 01:00:57
0,2359.958,501.43,2019-10-31 01:09:18
0,2799.568,502.32,2019-10-31 01:18:00
0,2777.135,503.25,2019-10-31 01:27:08
0,2331.809,504.21,2019-10-31 01:35:32
0,2403.298,505.15,2019-10-31 01:44:33
0,2441.406,506.05,2019-10-31 01:52:49
0,2442.328,506.98,2019-10-31 02:01:15
0,2382.08,507.85,2019-10-31 02:09:33
0,2462.968,508.7,2019-10-31 02:18:06
0,2738.738,509.56,2019-10-31 02:26:23
0,2715.014,510.44,2019-10-31 02:35:03
0,2499.934,511.31,2019-10-31 02:43:23
0,2641.167,512.14,2019-10-31 02:51:36
0,2593.879,513.0,2019-10-31 02:59:47
0,2269.851,513.82,2019-10-31 03:07:49
0,2548.154,514.61,2019-10-31 03:16:03
0,2518.682,515.44,2019-10-31 03:24:23
0,2512.598,516.26,2019-10-31 03:32:31
0,2359.538,517.06,2019-10-31 03:40:37
0,2466.989,517.92,2019-10-31 03:48:43
0,2409.614,518.73,2019-10-31 03:56:37
0,2605.247,519.58,2019-10-31 04:04:49
0,2686.354,520.44,2019-10-31 04:13:16
0,2581.81,521.35,2019-10-31 04:21:58
0,2469.604,522.23,2019-10-31 04:30:08
0,2486.262,523.08,2019-10-31 04:38:08
0,2675.358,523.89,2019-10-31 04:46:08
0,2456.297,524.74,2019-10-31 04:54:24
0,2576.923,525.63,2019-10-31 05:02:55
0,2358.835,526.49,2019-10-31 05:11:26
0,2530.428,527.37,2019-10-31 05:19:30
0,2708.294,528.3,2019-10-31 05:28:04
0,2421.643,529.14,2019-10-31 05:35:55
0,2365.769,530.08,2019-10-31 05:45:04
0,2252.621,531.03,2019-10-31 05:53:34
0,2596.555,531.95,2019-10-31 06:02:18
0,2481.772,532.83,2019-10-31 06:10:55
0,2758.698,533.66,2019-10-31 06:19:28
0,2401.221,534.59,2019-10-31 06:29:03
0,2432.218,535.52,2019-10-31 06:38:26
0,2338.207,536.36,2019-10-31 06:46:24
0,2546.87,537.21,2019-10-31 06:54:45
0,2525.773,538.04,2019-10-31 07:03:02
0,2458.795,538.87,2019-10-31 07:11:04
0,2482.58,539.71,2019-10-31 07:19:12
0,2595.504,540.54,2019-10-31 07:27:49
0,2389.23,541.39,2019-10-31 07:36:32
0,2639.543,542.26,2019-10-31 07:45:37
0,2552.044,543.08,2019-10-31 07:53:51
0,2696.669,543.94,2019-10-31 08:03:49
0,2219.268,544.77,2019-10-31 08:12:19
0,2638.393,545.67,2019-10-31 08:21:49
0,2573.405,546.51,2019-10-31 08:30:08
0,2747.925,547.41,2019-10-31 08:39:54
0,2330.8,548.23,2019-10-31 08:47:55
0,2627.732,549.07,2019-10-31 08:56:26
0,2533.33,549.93,2019-10-31 09:04:46
0,2471.427,550.73,2019-10-31 09:13:02
0,2876.639,551.53,2019-10-31 09:21:10
0,2496.595,552.42,2019-10-31 09:30:05
0,2483.643,553.31,2019-10-31 09:39:55
0,2565.927,554.21,2019-10-31 09:49:26
0,2566.694,555.09,2019-10-31 09:57:49
0,2333.725,555.94,2019-10-31 10:06:04
0,2631.703,556.83,2019-10-31 10:15:07
0,2693.668,557.69,2019-10-31 10:23:20
0,2353.546,558.58,2019-10-31 10:31:55
0,2475.875,559.46,2019-10-31 10:40:05
0,2570.203,560.39,2019-10-31 10:49:26
0,2571.797,561.27,2019-10-31 10:57:30
0,2510.572,562.24,2019-10-31 11:06:59
0,2384.872,563.15,2019-10-31 11:15:41
0,2478.123,564.04,2019-10-31 11:24:57
0,2701.176,564.98,2019-10-31 11:34:34
0,2284.158,565.86,2019-10-31 11:43:00
0,2480.495,566.81,2019-10-31 11:52:47
0,2551.685,567.71,2019-10-31 12:01:58
0,2629.607,568.63,2019-10-31 12:11:50
0,2437.661,569.56,2019-10-31 12:20:45
0,2561.044,570.42,2019-10-31 12:30:06
0,2481.274,571.33,2019-10-31 12:39:17
0,2502.799,572.24,2019-10-31 12:48:40
0,2453.667,573.14,2019-10-31 12:58:09
0,2813.754,574.08,2019-10-31 13:08:25
0,2412.289,575.01,2019-10-31 13:17:28
0,2384.436,575.93,2019-10-31 13:26:30
0,2637.155,576.83,2019-10-31 13:36:14
0,2330.519,577.69,2019-10-31 13:44:43
0,2603.692,578.58,2019-10-31 13:53:39
0,2750.19,579.45,2019-10-31 14:03:05
0,2395.341,580.25,2019-10-31 14:11:07
0,2295.333,581.17,2019-10-31 14:20:46
0,2640.082,582.11,2019-10-31 14:30:27
0,2541.486,583.01,2019-10-31 14:40:00
0,2355.2,583.93,2019-10-31 14:49:06
0,2555.656,584.81,2019-10-31 14:57:29
0,2550.059,585.78,2019-10-31 15:07:21
0,2741.44,586.61,2019-10-31 15:16:06
0,2393.582,587.5,2019-10-31 15:25:37
0,2412.853,588.38,2019-10-31 15:34:00
0,2526.644,589.26,2019-10-31 15:43:46
0,2505.25,590.19,2019-10-31 15:53:25
0,2457.526,591.16,2019-10-31 16:03:53
0,2655.129,592.13,2019-10-31 16:14:56
0,2668.811,592.99,2019-10-31 16:23:42
0,2377.636,593.93,2019-10-31 16:34:01
0,2595.757,594.82,2019-10-31 16:42:32
0,2614.558,595.73,2019-10-31 16:52:08
0,2546.98,596.6,2019-10-31 17:01:40
0,2392.75,597.47,2019-10-31 17:11:03
0,2268.165,598.32,2019-10-31 17:19:58
0,2621.278,599.23,2019-10-31 17:29:33
0,2467.552,600.12,2019-10-31 17:39:05
0,2492.465,601.05,2019-10-31 17:49:43
0,2372.969,601.98,2019-10-31 17:59:32
0,2368.529,602.93,2019-10-31 18:10:06
0,2445.646,603.86,2019-10-31 18:19:40
0,2527.713,604.81,2019-10-31 18:30:09
0,2415.24,605.73,2019-10-31 18:39:55
0,2389.563,606.59,2019-10-31 18:48:46
0,2246.48,607.48,2019-10-31 18:58:37
0,2604.227,608.42,2019-10-31 19:09:09
0,2819.3,609.3,2019-10-31 19:19:22
0,2316.434,610.24,2019-10-31 19:30:11
0,2279.835,611.17,2019-10-31 19:40:44
0,2653.9,612.17,2019-10-31 19:51:39
0,2221.189,613.04,2019-10-31 20:01:00
0,2445.815,613.97,2019-10-31 20:11:41
0,2552.968,614.83,2019-10-31 20:21:38
0,2445.886,615.68,2019-10-31 20:30:40
0,2465.63,616.52,2019-10-31 20:40:22
0,2334.811,617.39,2019-10-31 20:49:55
0,2727.756,618.22,2019-10-31 20:59:22
0,2442.067,619.08,2019-10-31 21:08:45
0,2425.236,619.93,2019-10-31 21:17:32
0,2516.573,620.78,2019-10-31 21:26:53
0,2825.944,621.61,2019-10-31 21:35:44
0,2492.686,622.48,2019-10-31 21:45:04
0,2447.159,623.37,2019-10-31 21:54:24
0,2453.05,624.24,2019-10-31 22:03:49
0,2399.6,625.12,2019-10-31 22:13:24
0,2517.955,625.99,2019-10-31 22:22:49
0,2510.782,626.84,2019-10-31 22:31:45
0,2659.695,627.77,2019-10-31 22:41:56
0,2482.744,628.63,2019-10-31 22:51:25
0,2402.926,629.51,2019-10-31 23:01:25
0,2293.195,630.41,2019-10-31 23:12:02
0,2465.618,631.31,2019-10-31 23:21:56
0,2355.472,632.21,2019-10-31 23:31:46
0,2460.884,633.12,2019-10-31 23:42:33
0,2493.397,633.99,2019-10-31 23:52:40
0,2360.443,634.89,2019-11-01 00:03:11
0,2365.256,635.77,2019-11-01 00:14:00
0,2510.517,636.61,2019-11-01 00:24:13
0,2579.953,637.48,2019-11-01 00:33:52
0,2516.155,638.36,2019-11-01 00:43:22
0,2276.705,639.25,2019-11-01 00:53:31
0,2606.255,640.16,2019-11-01 01:03:46
0,2370.77,641.01,2019-11-01 01:13:22
0,2569.445,641.95,2019-11-01 01:23:02
0,2569.735,642.77,2019-11-01 01:31:47
0,2578.465,643.64,2019-11-01 01:41:20
0,2400.912,644.6,2019-11-01 01:51:37
0,2874.535,645.53,2019-11-01 02:01:47
0,2358.526,646.43,2019-11-01 02:11:37
0,2411.446,647.34,2019-11-01 02:21:19
0,2339.334,648.25,2019-11-01 02:31:29
0,2474.214,649.1,2019-11-01 02:40:44
0,2424.546,649.99,2019-11-01 02:50:47
0,2529.723,650.9,2019-11-01 03:01:02
0,2516.591,651.82,2019-11-01 03:11:11
0,2544.599,652.7,2019-11-01 03:21:35
0,2571.354,653.56,2019-11-01 03:31:02
0,2359.804,654.43,2019-11-01 03:40:51
0,2393.936,655.3,2019-11-01 03:50:52
0,2452.216,656.17,2019-11-01 04:00:29
0,2429.219,657.01,2019-11-01 04:10:13
0,2732.123,657.86,2019-11-01 04:19:50
0,2746.477,658.73,2019-11-01 04:29:08
0,2526.316,659.63,2019-11-01 04:39:23
0,2596.294,660.44,2019-11-01 04:48:10
0,2668.861,661.35,2019-11-01 04:58:43
0,2447.572,662.24,2019-11-01 05:08:47
0,2684.534,663.15,2019-11-01 05:18:57
0,2388.203,663.99,2019-11-01 05:28:40
0,2334.902,664.87,2019-11-01 05:38:28
0,2511.035,665.75,2019-11-01 05:48:25
0,2664.106,666.62,2019-11-01 05:58:20
0,2376.105,667.5,2019-11-01 06:07:57
0,2467.235,668.4,2019-11-01 06:18:38
0,2493.131,669.32,2019-11-01 06:29:06
0,2507.768,670.17,2019-11-01 06:38:51
0,2340.938,671.04,2019-11-01 06:48:25
0,2449.049,671.99,2019-11-01 06:58:59
0,2504.46,672.86,2019-11-01 07:09:19
0,2542.632,673.78,2019-11-01 07:19:32
0,2586.761,674.63,2019-11-01 07:29:37
0,2455.317,675.49,2019-11-01 07:39:25
0,2412.128,676.41,2019-11-01 07:49:35
0,2632.642,677.27,2019-11-01 08:00:09
0,2253.077,678.15,2019-11-01 08:10:12
0,2442.721,679.07,2019-11-01 08:20:09
0,2649.996,679.96,2019-11-01 08:29:40
0,2396.591,680.87,2019-11-01 08:40:07
0,2487.092,681.79,2019-11-01 08:50:07
0,2473.616,682.67,2019-11-01 08:59:57
0,2517.238,683.61,2019-11-01 09:11:14
0,2582.028,684.43,2019-11-01 09:21:08
0,2510.891,685.29,2019-11-01 09:30:33
0,2359.92,686.2,2019-11-01 09:40:32
0,2569.195,687.04,2019-11-01 09:50:18
0,2568.017,687.93,2019-11-01 10:01:05
0,2629.87,688.83,2019-11-01 10:11:23
0,2386.576,689.71,2019-11-01 10:21:55
0,2526.195,690.58,2019-11-01 10:31:53
0,2443.455,691.45,2019-11-01 10:42:06
0,2674.751,692.33,2019-11-01 10:52:10
0,2552.223,693.2,2019-11-01 11:01:46
0,2570.501,694.07,2019-11-01 11:11:41
0,2383.425,694.91,2019-11-01 11:21:12
0,2622.517,695.76,2019-11-01 11:31:11
0,2467.945,696.68,2019-11-01 11:46:12
0,2590.631,697.55,2019-11-01 11:57:36
0,2386.863,698.41,2019-11-01 12:22:21
0,2644.613,699.28,2019-11-01 12:35:36
0,2649.066,700.18,2019-11-01 12:59:24
0,2511.643,701.02,2019-11-01 13:19:45
0,2548.383,701.9,2019-11-01 13:48:18
0,2583.297,702.77,2019-11-01 14:00:23
0,2563.822,703.63,2019-11-01 14:11:06
0,2398.283,704.49,2019-11-01 14:20:57
0,2399.906,705.34,2019-11-01 14:31:12
0,2538.68,706.23,2019-11-01 14:41:21
0,2558.911,707.12,2019-11-01 14:51:35
0,2571.615,707.99,2019-11-01 15:00:53
0,2386.427,708.86,2019-11-01 15:13:20
0,2559.975,709.79,2019-11-01 15:23:52
0,2372.69,710.69,2019-11-01 15:34:23
0,2548.737,711.62,2019-11-01 15:45:45
0,2494.968,712.48,2019-11-01 15:57:48
0,2541.369,713.42,2019-11-01 16:08:45
0,2355.282,714.29,2019-11-01 16:18:43
0,2344.837,715.23,2019-11-01 16:29:04
0,2430.304,716.12,2019-11-01 16:38:56
0,2384.123,716.98,2019-11-01 16:48:35
0,2574.892,717.88,2019-11-01 16:59:13
0,2531.892,718.76,2019-11-01 17:08:54
0,2177.956,719.7,2019-11-01 17:19:50
0,2474.949,720.6,2019-11-01 17:32:16
0,2527.591,721.45,2019-11-01 17:40:06
0,2538.624,722.35,2019-11-01 17:48:35
0,2421.045,723.31,2019-11-01 17:57:45
0,2650.321,724.23,2019-11-01 18:06:13
0,2644.044,725.16,2019-11-01 18:14:40
0,2476.413,726.09,2019-11-01 18:23:28
0,2437.347,727.0,2019-11-01 18:31:06
0,2688.181,727.93,2019-11-01 18:39:22
0,2448.888,728.83,2019-11-01 18:47:52
0,2464.502,729.8,2019-11-01 18:56:39
0,2484.212,730.7,2019-11-01 19:05:14
0,2579.142,731.6,2019-11-01 19:13:33
0,2465.466,732.51,2019-11-01 19:21:57
0,2521.764,733.43,2019-11-01 19:30:42
0,2537.816,734.28,2019-11-01 19:39:00
0,2550.705,735.11,2019-11-01 19:46:42
0,2489.118,736.03,2019-11-01 19:55:16
0,2398.844,736.93,2019-11-01 20:03:47
0,2470.981,737.84,2019-11-01 20:12:23
0,2483.982,738.77,2019-11-01 20:21:18
0,2363.829,739.71,2019-11-01 20:30:04
0,2717.408,740.62,2019-11-01 20:38:33
0,2536.014,741.5,2019-11-01 20:46:35
0,2431.848,742.42,2019-11-01 20:55:22
0,2530.235,743.35,2019-11-01 21:03:44
0,2469.43,744.28,2019-11-01 21:12:12
0,2628.195,745.27,2019-11-01 21:21:26
0,2605.367,746.15,2019-11-01 21:28:50
0,2456.917,747.06,2019-11-01 21:37:22
0,2584.18,748.01,2019-11-01 21:46:11
0,2489.537,748.92,2019-11-01 21:54:40
0,2419.463,749.8,2019-11-01 22:02:56
0,2593.589,750.75,2019-11-01 22:11:55
0,2524.465,751.61,2019-11-01 22:19:34
0,2538.32,752.51,2019-11-01 22:27:46
0,2189.45,753.42,2019-11-01 22:36:05
0,2465.709,754.3,2019-11-01 22:44:11
0,2588.783,755.18,2019-11-01 22:52:25
0,2621.119,756.07,2019-11-01 23:00:59
0,2396.002,756.96,2019-11-01 23:09:16
0,2487.564,757.86,2019-11-01 23:18:07
0,2618.205,758.72,2019-11-01 23:25:58
0,2532.902,759.63,2019-11-01 23:34:00
0,2508.505,760.5,2019-11-01 23:42:01
0,2575.024,761.43,2019-11-01 23:50:47
0,2511.548,762.38,2019-11-02 00:00:01
0,2536.112,763.3,2019-11-02 00:08:43
0,2586.791,764.18,2019-11-02 00:17:14
0,2499.434,765.13,2019-11-02 00:25:36
0,2421.693,766.06,2019-11-02 00:34:21
0,2431.017,767.01,2019-11-02 00:43:22
0,2392.328,767.89,2019-11-02 00:51:50
0,2273.719,768.75,2019-11-02 01:01:08
0,2513.68,769.65,2019-11-02 01:09:25
0,2410.252,770.53,2019-11-02 01:17:28
0,2659.609,771.38,2019-11-02 01:25:45
0,2406.065,772.22,2019-11-02 01:33:37
0,2457.542,773.13,2019-11-02 01:42:05
0,2560.905,773.99,2019-11-02 01:50:06
0,2329.156,774.87,2019-11-02 01:58:30
0,2413.111,775.77,2019-11-02 02:06:44
0,2359.783,776.69,2019-11-02 02:15:21
0,2279.163,777.56,2019-11-02 02:23:40
0,2439.657,778.44,2019-11-02 02:31:46
0,2610.911,779.29,2019-11-02 02:40:12
0,2321.389,780.11,2019-11-02 02:47:47
0,2383.996,781.01,2019-11-02 02:56:27
0,2579.16,781.9,2019-11-02 03:05:19
0,2475.854,782.78,2019-11-02 03:13:29
0,2360.666,783.71,2019-11-02 03:21:47
0,2771.471,784.68,2019-11-02 03:31:02
0,2558.29,785.58,2019-11-02 03:39:56
0,2520.918,786.45,2019-11-02 03:47:55
0,2353.517,787.34,2019-11-02 03:56:25
0,2290.205,788.24,2019-11-02 04:05:08
0,2522.109,789.19,2019-11-02 04:13:49
0,2620.753,790.2,2019-11-02 04:22:52
0,2390.704,791.11,2019-11-02 04:31:31
0,2512.796,792.03,2019-11-02 04:40:17
0,2688.97,792.93,2019-11-02 04:48:45
0,2608.369,793.84,2019-11-02 04:57:21
0,2609.405,794.77,2019-11-02 05:05:54
0,2375.482,795.69,2019-11-02 05:14:40
0,2563.576,796.61,2019-11-02 05:23:07
0,2532.605,797.5,2019-11-02 05:31:46
0,2529.964,798.43,2019-11-02 05:40:32
0,2466.303,799.33,2019-11-02 05:49:10
0,2653.098,800.19,2019-11-02 05:57:23
0,2404.262,801.08,2019-11-02 06:05:47
0,2417.977,801.94,2019-11-02 06:14:03
0,2520.897,802.81,2019-11-02 06:22:23
0,2586.562,803.75,2019-11-02 06:31:13
0,2478.354,804.6,2019-11-02 06:39:25
0,2526.61,805.53,2019-11-02 06:47:26
0,2542.917,806.45,2019-11-02 06:56:01
0,2601.588,807.3,2019-11-02 07:04:25
0,2207.531,808.14,2019-11-02 07:12:22
0,2447.629,809.03,2019-11-02 07:20:52
0,2605.276,809.91,2019-11-02 07:29:24
0,2545.543,810.78,2019-11-02 07:38:11
0,2606.837,811.67,2019-11-02 07:46:33
0,2637.511,812.55,2019-11-02 07:54:44
0,2333.236,813.43,2019-11-02 08:02:49
0,2426.394,814.34,2019-11-02 08:10:54
0,2822.675,815.27,2019-11-02 08:19:28
0,2553.361,816.19,2019-11-02 08:28:34
0,2490.41,817.05,2019-11-02 08:36:23
0,2665.709,817.96,2019-11-02 08:45:08
0,2372.326,818.88,2019-11-02 08:54:18
0,2427.306,819.8,2019-11-02 09:02:47
0,2425.772,820.74,2019-11-02 09:11:20
0,2451.465,821.66,2019-11-02 09:20:03
0,2453.925,822.56,2019-11-02 09:28:33
0,2432.467,823.44,2019-11-02 09:36:56
0,2615.321,824.38,2019-11-02 09:46:14
0,2453.749,825.21,2019-11-02 09:54:11
0,2498.411,826.12,2019-11-02 10:02:33
0,2426.649,827.03,2019-11-02 10:11:33
0,2447.682,827.97,2019-11-02 10:20:14
0,2622.516,828.87,2019-11-02 10:28:48
0,2437.532,829.73,2019-11-02 10:37:11
0,2346.921,830.6,2019-11-02 10:45:29
0,2606.527,831.49,2019-11-02 10:53:33
0,2470.139,832.36,2019-11-02 11:01:51
0,2526.744,833.24,2019-11-02 11:10:01
0,2463.662,834.1,2019-11-02 11:17:53
0,2316.933,834.97,2019-11-02 11:26:11
0,2556.122,835.87,2019-11-02 11:34:26
0,2389.895,836.73,2019-11-02 11:41:56
0,2419.389,837.61,2019-11-02 11:50:04
0,2528.875,838.46,2019-11-02 11:58:25
0,2335.462,839.34,2019-11-02 12:06:37
0,2519.822,840.23,2019-11-02 12:15:23
0,2465.571,841.1,2019-11-02 12:23:32
0,2543.433,842.04,2019-11-02 12:31:34
0,2695.772,842.95,2019-11-02 12:40:01
0,2296.086,843.83,2019-11-02 12:48:19
0,2743.04,844.76,2019-11-02 12:57:01
0,2629.995,845.66,2019-11-02 13:05:48
0,2613.079,846.57,2019-11-02 13:14:18
0,2490.133,847.46,2019-11-02 13:22:38
0,2498.251,848.34,2019-11-02 13:31:15
0,2598.638,849.26,2019-11-02 13:40:17
0,2744.622,850.17,2019-11-02 13:48:54
0,2444.459,851.06,2019-11-02 13:57:34
0,2450.273,851.97,2019-11-02 14:06:00
0,2474.779,852.89,2019-11-02 14:14:34
0,2599.418,853.8,2019-11-02 14:23:13
0,2339.056,854.74,2019-11-02 14:31:58
0,2536.017,855.68,2019-11-02 14:40:21
0,2716.303,856.58,2019-11-02 14:48:45
0,2633.823,857.45,2019-11-02 14:57:32
0,2466.161,858.35,2019-11-02 15:06:06
0,2433.725,859.25,2019-11-02 15:14:52
0,2584.298,860.15,2019-11-02 15:23:39
0,2278.211,861.06,2019-11-02 15:32:05
0,2567.43,861.95,2019-11-02 15:40:37
0,2442.428,862.81,2019-11-02 15:49:15
0,2361.875,863.7,2019-11-02 15:57:58
0,2446.787,864.65,2019-11-02 16:06:50
0,2632.028,865.54,2019-11-02 16:15:08
0,2419.411,866.44,2019-11-02 16:24:14
0,2662.083,867.4,2019-11-02 16:33:38
0,2377.861,868.37,2019-11-02 16:42:18
0,2370.613,869.35,2019-11-02 16:51:21
0,2380.238,870.28,2019-11-02 17:00:08
0,2795.7,871.17,2019-11-02 17:08:23
0,2418.514,872.09,2019-11-02 17:16:46
0,2608.36,873.03,2019-11-02 17:25:17
0,2628.147,873.94,2019-11-02 17:35:19
0,2476.271,874.89,2019-11-02 17:44:25
0,2428.876,875.82,2019-11-02 17:53:43
0,2747.685,876.77,2019-11-02 18:02:59
0,2572.571,877.7,2019-11-02 18:11:25
0,2485.663,878.58,2019-11-02 18:20:05
0,2676.825,879.53,2019-11-02 18:29:22
0,2408.554,880.4,2019-11-02 18:37:44
0,2514.838,881.28,2019-11-02 18:46:18
0,2504.477,882.15,2019-11-02 18:54:48
0,2452.324,883.01,2019-11-02 19:03:11
0,2433.619,883.84,2019-11-02 19:11:12
0,2565.817,884.74,2019-11-02 19:19:43
0,2446.535,885.65,2019-11-02 19:28:45
0,2356.489,886.5,2019-11-02 19:36:51
0,2669.634,887.44,2019-11-02 19:45:48
0,2470.625,888.36,2019-11-02 19:54:28
0,2452.73,889.25,2019-11-02 20:02:42
0,2552.642,890.16,2019-11-02 20:11:22
0,2530.948,891.06,2019-11-02 20:19:49
0,2296.928,892.0,2019-11-02 20:28:25
0,2432.046,892.95,2019-11-02 20:37:00
0,2470.32,893.8,2019-11-02 20:45:14
0,2384.338,894.71,2019-11-02 20:53:49
0,2541.327,895.64,2019-11-02 21:02:33
0,2527.856,896.62,2019-11-02 21:12:13
0,2681.778,897.56,2019-11-02 21:21:11
0,2492.245,898.43,2019-11-02 21:29:43
0,2694.383,899.38,2019-11-02 21:39:05
0,2579.089,900.28,2019-11-02 21:48:10
0,2411.906,901.16,2019-11-02 21:56:32
0,2386.526,902.09,2019-11-02 22:05:15
0,2477.615,902.98,2019-11-02 22:14:02
0,2579.93,903.87,2019-11-02 22:22:24
0,2380.404,904.75,2019-11-02 22:31:03
0,2547.302,905.64,2019-11-02 22:39:45
0,2489.142,906.51,2019-11-02 22:48:10
0,2293.36,907.36,2019-11-02 22:56:17
0,2415.127,908.27,2019-11-02 23:04:47
0,2482.1,909.17,2019-11-02 23:13:19
0,2465.022,910.06,2019-11-02 23:22:05
0,2361.462,910.97,2019-11-02 23:30:57
0,2679.262,911.82,2019-11-02 23:39:26
0,2488.121,912.72,2019-11-02 23:47:56
0,2566.48,913.66,2019-11-02 23:56:26
0,2406.173,914.55,2019-11-03 00:04:45
0,2496.963,915.44,2019-11-03 00:13:18
0,2435.713,916.33,2019-11-03 00:21:31
0,2530.119,917.2,2019-11-03 00:29:47
0,2431.762,918.1,2019-11-03 00:38:27
0,2425.673,919.01,2019-11-03 00:46:54
0,2292.164,919.93,2019-11-03 00:55:34
0,2508.654,920.81,2019-11-03 01:04:09
0,2250.944,921.66,2019-11-03 01:12:17
0,2459.611,922.62,2019-11-03 01:20:45
0,2360.952,923.53,2019-11-03 01:30:02
0,2493.957,924.46,2019-11-03 01:38:55
0,2569.881,925.43,2019-11-03 01:48:49
0,2612.807,926.34,2019-11-03 01:58:00
0,2387.642,927.22,2019-11-03 02:06:24
0,2478.439,928.13,2019-11-03 02:15:17
0,2487.033,929.05,2019-11-03 02:24:07
0,2503.637,929.9,2019-11-03 02:32:39
0,2349.425,930.77,2019-11-03 02:41:38
0,2392.291,931.66,2019-11-03 02:50:35
0,2538.223,932.51,2019-11-03 02:58:52
0,2325.232,933.43,2019-11-03 03:07:04
0,2512.884,934.27,2019-11-03 03:15:38
0,2408.281,935.18,2019-11-03 03:24:21
0,2610.435,936.11,2019-11-03 03:32:51
0,2539.199,936.99,2019-11-03 03:41:29
0,2612.937,937.91,2019-11-03 03:50:33
0,2795.404,938.83,2019-11-03 03:59:04
0,2379.751,939.74,2019-11-03 04:07:42
0,2496.107,940.67,2019-11-03 04:16:10
0,2825.939,941.59,2019-11-03 04:25:30
0,2615.446,942.49,2019-11-03 04:34:29
0,2437.247,943.41,2019-11-03 04:43:19
0,2662.45,944.33,2019-11-03 04:52:11
0,2389.525,945.3,2019-11-03 05:01:57
0,2351.16,946.21,2019-11-03 05:10:33
0,2445.247,947.23,2019-11-03 05:20:16
0,2507.956,948.13,2019-11-03 05:28:55
0,2442.096,948.98,2019-11-03 05:37:06
0,2503.174,949.91,2019-11-03 05:46:01
0,2508.22,950.86,2019-11-03 05:54:40
0,2515.209,951.79,2019-11-03 06:03:28
0,2418.495,952.69,2019-11-03 06:12:14
0,2539.861,953.65,2019-11-03 06:20:51
0,2629.137,954.62,2019-11-03 06:29:52
0,2468.947,955.51,2019-11-03 06:38:15
0,2368.603,956.47,2019-11-03 06:47:12
0,2584.697,957.41,2019-11-03 06:56:18
0,2530.665,958.37,2019-11-03 07:04:39
0,2531.755,959.31,2019-11-03 07:13:21
0,2668.526,960.19,2019-11-03 07:22:16
0,2447.073,961.15,2019-11-03 07:31:05
0,2569.097,962.08,2019-11-03 07:39:37
0,2186.631,962.97,2019-11-03 07:49:15
0,2581.457,963.97,2019-11-03 07:58:37
0,2567.868,964.93,2019-11-03 08:07:26
0,2495.745,965.87,2019-11-03 08:16:18
0,2546.088,966.76,2019-11-03 08:25:00
0,2467.468,967.69,2019-11-03 08:33:43
0,2586.006,968.65,2019-11-03 08:42:40
0,2686.3,969.53,2019-11-03 08:51:15
0,2518.025,970.45,2019-11-03 08:59:57
0,2551.179,971.39,2019-11-03 09:09:01
0,2451.515,972.3,2019-11-03 09:17:42
0,2505.15,973.23,2019-11-03 09:26:23
0,2528.333,974.13,2019-11-03 09:35:08
0,2407.735,974.99,2019-11-03 09:43:32
0,2437.627,975.92,2019-11-03 09:51:52
0,2522.988,976.77,2019-11-03 10:00:13
0,2441.915,977.65,2019-11-03 10:08:38
0,2503.45,978.55,2019-11-03 10:17:07
0,2470.031,979.46,2019-11-03 10:26:18
0,2488.961,980.41,2019-11-03 10:35:35
0,2413.212,981.36,2019-11-03 10:45:01
0,2590.547,982.29,2019-11-03 10:54:49
0,2614.931,983.26,2019-11-03 11:04:37
0,2512.706,984.2,2019-11-03 11:13:47
0,2592.47,985.09,2019-11-03 11:22:17
0,2679.701,986.0,2019-11-03 11:33:01
0,2549.115,986.88,2019-11-03 11:41:29
0,2448.757,987.78,2019-11-03 11:50:04
0,2631.151,988.66,2019-11-03 11:58:36
0,2533.155,989.54,2019-11-03 12:07:07
0,2434.282,990.41,2019-11-03 12:15:38
0,2618.027,991.3,2019-11-03 12:24:09
0,2497.287,992.2,2019-11-03 12:32:33
0,2404.907,993.13,2019-11-03 12:41:12
0,2359.452,994.03,2019-11-03 12:49:52
0,2578.594,994.92,2019-11-03 12:58:11
0,2523.86,995.8,2019-11-03 13:06:33
0,2542.989,996.72,2019-11-03 13:15:24
0,2391.789,997.55,2019-11-03 13:23:02
0,2348.53,998.41,2019-11-03 13:31:24
0,2361.34,999.3,2019-11-03 13:39:50
0,2636.902,1000.19,2019-11-03 13:48:17
0,2484.514,1001.09,2019-11-03 13:56:47
0,2357.603,1001.98,2019-11-03 14:05:37
0,2370.844,1002.87,2019-11-03 14:14:14
0,2502.276,1003.8,2019-11-03 14:23:25
0,2500.822,1004.69,2019-11-03 14:31:56
0,2622.103,1005.6,2019-11-03 14:40:25
0,2600.229,1006.51,2019-11-03 14:49:12
0,2462.956,1007.43,2019-11-03 14:57:53
0,2455.46,1008.28,2019-11-03 15:06:21
0,2588.592,1009.23,2019-11-03 15:15:32
0,2527.75,1010.18,2019-11-03 15:24:51
0,2381.994,1011.13,2019-11-03 15:33:35
0,2566.565,1012.09,2019-11-03 15:42:55
0,2374.151,1013.04,2019-11-03 15:51:58
0,2448.54,1014.03,2019-11-03 16:01:12
0,2462.167,1014.98,2019-11-03 16:10:56
0,2664.593,1015.94,2019-11-03 16:20:25
0,2293.17,1016.81,2019-11-03 16:29:00
0,2364.708,1017.67,2019-11-03 16:37:24
0,2581.989,1018.53,2019-11-03 16:45:47
0,2528.13,1019.42,2019-11-03 16:54:13
0,2617.102,1020.33,2019-11-03 17:03:18
0,2666.143,1021.25,2019-11-03 17:11:42
0,2480.276,1022.15,2019-11-03 17:20:10
0,2504.978,1023.0,2019-11-03 17:28:26
0,2581.529,1023.92,2019-11-03 17:37:25
0,2401.121,1024.83,2019-11-03 17:46:00
0,2387.331,1025.77,2019-11-03 17:54:59
0,2652.005,1026.69,2019-11-03 18:03:52
0,2352.382,1027.62,2019-11-03 18:12:51
0,2426.722,1028.52,2019-11-03 18:21:21
0,2488.795,1029.45,2019-11-03 18:30:04
0,2501.196,1030.37,2019-11-03 18:38:53
0,2392.506,1031.24,2019-11-03 18:46:55
0,2366.592,1032.16,2019-11-03 18:55:40
0,2600.528,1033.09,2019-11-03 19:04:14
0,2445.121,1033.99,2019-11-03 19:12:42
0,2363.086,1034.9,2019-11-03 19:21:43
0,2460.985,1035.82,2019-11-03 19:30:31
0,2539.18,1036.78,2019-11-03 19:39:34
0,2476.879,1037.73,2019-11-03 19:48:49
0,2753.36,1038.66,2019-11-03 19:57:25
0,2674.115,1039.58,2019-11-03 20:06:39
0,2776.983,1040.49,2019-11-03 20:15:25
0,2418.287,1041.42,2019-11-03 20:24:19
0,2628.337,1042.38,2019-11-03 20:33:22
0,2552.644,1043.33,2019-11-03 20:42:56
0,2573.859,1044.31,2019-11-03 20:52:47
0,2610.388,1045.3,2019-11-03 21:02:16
0,2413.763,1046.23,2019-11-03 21:11:20
0,2664.389,1047.13,2019-11-03 21:20:07
0,2350.042,1048.04,2019-11-03 21:29:45
0,2546.833,1048.97,2019-11-03 21:38:29
0,2507.761,1049.85,2019-11-03 21:46:58
0,2573.935,1050.75,2019-11-03 21:56:20
0,2315.208,1051.69,2019-11-03 22:05:38
0,2416.843,1052.67,2019-11-03 22:15:16
0,2585.267,1053.63,2019-11-03 22:24:38
0,2350.489,1054.57,2019-11-03 22:33:47
0,2502.537,1055.49,2019-11-03 22:42:21
0,2544.683,1056.36,2019-11-03 22:51:12
0,2775.806,1057.22,2019-11-03 22:59:40
0,2298.689,1058.12,2019-11-03 23:08:35
0,2477.881,1059.01,2019-11-03 23:18:14
0,2354.024,1059.95,2019-11-03 23:27:18
0,2305.436,1060.83,2019-11-03 23:35:27
0,2536.39,1061.77,2019-11-03 23:43:57
0,2464.794,1062.7,2019-11-03 23:52:46
0,2586.537,1063.63,2019-11-04 00:01:14
0,2282.239,1064.57,2019-11-04 00:10:08
0,2488.267,1065.46,2019-11-04 00:18:29
0,2274.459,1066.33,2019-11-04 00:27:00
0,2393.866,1067.2,2019-11-04 00:35:24
0,2414.831,1068.06,2019-11-04 00:43:44
0,2449.537,1068.96,2019-11-04 00:52:19
0,2575.488,1069.88,2019-11-04 01:01:31
0,2494.271,1070.82,2019-11-04 01:10:39
0,2526.125,1071.74,2019-11-04 01:19:45
0,2443.18,1072.68,2019-11-04 01:29:09
0,2451.407,1073.57,2019-11-04 01:38:03
0,2738.982,1074.47,2019-11-04 01:46:53
0,2613.872,1075.37,2019-11-04 01:55:41
0,2452.373,1076.29,2019-11-04 02:05:01
0,2618.165,1077.24,2019-11-04 02:13:42
0,2448.819,1078.17,2019-11-04 02:23:16
0,2569.925,1079.1,2019-11-04 02:32:16
0,2444.965,1080.04,2019-11-04 02:42:03
0,2402.801,1080.96,2019-11-04 02:51:27
0,2530.549,1081.92,2019-11-04 03:01:02
0,2625.691,1082.86,2019-11-04 03:10:13
0,2536.033,1083.78,2019-11-04 03:19:25
0,2362.387,1084.75,2019-11-04 03:29:32
0,2739.69,1085.63,2019-11-04 03:38:09
0,2404.261,1086.54,2019-11-04 03:46:49
0,2547.15,1087.46,2019-11-04 03:55:17
0,2420.249,1088.38,2019-11-04 04:04:25
0,2756.38,1089.31,2019-11-04 04:13:04
0,2395.113,1090.15,2019-11-04 04:21:06
0,2292.459,1091.07,2019-11-04 04:29:51
0,2552.751,1091.97,2019-11-04 04:39:05
0,2379.386,1092.84,2019-11-04 04:47:51
0,2461.01,1093.77,2019-11-04 04:56:57
0,2561.66,1094.63,2019-11-04 05:05:24
0,2528.518,1095.52,2019-11-04 05:14:21
0,2369.233,1096.39,2019-11-04 05:22:44
0,2665.869,1097.36,2019-11-04 05:32:39
0,2611.911,1098.37,2019-11-04 05:43:12
0,2382.649,1099.23,2019-11-04 05:51:58
0,2540.914,1100.18,2019-11-04 06:01:33
0,2499.405,1101.14,2019-11-04 06:11:12
0,2653.484,1102.07,2019-11-04 06:20:23
0,2514.072,1102.98,2019-11-04 06:29:55
0,2699.118,1103.96,2019-11-04 06:40:06
0,2468.452,1104.85,2019-11-04 06:49:10
0,2392.414,1105.83,2019-11-04 06:58:31
0,2545.531,1106.8,2019-11-04 07:08:34
0,2461.475,1107.72,2019-11-04 07:17:25
0,2579.024,1108.64,2019-11-04 07:26:20
0,2396.068,1109.52,2019-11-04 07:34:54
0,2456.061,1110.46,2019-11-04 07:44:43
0,2640.675,1111.36,2019-11-04 07:53:25
0,2602.196,1112.27,2019-11-04 08:02:15
0,2415.382,1113.18,2019-11-04 08:11:04
0,2574.348,1114.04,2019-11-04 08:19:29
0,2454.406,1114.93,2019-11-04 08:28:36
0,2438.177,1115.77,2019-11-04 08:37:06
0,2285.337,1116.66,2019-11-04 08:46:27
0,2530.654,1117.55,2019-11-04 08:55:18
0,2468.936,1118.46,2019-11-04 09:04:21
0,2450.19,1119.33,2019-11-04 09:12:53
0,2512.574,1120.23,2019-11-04 09:21:23
0,2632.847,1121.14,2019-11-04 09:30:19
0,2487.196,1122.09,2019-11-04 09:39:08
0,2576.045,1123.06,2019-11-04 09:48:32
0,2512.813,1123.97,2019-11-04 09:57:12
0,2415.885,1124.86,2019-11-04 10:06:06
0,2466.307,1125.8,2019-11-04 10:15:20
0,2541.865,1126.63,2019-11-04 10:23:45
0,2453.611,1127.57,2019-11-04 10:33:09
0,2530.922,1128.51,2019-11-04 10:42:31
0,2585.591,1129.35,2019-11-04 10:51:02
0,2292.427,1130.23,2019-11-04 10:59:39
0,2365.997,1131.22,2019-11-04 11:09:52
0,2651.472,1132.14,2019-11-04 11:18:38
0,2390.391,1133.08,2019-11-04 11:28:00
0,2683.369,1134.03,2019-11-04 11:36:43
0,2538.378,1134.99,2019-11-04 11:45:49
0,2537.897,1135.88,2019-11-04 11:54:39
0,2456.182,1136.76,2019-11-04 12:03:12
0,2681.739,1137.7,2019-11-04 12:12:16
0,2676.084,1138.62,2019-11-04 12:21:28
0,2665.511,1139.57,2019-11-04 12:30:55
0,2437.307,1140.45,2019-11-04 12:39:34
0,2712.791,1141.4,2019-11-04 12:48:50
0,2473.277,1142.29,2019-11-04 12:57:34
0,2510.205,1143.19,2019-11-04 13:06:13
0,2471.239,1144.1,2019-11-04 13:16:55
0,2323.684,1145.01,2019-11-04 13:25:22
0,2598.371,1145.92,2019-11-04 13:34:09
0,2502.577,1146.82,2019-11-04 13:42:52
0,2357.034,1147.7,2019-11-04 13:51:45
0,2433.426,1148.64,2019-11-04 14:00:36
0,2546.968,1149.63,2019-11-04 14:10:33
0,2338.154,1150.55,2019-11-04 14:19:41
0,2501.512,1151.52,2019-11-04 14:29:24
0,2571.765,1152.46,2019-11-04 14:38:01
0,2430.48,1153.42,2019-11-04 14:47:24
0,2405.94,1154.36,2019-11-04 14:56:53
0,2394.806,1155.29,2019-11-04 15:05:51
0,2483.529,1156.31,2019-11-04 15:15:44
0,2456.664,1157.22,2019-11-04 15:24:38
0,2419.761,1158.18,2019-11-04 15:34:01
0,2606.495,1159.09,2019-11-04 15:43:34
0,2571.703,1159.97,2019-11-04 15:52:24
0,2371.262,1160.86,2019-11-04 16:01:21
0,2317.86,1161.74,2019-11-04 16:10:34
0,2434.102,1162.6,2019-11-04 16:19:02
0,2525.335,1163.49,2019-11-04 16:27:52
0,2446.991,1164.39,2019-11-04 16:36:17
0,2500.252,1165.34,2019-11-04 16:45:39
0,2535.231,1166.29,2019-11-04 16:54:33
0,2703.835,1167.26,2019-11-04 17:04:09
0,2582.115,1168.24,2019-11-04 17:13:56
0,2759.323,1169.2,2019-11-04 17:23:42
0,2491.209,1170.13,2019-11-04 17:33:16
0,2525.738,1170.99,2019-11-04 17:41:51
0,2456.26,1171.9,2019-11-04 17:50:47
0,2307.42,1172.83,2019-11-04 17:59:20
0,2423.427,1173.73,2019-11-04 18:08:11
0,2347.24,1174.61,2019-11-04 18:16:56
0,2312.716,1175.53,2019-11-04 18:25:25
0,2617.561,1176.46,2019-11-04 18:34:18
0,2577.494,1177.35,2019-11-04 18:42:47
0,2541.53,1178.27,2019-11-04 18:52:05
0,2481.326,1179.19,2019-11-04 19:01:35
0,2376.993,1180.15,2019-11-04 19:11:04
0,2479.117,1181.08,2019-11-04 19:19:46
0,2545.955,1182.0,2019-11-04 19:28:31
0,2471.925,1182.89,2019-11-04 19:36:57
0,2554.111,1183.83,2019-11-04 19:46:04
0,2308.9,1184.71,2019-11-04 19:54:31
0,2646.566,1185.59,2019-11-04 20:02:55
0,2489.571,1186.49,2019-11-04 20:11:37
0,2489.718,1187.44,2019-11-04 20:20:45
0,2409.249,1188.32,2019-11-04 20:29:20
0,2548.463,1189.28,2019-11-04 20:38:28
0,2445.991,1190.16,2019-11-04 20:46:59
0,2514.482,1191.07,2019-11-04 20:55:55
0,2509.292,1192.02,2019-11-04 21:05:31
0,2379.662,1192.88,2019-11-04 21:14:23
0,2481.66,1193.88,2019-11-04 21:23:56
0,2501.197,1194.82,2019-11-04 21:33:25
0,2592.498,1195.77,2019-11-04 21:43:05
0,2435.087,1196.71,2019-11-04 21:52:12
0,2665.271,1197.64,2019-11-04 22:01:51
0,2407.989,1198.57,2019-11-04 22:10:53
0,2423.233,1199.45,2019-11-04 22:19:51
0,2540.446,1200.01,2019-11-04 22:35:42
