compl_time,cycles,log_time,m_error,m_error_loc,m_error_mesh,press_itr,time_step
0.04,1,2019-10-28 17:04:19,0.0053,"[4.0, -11.8, 3.6]",18,1,0.0357
0.07,2,2019-10-28 17:04:22,0.0023,"[4.6, -12.6, 3.4]",19,1,0.0357
0.11,3,2019-10-28 17:04:25,0.0036,"[6.2, -14.2, 1.4]",18,1,0.0357
0.14,4,2019-10-28 17:04:29,0.0033,"[4.0, -11.8, 3.4]",19,1,0.0357
0.18,5,2019-10-28 17:04:32,0.0024,"[4.6, -12.6, 3.4]",19,1,0.0357
0.21,6,2019-10-28 17:04:35,0.0018,"[4.6, -12.6, 3.6]",18,1,0.0357
0.25,7,2019-10-28 17:04:39,0.0013,"[6.2, -14.2, 5.2]",19,1,0.0357
0.29,8,2019-10-28 17:04:42,0.001,"[6.2, -14.2, 5.2]",19,1,0.0357
0.32,9,2019-10-28 17:04:45,0.00077,"[4.4, -12.2, 3.6]",18,1,0.0357
0.36,10,2019-10-28 17:04:49,0.00066,"[4.6, -12.6, 3.6]",18,1,0.0357
0.71,20,2019-10-28 17:05:21,0.0034,"[35.8, -9.5, 3.1]",1,1,0.0357
1.07,30,2019-10-28 17:05:54,0.00041,"[35.8, -9.4, 3.0]",1,1,0.0357
1.43,40,2019-10-28 17:06:28,0.003,"[35.8, -9.5, 3.1]",1,1,0.0357
1.79,50,2019-10-28 17:07:00,0.00062,"[35.8, -9.5, 3.1]",1,1,0.0357
2.14,60,2019-10-28 17:08:30,0.00071,"[35.8, -9.5, 3.1]",1,1,0.0357
2.5,70,2019-10-28 17:09:03,0.00019,"[52.8, -25.8, 3.2]",15,1,0.0357
2.86,80,2019-10-28 17:13:49,8.2e-05,"[6.4, -15.6, 7.2]",21,1,0.0357
3.21,90,2019-10-28 17:14:22,0.00016,"[35.8, -9.5, 3.1]",1,1,0.0357
3.57,100,2019-10-28 17:14:55,0.00015,"[35.8, -9.5, 6.3]",1,1,0.0357
7.14,200,2019-10-28 17:20:27,0.021,"[35.9, -9.6, 6.3]",1,1,0.0357
10.71,300,2019-10-28 17:25:58,0.011,"[35.9, -9.5, 6.3]",1,1,0.0357
14.29,400,2019-10-28 17:31:31,0.011,"[35.9, -9.5, 6.3]",1,1,0.0357
17.86,500,2019-10-28 17:37:01,0.0076,"[35.9, -9.7, 6.3]",1,1,0.0357
21.43,600,2019-10-28 17:42:32,0.011,"[35.9, -9.4, 6.3]",1,1,0.0357
25.0,700,2019-10-28 17:48:05,0.0058,"[35.7, -9.6, 6.3]",1,1,0.0357
28.57,800,2019-10-28 17:53:35,0.011,"[35.8, -9.6, 6.3]",1,1,0.0357
31.92,900,2019-10-28 17:59:26,0.022,"[35.7, -9.4, 6.3]",1,1,0.0311
34.61,1000,2019-10-28 18:05:05,0.03,"[35.7, -9.6, 6.3]",1,1,0.0307
37.5,1100,2019-10-28 18:10:46,0.015,"[35.7, -9.7, 6.3]",1,1,0.0248
40.45,1200,2019-10-28 18:16:24,0.04,"[35.9, -9.6, 6.3]",1,1,0.0278
43.24,1300,2019-10-28 18:22:04,0.014,"[36.0, -9.4, 6.3]",1,1,0.0315
45.98,1400,2019-10-28 18:27:43,0.03,"[35.9, -9.6, 6.3]",1,1,0.0254
48.39,1500,2019-10-28 18:33:25,0.031,"[35.7, -9.4, 6.3]",1,1,0.0213
50.54,1600,2019-10-28 18:39:05,0.012,"[35.7, -9.6, 6.3]",1,2,0.0234
52.86,1700,2019-10-28 18:44:56,0.027,"[35.7, -9.3, 6.3]",1,1,0.0202
55.05,1800,2019-10-28 18:50:37,0.031,"[36.0, -9.5, 6.3]",1,1,0.024
57.25,1900,2019-10-28 18:56:24,0.029,"[35.8, -9.5, 6.3]",1,1,0.0202
59.4,2000,2019-10-28 19:02:07,0.032,"[35.8, -9.5, 3.1]",1,2,0.0215
61.34,2100,2019-10-28 19:08:13,0.023,"[35.7, -9.7, 6.3]",1,1,0.0199
63.34,2200,2019-10-28 19:15:00,0.036,"[35.9, -9.5, 3.1]",1,1,0.0204
65.24,2300,2019-10-28 19:20:50,0.032,"[36.3, -9.5, 6.5]",1,1,0.0187
67.05,2400,2019-10-28 19:26:39,0.041,"[35.8, -9.5, 3.1]",1,1,0.02
68.87,2500,2019-10-28 19:32:23,0.033,"[35.8, -9.2, 6.3]",1,1,0.0185
70.73,2600,2019-10-28 19:38:11,0.027,"[35.7, -9.7, 6.3]",1,1,0.019
72.7,2700,2019-10-28 19:43:54,0.016,"[35.9, -9.6, 3.1]",1,2,0.0202
74.61,2800,2019-10-28 19:51:18,0.025,"[35.7, -9.5, 3.1]",1,2,0.0167
76.22,2900,2019-10-28 19:57:10,0.023,"[35.7, -9.4, 3.1]",1,1,0.0151
77.84,3000,2019-10-28 20:03:00,0.012,"[36.1, -9.1, 6.5]",1,2,0.0176
79.48,3100,2019-10-28 20:08:57,0.011,"[35.8, -9.5, 3.1]",1,2,0.0178
81.06,3200,2019-10-28 20:14:49,0.011,"[35.8, -9.5, 3.1]",1,2,0.0161
82.65,3300,2019-10-28 20:20:39,0.031,"[35.7, -9.4, 3.1]",1,2,0.0169
84.43,3400,2019-10-28 20:26:35,0.049,"[35.7, -9.5, 3.1]",1,2,0.0161
86.01,3500,2019-10-28 20:32:28,0.023,"[35.7, -9.4, 3.1]",1,2,0.0168
87.63,3600,2019-10-28 20:38:23,0.03,"[35.7, -9.3, 6.3]",1,1,0.0147
89.17,3700,2019-10-28 20:44:11,0.013,"[35.7, -9.7, 6.3]",1,2,0.0152
90.7,3800,2019-10-28 20:50:21,0.046,"[35.7, -9.3, 6.3]",1,1,0.0158
92.22,3900,2019-10-28 20:56:10,0.034,"[35.9, -9.5, 3.1]",1,2,0.0145
93.58,4000,2019-10-28 21:02:05,0.0099,"[35.9, -9.6, 3.1]",1,2,0.0152
94.95,4100,2019-10-28 21:07:52,0.016,"[35.9, -9.6, 3.1]",1,2,0.0128
96.35,4200,2019-10-28 21:13:40,0.037,"[35.8, -9.7, 3.1]",1,2,0.0133
97.75,4300,2019-10-28 21:19:28,0.013,"[35.9, -9.6, 3.1]",1,2,0.0153
99.22,4400,2019-10-28 21:25:19,0.013,"[35.9, -9.6, 3.1]",1,2,0.0149
100.58,4500,2019-10-28 21:31:10,0.01,"[35.8, -9.7, 6.3]",1,2,0.0147
102.07,4600,2019-10-28 21:36:56,0.013,"[36.0, -9.8, 6.3]",1,2,0.0127
103.45,4700,2019-10-28 21:42:44,0.022,"[35.7, -9.7, 3.1]",1,2,0.0133
104.85,4800,2019-10-28 21:48:35,0.011,"[35.9, -9.6, 3.1]",1,2,0.0129
106.14,4900,2019-10-28 21:54:29,0.032,"[35.8, -9.6, 3.1]",1,2,0.0148
107.46,5000,2019-10-28 22:00:20,0.015,"[35.7, -9.3, 6.3]",1,2,0.0136
108.73,5100,2019-10-28 22:06:12,0.023,"[35.9, -9.6, 3.1]",1,2,0.0129
109.97,5200,2019-10-28 22:12:03,0.011,"[35.7, -9.6, 3.1]",1,3,0.0137
111.33,5300,2019-10-28 22:17:58,0.015,"[35.8, -9.6, 3.1]",1,2,0.0126
112.59,5400,2019-10-28 22:23:51,0.033,"[35.7, -9.4, 3.1]",1,2,0.0132
113.86,5500,2019-10-28 22:29:42,0.014,"[35.7, -9.6, 6.3]",1,2,0.0126
115.1,5600,2019-10-28 22:35:32,0.03,"[35.7, -9.6, 3.1]",1,2,0.0136
116.37,5700,2019-10-28 22:41:25,0.014,"[35.9, -9.5, 3.1]",1,2,0.0133
117.69,5800,2019-10-28 22:47:16,0.015,"[35.7, -9.4, 6.4]",1,2,0.0139
118.89,5900,2019-10-28 22:53:13,0.016,"[35.7, -9.7, 3.1]",1,2,0.0119
120.1,6000,2019-10-28 22:59:17,0.024,"[36.0, -9.5, 3.1]",1,2,0.0111
121.31,6100,2019-10-28 23:05:11,0.02,"[36.0, -9.5, 3.1]",1,2,0.013
122.48,6200,2019-10-28 23:11:04,0.024,"[35.7, -9.4, 3.1]",1,2,0.0119
123.72,6300,2019-10-28 23:16:58,0.02,"[35.8, -9.5, 6.3]",1,2,0.0113
124.94,6400,2019-10-28 23:22:58,0.038,"[36.3, -9.6, 6.5]",1,1,0.0117
126.1,6500,2019-10-28 23:28:50,0.024,"[36.0, -9.4, 6.3]",1,2,0.0119
127.29,6600,2019-10-28 23:34:43,0.026,"[35.9, -9.4, 3.1]",1,2,0.0113
128.51,6700,2019-10-28 23:40:40,0.034,"[35.9, -9.4, 3.1]",1,2,0.0122
129.63,6800,2019-10-28 23:46:31,0.016,"[35.7, -9.5, 6.3]",1,2,0.0105
130.81,6900,2019-10-28 23:52:23,0.015,"[35.9, -9.2, 6.3]",1,2,0.0134
132.02,7000,2019-10-28 23:58:21,0.018,"[35.9, -9.6, 6.3]",1,2,0.0115
133.25,7100,2019-10-29 00:04:12,0.02,"[36.0, -10.0, 6.4]",1,2,0.0145
134.4,7200,2019-10-29 00:10:02,0.039,"[35.9, -9.1, 6.3]",1,1,0.0118
135.48,7300,2019-10-29 00:15:57,0.02,"[35.7, -9.3, 3.1]",1,2,0.0122
136.71,7400,2019-10-29 00:21:50,0.024,"[35.9, -9.5, 3.1]",1,2,0.012
137.83,7500,2019-10-29 00:27:40,0.027,"[35.9, -9.5, 3.1]",1,2,0.00859
138.86,7600,2019-10-29 00:33:32,0.014,"[35.7, -9.4, 6.4]",1,2,0.00953
140.01,7700,2019-10-29 00:39:26,0.026,"[35.8, -9.6, 3.1]",1,2,0.0121
141.16,7800,2019-10-29 00:45:22,0.016,"[35.7, -9.4, 6.3]",1,2,0.00989
142.29,7900,2019-10-29 00:51:16,0.038,"[36.0, -9.5, 3.1]",1,2,0.0112
143.4,8000,2019-10-29 00:57:10,0.02,"[36.0, -9.4, 6.3]",1,2,0.0107
144.53,8100,2019-10-29 01:03:03,0.013,"[36.0, -9.6, 6.3]",1,2,0.0114
145.76,8200,2019-10-29 01:08:55,0.024,"[35.7, -9.5, 6.3]",1,2,0.0121
146.88,8300,2019-10-29 01:14:51,0.02,"[35.7, -9.7, 3.1]",1,2,0.0117
147.94,8400,2019-10-29 01:20:49,0.023,"[35.7, -9.4, 3.1]",1,2,0.0108
148.96,8500,2019-10-29 01:26:44,0.027,"[35.8, -9.4, 3.1]",1,2,0.0112
150.08,8600,2019-10-29 01:32:58,0.016,"[36.1, -9.5, 6.5]",1,2,0.0118
151.24,8700,2019-10-29 01:38:50,0.03,"[35.7, -9.4, 6.3]",1,2,0.0104
152.27,8800,2019-10-29 01:44:47,0.017,"[35.7, -9.4, 3.1]",1,2,0.0108
153.31,8900,2019-10-29 01:50:42,0.018,"[35.7, -9.4, 3.1]",1,2,0.0114
154.39,9000,2019-10-29 01:56:38,0.023,"[35.8, -9.6, 6.3]",1,2,0.0117
155.5,9100,2019-10-29 02:02:33,0.027,"[36.0, -9.4, 3.1]",1,2,0.0104
156.56,9200,2019-10-29 02:08:29,0.021,"[36.0, -9.4, 6.4]",1,2,0.0124
157.66,9300,2019-10-29 02:14:24,0.027,"[36.0, -9.5, 3.1]",1,2,0.0107
158.69,9400,2019-10-29 02:20:21,0.013,"[36.0, -9.7, 3.1]",1,2,0.012
159.8,9500,2019-10-29 02:26:13,0.048,"[36.0, -9.6, 6.3]",1,1,0.0114
160.91,9600,2019-10-29 02:32:09,0.022,"[36.0, -9.7, 6.3]",1,2,0.0111
161.95,9700,2019-10-29 02:38:06,0.04,"[35.7, -9.7, 6.3]",1,1,0.0104
163.0,9800,2019-10-29 02:44:04,0.019,"[36.0, -9.3, 3.1]",1,2,0.00984
164.04,9900,2019-10-29 02:49:59,0.02,"[36.0, -9.6, 3.1]",1,2,0.0114
165.1,10000,2019-10-29 02:55:56,0.022,"[36.0, -9.6, 3.1]",1,2,0.0098
166.11,10100,2019-10-29 03:01:54,0.024,"[35.8, -9.3, 3.1]",1,2,0.00887
167.15,10200,2019-10-29 03:07:50,0.0098,"[35.7, -9.6, 6.3]",1,2,0.0101
168.12,10300,2019-10-29 03:13:52,0.019,"[36.1, -9.3, 6.5]",1,2,0.0113
169.17,10400,2019-10-29 03:19:48,0.018,"[35.6, -9.7, 3.1]",1,2,0.0119
170.18,10500,2019-10-29 03:25:45,0.016,"[35.5, -9.3, 6.5]",1,2,0.0104
171.27,10600,2019-10-29 03:31:42,0.014,"[36.0, -9.5, 6.3]",1,2,0.0111
172.32,10700,2019-10-29 03:37:42,0.021,"[36.0, -9.8, 6.3]",1,2,0.00893
173.38,10800,2019-10-29 03:43:40,0.022,"[36.0, -9.7, 3.1]",1,2,0.0112
174.47,10900,2019-10-29 03:49:37,0.021,"[35.7, -9.4, 6.3]",1,2,0.0109
175.52,11000,2019-10-29 03:55:34,0.015,"[35.7, -9.5, 6.3]",1,2,0.0104
176.55,11100,2019-10-29 04:01:32,0.018,"[35.6, -9.3, 3.1]",1,2,0.00976
177.51,11200,2019-10-29 04:07:27,0.024,"[35.9, -9.5, 6.3]",1,2,0.00936
178.46,11300,2019-10-29 04:13:25,0.02,"[36.2, -9.8, 3.1]",1,2,0.011
179.48,11400,2019-10-29 04:19:23,0.013,"[36.0, -9.3, 3.1]",1,2,0.00935
180.48,11500,2019-10-29 04:25:42,0.03,"[35.7, -9.9, 3.1]",1,2,0.00934
181.45,11600,2019-10-29 04:31:40,0.024,"[35.7, -9.8, 6.3]",1,2,0.00794
182.47,11700,2019-10-29 04:37:40,0.02,"[36.0, -9.4, 6.3]",1,2,0.0101
183.46,11800,2019-10-29 04:43:38,0.023,"[36.0, -9.6, 6.4]",1,2,0.00871
184.5,11900,2019-10-29 04:49:36,0.027,"[36.3, -9.6, 6.5]",1,2,0.0101
185.51,12000,2019-10-29 04:55:35,0.018,"[35.9, -9.4, 6.3]",1,2,0.00896
186.49,12100,2019-10-29 05:01:36,0.026,"[35.7, -9.5, 6.3]",1,2,0.00914
187.51,12200,2019-10-29 05:09:13,0.021,"[35.6, -9.8, 3.1]",1,2,0.0105
188.53,12300,2019-10-29 05:16:06,0.022,"[35.6, -9.7, 3.1]",1,2,0.0103
189.53,12400,2019-10-29 05:22:05,0.024,"[35.6, -9.6, 3.1]",1,2,0.00979
190.49,12500,2019-10-29 05:28:06,0.026,"[36.1, -9.8, 3.1]",1,2,0.0102
191.45,12600,2019-10-29 05:34:05,0.019,"[35.5, -9.7, 3.1]",1,2,0.00986
192.42,12700,2019-10-29 05:40:06,0.028,"[35.7, -9.3, 6.4]",1,2,0.011
193.42,12800,2019-10-29 05:46:08,0.021,"[35.7, -9.7, 6.3]",1,2,0.0105
194.42,12900,2019-10-29 05:52:06,0.022,"[35.5, -9.2, 3.1]",1,2,0.0116
195.41,13000,2019-10-29 05:58:05,0.031,"[35.5, -9.4, 3.1]",1,2,0.0109
196.46,13100,2019-10-29 06:04:05,0.035,"[35.6, -9.9, 3.1]",1,2,0.0103
197.39,13200,2019-10-29 06:10:07,0.017,"[35.5, -9.8, 3.1]",1,2,0.0108
198.33,13300,2019-10-29 06:16:10,0.023,"[36.0, -9.8, 3.1]",1,2,0.0108
199.29,13400,2019-10-29 06:22:10,0.011,"[36.0, -9.8, 3.1]",1,2,0.00934
200.25,13500,2019-10-29 06:28:12,0.02,"[36.1, -9.8, 3.1]",1,2,0.00838
201.22,13600,2019-10-29 06:34:11,0.023,"[35.6, -9.2, 3.1]",1,2,0.00939
202.25,13700,2019-10-29 06:40:10,0.011,"[35.8, -9.1, 6.3]",1,2,0.00935
203.2,13800,2019-10-29 06:46:10,0.019,"[35.6, -9.2, 3.1]",1,2,0.00838
204.15,13900,2019-10-29 06:54:48,0.029,"[35.7, -9.4, 6.4]",1,2,0.00988
205.1,14000,2019-10-29 07:01:53,0.02,"[35.5, -9.9, 3.1]",1,2,0.0111
206.1,14100,2019-10-29 07:07:53,0.025,"[35.6, -9.6, 3.1]",1,2,0.0109
207.07,14200,2019-10-29 07:13:52,0.017,"[35.6, -9.9, 3.1]",1,2,0.00972
207.96,14300,2019-10-29 07:19:52,0.018,"[35.7, -9.5, 6.3]",1,2,0.00945
208.86,14400,2019-10-29 07:25:55,0.019,"[36.0, -9.6, 3.1]",1,2,0.00859
209.8,14500,2019-10-29 07:31:57,0.017,"[36.0, -9.8, 6.4]",1,2,0.00846
210.74,14600,2019-10-29 07:38:15,0.02,"[36.2, -9.1, 3.1]",1,2,0.00995
211.72,14700,2019-10-29 07:44:14,0.029,"[36.2, -9.9, 3.1]",1,2,0.0107
212.73,14800,2019-10-29 07:50:17,0.038,"[36.0, -9.2, 3.1]",1,2,0.0106
213.71,14900,2019-10-29 07:56:17,0.026,"[36.1, -9.1, 3.1]",1,2,0.00935
214.67,15000,2019-10-29 08:02:20,0.044,"[35.7, -9.8, 6.3]",1,1,0.0102
215.58,15100,2019-10-29 08:08:20,0.017,"[35.8, -9.2, 3.1]",1,2,0.0114
216.53,15200,2019-10-29 08:14:23,0.031,"[36.1, -9.5, 3.1]",1,2,0.00975
217.48,15300,2019-10-29 08:20:25,0.021,"[35.4, -10.0, 3.1]",1,2,0.00986
218.4,15400,2019-10-29 08:26:28,0.016,"[32.0, -10.7, 6.3]",1,2,0.00959
219.3,15500,2019-10-29 08:32:31,0.011,"[35.6, -9.5, 3.1]",1,2,0.00889
220.22,15600,2019-10-29 08:38:31,0.017,"[35.4, -9.1, 3.1]",1,2,0.00973
221.19,15700,2019-10-29 08:44:31,0.027,"[35.7, -9.4, 6.3]",1,2,0.0101
222.14,15800,2019-10-29 08:50:33,0.019,"[35.8, -9.7, 3.1]",1,2,0.009
223.05,15900,2019-10-29 08:56:34,0.017,"[35.6, -10.9, 6.5]",1,2,0.0099
223.92,16000,2019-10-29 09:02:38,0.028,"[35.7, -9.4, 6.3]",1,2,0.00835
224.81,16100,2019-10-29 09:08:41,0.045,"[35.9, -9.7, 3.1]",1,1,0.0103
225.74,16200,2019-10-29 09:14:45,0.026,"[32.0, -10.7, 6.4]",1,2,0.00917
226.66,16300,2019-10-29 09:20:49,0.049,"[35.4, -9.1, 6.5]",1,1,0.00936
227.57,16400,2019-10-29 09:26:50,0.024,"[36.1, -9.3, 3.1]",1,2,0.00853
228.53,16500,2019-10-29 09:32:53,0.02,"[35.9, -9.3, 6.3]",1,2,0.0111
229.51,16600,2019-10-29 09:38:56,0.02,"[35.4, -9.7, 3.1]",1,2,0.00999
230.42,16700,2019-10-29 09:44:59,0.021,"[36.1, -9.9, 3.1]",1,2,0.00903
231.41,16800,2019-10-29 09:50:58,0.033,"[36.1, -9.9, 3.1]",1,2,0.00802
232.35,16900,2019-10-29 09:57:02,0.028,"[36.1, -9.8, 3.1]",1,2,0.00784
233.28,17000,2019-10-29 10:03:03,0.013,"[35.7, -9.7, 3.1]",1,2,0.00891
234.23,17100,2019-10-29 10:09:06,0.019,"[35.8, -9.2, 3.1]",1,2,0.00916
235.16,17200,2019-10-29 10:15:07,0.04,"[36.1, -9.0, 3.1]",1,2,0.00903
236.07,17300,2019-10-29 10:21:11,0.029,"[35.4, -9.1, 3.1]",1,2,0.0108
237.05,17400,2019-10-29 10:27:13,0.026,"[36.2, -10.0, 3.1]",1,2,0.00994
237.92,17500,2019-10-29 10:33:17,0.025,"[36.2, -10.0, 3.1]",1,2,0.00822
238.8,17600,2019-10-29 10:39:21,0.033,"[35.5, -9.1, 3.1]",1,2,0.00812
239.75,17700,2019-10-29 10:45:25,0.028,"[35.4, -9.1, 3.1]",1,2,0.00879
240.65,17800,2019-10-29 10:51:50,0.014,"[32.1, -9.2, 6.3]",2,2,0.0103
241.55,17900,2019-10-29 10:57:57,0.041,"[35.6, -9.3, 3.1]",1,2,0.00745
242.48,18000,2019-10-29 11:03:56,0.031,"[36.2, -10.0, 3.1]",1,2,0.0104
243.41,18100,2019-10-29 11:09:57,0.03,"[36.3, -9.6, 3.1]",1,2,0.00916
244.36,18200,2019-10-29 11:16:00,0.029,"[35.8, -9.4, 6.3]",1,2,0.00847
245.24,18300,2019-10-29 11:22:02,0.039,"[35.4, -9.7, 6.5]",1,2,0.00975
246.24,18400,2019-10-29 11:28:06,0.018,"[36.3, -10.0, 3.1]",1,2,0.00877
247.17,18500,2019-10-29 11:34:05,0.018,"[35.7, -9.6, 6.3]",1,2,0.00888
248.14,18600,2019-10-29 11:40:08,0.017,"[35.7, -9.7, 3.1]",1,2,0.00941
249.0,18700,2019-10-29 11:46:13,0.018,"[35.7, -9.2, 3.1]",1,2,0.0094
249.9,18800,2019-10-29 11:52:17,0.026,"[35.6, -9.9, 6.5]",1,2,0.00767
250.8,18900,2019-10-29 11:58:20,0.022,"[35.7, -9.3, 6.4]",1,2,0.00916
251.75,19000,2019-10-29 12:04:22,0.03,"[32.1, -9.9, 6.3]",2,2,0.0088
252.67,19100,2019-10-29 12:10:26,0.019,"[36.2, -9.0, 3.1]",1,2,0.00817
253.59,19200,2019-10-29 12:16:27,0.029,"[35.7, -9.4, 6.3]",1,2,0.00978
254.49,19300,2019-10-29 12:22:30,0.024,"[36.0, -9.7, 3.1]",1,2,0.00912
255.36,19400,2019-10-29 12:28:37,0.026,"[35.5, -9.3, 3.1]",1,2,0.00882
256.31,19500,2019-10-29 12:35:05,0.027,"[32.0, -9.1, 6.4]",1,2,0.0107
257.3,19600,2019-10-29 12:43:02,0.022,"[35.4, -10.0, 3.1]",1,2,0.00985
258.21,19700,2019-10-29 12:50:51,0.049,"[35.7, -9.8, 6.3]",1,2,0.00964
259.08,19800,2019-10-29 12:58:48,0.017,"[35.9, -9.8, 3.1]",1,2,0.00913
260.02,19900,2019-10-29 13:06:32,0.027,"[35.9, -9.0, 6.3]",1,2,0.00911
260.89,20000,2019-10-29 13:14:20,0.03,"[35.8, -9.5, 6.3]",1,2,0.00915
261.87,20100,2019-10-29 13:22:10,0.027,"[35.5, -9.5, 3.1]",1,2,0.00935
262.77,20200,2019-10-29 13:30:08,0.023,"[36.2, -10.0, 3.1]",1,2,0.00944
263.71,20300,2019-10-29 13:37:46,0.035,"[35.4, -10.2, 3.1]",1,2,0.0114
264.6,20400,2019-10-29 13:45:59,0.014,"[30.5, -8.6, 7.1]",2,2,0.00995
265.5,20500,2019-10-29 13:53:49,0.035,"[35.4, -9.4, 3.1]",1,2,0.00815
266.34,20600,2019-10-29 14:01:30,0.027,"[36.0, -9.2, 3.1]",1,2,0.00884
267.28,20700,2019-10-29 14:09:13,0.029,"[35.9, -9.2, 3.1]",1,2,0.0105
268.18,20800,2019-10-29 14:16:56,0.018,"[36.0, -9.3, 6.3]",1,2,0.00842
269.07,20900,2019-10-29 14:24:49,0.028,"[36.7, -9.1, 6.5]",1,2,0.0113
270.04,21000,2019-10-29 14:32:53,0.018,"[36.3, -9.9, 3.1]",1,2,0.00911
270.92,21100,2019-10-29 14:40:40,0.024,"[35.4, -9.9, 3.1]",1,2,0.00948
271.89,21200,2019-10-29 14:48:23,0.023,"[30.7, -11.3, 7.1]",2,2,0.00934
272.84,21300,2019-10-29 14:56:01,0.027,"[35.3, -9.2, 3.1]",1,2,0.00898
273.76,21400,2019-10-29 15:03:45,0.027,"[35.8, -9.7, 6.3]",1,2,0.00971
274.74,21500,2019-10-29 15:11:38,0.029,"[36.0, -8.9, 3.1]",1,2,0.00996
275.75,21600,2019-10-29 15:19:24,0.024,"[35.4, -9.5, 3.1]",1,2,0.00961
276.71,21700,2019-10-29 15:27:13,0.019,"[36.0, -9.5, 6.3]",1,2,0.00951
277.65,21800,2019-10-29 15:35:03,0.03,"[36.0, -9.0, 3.1]",1,2,0.0107
278.65,21900,2019-10-29 15:42:50,0.028,"[36.0, -9.5, 3.1]",1,2,0.0101
279.63,22000,2019-10-29 15:50:43,0.035,"[35.3, -10.1, 3.1]",1,2,0.00902
280.6,22100,2019-10-29 15:58:36,0.029,"[35.6, -10.1, 3.1]",1,2,0.00892
281.57,22200,2019-10-29 16:06:35,0.021,"[35.5, -10.1, 3.1]",1,2,0.0103
282.55,22300,2019-10-29 16:14:14,0.016,"[35.9, -9.2, 3.1]",1,2,0.00832
283.48,22400,2019-10-29 16:22:02,0.026,"[36.6, -9.9, 3.1]",1,2,0.0118
284.5,22500,2019-10-29 16:29:46,0.019,"[35.3, -9.5, 3.1]",1,2,0.012
285.44,22600,2019-10-29 16:37:13,0.027,"[35.3, -9.3, 3.1]",1,2,0.00931
286.46,22700,2019-10-29 16:49:32,0.03,"[35.4, -9.4, 3.1]",1,2,0.0101
287.5,22800,2019-10-29 16:57:10,0.022,"[36.1, -9.2, 3.1]",1,2,0.00964
288.51,22900,2019-10-29 17:05:04,0.021,"[36.1, -9.7, 3.1]",1,2,0.00923
289.46,23000,2019-10-29 17:12:57,0.025,"[36.4, -9.4, 3.1]",1,2,0.00866
290.45,23100,2019-10-29 17:20:34,0.021,"[35.5, -9.9, 3.1]",1,2,0.00859
291.42,23200,2019-10-29 17:28:21,0.03,"[36.1, -8.9, 3.1]",1,2,0.0109
292.38,23300,2019-10-29 17:36:18,0.038,"[35.5, -10.2, 3.1]",1,2,0.009
293.37,23400,2019-10-29 17:43:59,0.043,"[36.0, -9.1, 3.1]",1,2,0.00814
294.33,23500,2019-10-29 17:51:41,0.031,"[35.5, -10.3, 3.1]",1,2,0.00954
295.32,23600,2019-10-29 17:59:27,0.029,"[36.0, -9.1, 3.1]",1,2,0.00901
296.29,23700,2019-10-29 18:07:01,0.022,"[36.0, -9.5, 6.3]",1,2,0.00959
297.29,23800,2019-10-29 18:14:43,0.03,"[36.2, -9.7, 3.1]",1,2,0.0101
298.22,23900,2019-10-29 18:22:28,0.027,"[35.3, -9.0, 3.1]",1,2,0.0101
299.15,24000,2019-10-29 18:30:04,0.03,"[36.3, -9.3, 3.1]",1,2,0.00828
300.09,24100,2019-10-29 18:38:20,0.023,"[36.9, -8.9, 6.5]",1,2,0.00824
301.06,24200,2019-10-29 18:45:54,0.03,"[36.1, -9.0, 3.1]",1,2,0.00932
302.03,24300,2019-10-29 18:53:31,0.022,"[36.7, -9.9, 3.1]",1,2,0.00977
302.98,24400,2019-10-29 19:01:11,0.035,"[35.6, -10.1, 3.1]",1,2,0.0103
303.9,24500,2019-10-29 19:08:53,0.037,"[36.7, -10.1, 3.1]",1,2,0.00911
304.84,24600,2019-10-29 19:16:43,0.02,"[36.3, -9.8, 3.1]",1,2,0.00939
305.8,24700,2019-10-29 19:24:23,0.018,"[36.5, -9.5, 3.1]",1,2,0.00984
306.77,24800,2019-10-29 19:32:17,0.026,"[36.3, -9.4, 3.1]",1,2,0.00742
307.66,24900,2019-10-29 19:40:04,0.027,"[35.3, -9.3, 3.1]",1,2,0.00819
308.6,25000,2019-10-29 19:47:49,0.04,"[35.5, -10.2, 3.1]",1,2,0.00991
309.55,25100,2019-10-29 19:55:32,0.027,"[35.5, -9.2, 3.1]",1,2,0.00899
310.41,25200,2019-10-29 20:03:22,0.036,"[35.0, -8.9, 3.1]",1,2,0.00915
311.37,25300,2019-10-29 20:11:11,0.031,"[36.7, -10.2, 3.1]",1,2,0.00828
312.26,25400,2019-10-29 20:18:56,0.023,"[36.7, -10.1, 3.1]",1,2,0.0082
313.14,25500,2019-10-29 20:26:49,0.034,"[35.3, -9.1, 3.1]",1,2,0.0102
314.07,25600,2019-10-29 20:34:27,0.045,"[35.7, -9.1, 6.3]",1,2,0.00927
315.02,25700,2019-10-29 20:42:07,0.016,"[36.4, -9.8, 3.1]",1,2,0.00906
315.96,25800,2019-10-29 20:49:57,0.022,"[35.5, -9.7, 3.1]",1,2,0.0107
316.86,25900,2019-10-29 20:57:46,0.024,"[36.3, -9.5, 3.1]",1,2,0.00831
317.83,26000,2019-10-29 21:05:29,0.029,"[35.1, -9.1, 3.1]",1,2,0.0108
318.8,26100,2019-10-29 21:13:12,0.03,"[36.0, -9.4, 3.1]",1,2,0.00914
319.78,26200,2019-10-29 21:20:56,0.027,"[35.7, -10.1, 3.1]",1,2,0.00948
320.77,26300,2019-10-29 21:28:44,0.025,"[36.3, -8.7, 3.1]",1,2,0.00909
321.69,26400,2019-10-29 21:36:44,0.026,"[36.0, -8.1, 6.4]",1,2,0.0105
322.6,26500,2019-10-29 21:44:34,0.023,"[35.8, -9.4, 6.3]",1,2,0.00908
323.56,26600,2019-10-29 21:52:23,0.03,"[36.3, -9.8, 3.1]",1,2,0.0104
324.55,26700,2019-10-29 22:00:10,0.028,"[35.3, -10.0, 3.1]",1,2,0.00973
325.5,26800,2019-10-29 22:08:09,0.029,"[36.6, -9.6, 3.1]",1,2,0.00882
326.39,26900,2019-10-29 22:15:59,0.034,"[36.7, -10.2, 3.1]",1,2,0.0089
327.35,27000,2019-10-29 22:23:49,0.038,"[35.5, -10.2, 3.1]",1,2,0.00847
328.26,27100,2019-10-29 22:31:39,0.035,"[35.0, -8.9, 3.1]",1,2,0.008
329.16,27200,2019-10-29 22:39:29,0.032,"[35.2, -9.2, 3.1]",1,2,0.00968
330.08,27300,2019-10-29 22:47:43,0.03,"[35.5, -10.3, 3.1]",1,2,0.0103
330.98,27400,2019-10-29 22:55:37,0.029,"[36.8, -10.0, 3.1]",1,2,0.0085
331.9,27500,2019-10-29 23:03:24,0.037,"[35.2, -8.9, 3.1]",1,2,0.00866
332.81,27600,2019-10-29 23:11:06,0.032,"[35.6, -9.9, 3.1]",1,2,0.00874
333.71,27700,2019-10-29 23:19:02,0.046,"[35.8, -10.2, 3.1]",1,2,0.00777
334.6,27800,2019-10-29 23:27:03,0.036,"[35.8, -10.2, 3.1]",1,2,0.0099
335.54,27900,2019-10-29 23:34:53,0.031,"[35.5, -10.0, 3.1]",1,2,0.00927
336.47,28000,2019-10-29 23:42:43,0.023,"[35.7, -9.2, 3.1]",1,2,0.00979
337.41,28100,2019-10-29 23:50:35,0.013,"[4.0, -15.4, 7.2]",19,3,0.0092
338.37,28200,2019-10-29 23:58:12,0.026,"[36.6, -9.6, 3.1]",1,2,0.00866
339.26,28300,2019-10-30 00:06:01,0.039,"[36.3, -8.6, 3.1]",1,2,0.00973
340.18,28400,2019-10-30 00:14:02,0.017,"[37.0, -8.5, 6.5]",1,2,0.00945
341.11,28500,2019-10-30 00:21:46,0.034,"[36.4, -9.5, 3.1]",1,2,0.00859
342.0,28600,2019-10-30 00:29:37,0.027,"[36.3, -8.6, 3.1]",1,2,0.00914
342.95,28700,2019-10-30 00:37:35,0.021,"[30.5, -11.8, 7.1]",2,2,0.00931
343.88,28800,2019-10-30 00:45:14,0.031,"[36.0, -8.9, 6.3]",1,2,0.0111
344.79,28900,2019-10-30 00:52:59,0.045,"[36.3, -8.6, 3.1]",1,2,0.00894
345.7,29000,2019-10-30 01:00:30,0.035,"[35.8, -10.1, 3.1]",1,2,0.00864
346.57,29100,2019-10-30 01:08:25,0.03,"[35.8, -9.3, 3.1]",1,2,0.00883
347.48,29200,2019-10-30 01:16:17,0.028,"[36.7, -9.4, 3.1]",1,2,0.00817
348.4,29300,2019-10-30 01:24:11,0.029,"[35.0, -8.9, 3.1]",1,2,0.0086
349.3,29400,2019-10-30 01:32:01,0.03,"[35.7, -8.4, 6.3]",1,2,0.00883
350.23,29500,2019-10-30 01:39:50,0.035,"[36.8, -9.9, 3.1]",1,2,0.00895
351.16,29600,2019-10-30 01:47:51,0.032,"[36.8, -10.2, 3.1]",1,2,0.00974
352.04,29700,2019-10-30 01:55:46,0.04,"[36.0, -8.9, 3.1]",1,2,0.00805
352.95,29800,2019-10-30 02:03:41,0.04,"[36.8, -9.7, 3.1]",1,2,0.00939
353.88,29900,2019-10-30 02:11:33,0.039,"[37.3, -8.5, 6.5]",1,2,0.0112
354.79,30000,2019-10-30 02:19:23,0.024,"[36.0, -8.7, 6.4]",1,2,0.00875
355.68,30100,2019-10-30 02:27:11,0.037,"[36.7, -9.6, 3.1]",1,2,0.0084
356.54,30200,2019-10-30 02:34:57,0.024,"[36.7, -9.6, 3.1]",1,2,0.00872
357.48,30300,2019-10-30 02:42:49,0.026,"[36.3, -9.1, 3.1]",1,2,0.00892
358.4,30400,2019-10-30 02:50:46,0.043,"[30.8, -9.8, 7.1]",2,2,0.00922
359.32,30500,2019-10-30 02:58:33,0.026,"[36.0, -8.3, 6.4]",1,2,0.00801
360.23,30600,2019-10-30 03:06:42,0.018,"[4.0, -15.4, 7.2]",19,3,0.00936
361.12,30700,2019-10-30 03:14:26,0.024,"[35.5, -10.3, 3.1]",1,2,0.00946
362.01,30800,2019-10-30 03:22:09,0.02,"[36.5, -9.6, 3.1]",1,2,0.00794
362.86,30900,2019-10-30 03:30:02,0.029,"[35.4, -9.2, 3.1]",1,2,0.0089
363.74,31000,2019-10-30 03:37:46,0.025,"[36.4, -9.7, 3.1]",1,2,0.00844
364.63,31100,2019-10-30 03:45:41,0.033,"[35.2, -9.9, 3.1]",1,2,0.00972
365.56,31200,2019-10-30 03:53:28,0.023,"[35.8, -9.7, 3.1]",1,2,0.00872
366.46,31300,2019-10-30 04:01:20,0.032,"[35.0, -8.9, 3.1]",1,2,0.00815
367.37,31400,2019-10-30 04:09:05,0.035,"[36.7, -9.9, 3.1]",1,2,0.00941
368.3,31500,2019-10-30 04:16:57,0.033,"[36.7, -9.8, 3.1]",1,2,0.00985
369.13,31600,2019-10-30 04:24:50,0.037,"[30.8, -8.7, 7.0]",6,2,0.0101
369.98,31700,2019-10-30 04:33:04,0.033,"[36.0, -9.6, 6.3]",1,2,0.00805
370.87,31800,2019-10-30 04:43:10,0.027,"[36.4, -8.7, 3.1]",1,2,0.00778
371.78,31900,2019-10-30 04:50:55,0.033,"[35.5, -10.3, 3.1]",1,2,0.00845
372.68,32000,2019-10-30 04:58:42,0.032,"[36.3, -10.0, 3.1]",1,2,0.00861
373.56,32100,2019-10-30 05:06:34,0.02,"[4.0, -15.4, 7.2]",19,3,0.00931
374.43,32200,2019-10-30 05:14:29,0.033,"[36.3, -9.2, 3.1]",1,2,0.00793
375.27,32300,2019-10-30 05:22:18,0.029,"[35.2, -9.7, 3.1]",1,2,0.00824
376.09,32400,2019-10-30 05:29:48,0.048,"[36.4, -9.7, 3.1]",1,2,0.00859
377.02,32500,2019-10-30 05:37:42,0.027,"[36.7, -10.1, 3.1]",1,2,0.00896
377.85,32600,2019-10-30 05:45:26,0.034,"[35.6, -10.2, 3.1]",1,2,0.0084
378.72,32700,2019-10-30 05:53:16,0.047,"[35.1, -10.1, 3.1]",1,2,0.00995
379.67,32800,2019-10-30 06:01:11,0.034,"[36.2, -8.6, 3.1]",1,2,0.00917
380.51,32900,2019-10-30 06:09:07,0.025,"[35.4, -9.0, 3.1]",1,2,0.00868
381.38,33000,2019-10-30 06:16:59,0.028,"[36.3, -9.6, 3.1]",1,2,0.00894
382.28,33100,2019-10-30 06:24:41,0.032,"[36.0, -9.7, 3.1]",1,2,0.00832
383.12,33200,2019-10-30 06:32:37,0.039,"[36.1, -7.4, 6.5]",1,2,0.00967
384.04,33300,2019-10-30 06:40:34,0.028,"[35.6, -10.4, 3.1]",1,2,0.00878
384.87,33400,2019-10-30 06:48:26,0.025,"[36.4, -8.6, 3.1]",1,2,0.00872
385.76,33500,2019-10-30 06:56:07,0.03,"[36.2, -9.8, 3.1]",1,2,0.00888
386.63,33600,2019-10-30 07:04:03,0.026,"[35.3, -10.6, 3.1]",1,2,0.00877
387.55,33700,2019-10-30 07:11:47,0.029,"[36.4, -9.7, 3.1]",1,2,0.00966
388.41,33800,2019-10-30 07:19:38,0.028,"[35.6, -10.1, 3.1]",1,2,0.00759
389.3,33900,2019-10-30 07:27:37,0.039,"[37.0, -9.2, 6.5]",1,2,0.0106
390.2,34000,2019-10-30 07:35:38,0.023,"[36.1, -8.0, 6.5]",1,2,0.00791
391.06,34100,2019-10-30 07:43:24,0.029,"[36.8, -9.6, 3.1]",1,2,0.0085
391.91,34200,2019-10-30 07:51:19,0.031,"[34.8, -8.7, 3.1]",1,2,0.00968
392.79,34300,2019-10-30 07:59:21,0.022,"[36.5, -10.0, 3.1]",1,2,0.00771
393.67,34400,2019-10-30 08:07:10,0.03,"[35.5, -10.4, 3.1]",1,2,0.00905
394.56,34500,2019-10-30 08:15:05,0.04,"[30.5, -9.0, 7.0]",6,2,0.00958
395.48,34600,2019-10-30 08:23:04,0.04,"[36.0, -7.5, 6.4]",1,2,0.00996
396.33,34700,2019-10-30 08:31:04,0.021,"[35.5, -9.6, 3.1]",1,2,0.00793
397.19,34800,2019-10-30 08:38:38,0.026,"[36.0, -9.4, 6.3]",1,2,0.00861
398.05,34900,2019-10-30 08:46:37,0.049,"[36.9, -10.0, 3.1]",1,2,0.00877
398.96,35000,2019-10-30 08:54:31,0.028,"[30.8, -7.9, 7.1]",2,2,0.00997
399.87,35100,2019-10-30 09:02:25,0.034,"[29.5, -7.9, 7.1]",2,2,0.00917
400.7,35200,2019-10-30 09:10:27,0.034,"[36.1, -10.2, 6.5]",1,2,0.00933
401.51,35300,2019-10-30 09:18:13,0.02,"[36.0, -9.8, 3.1]",1,2,0.00777
402.41,35400,2019-10-30 09:25:44,0.021,"[35.7, -10.3, 3.1]",1,2,0.00948
403.28,35500,2019-10-30 09:32:57,0.028,"[36.6, -9.5, 3.1]",1,2,0.0088
404.15,35600,2019-10-30 09:41:05,0.032,"[36.1, -8.9, 6.5]",1,2,0.00929
404.99,35700,2019-10-30 09:49:09,0.03,"[30.6, -8.4, 7.0]",6,2,0.00926
405.92,35800,2019-10-30 09:56:56,0.025,"[35.3, -10.0, 3.1]",1,2,0.00772
406.78,35900,2019-10-30 10:04:51,0.027,"[36.1, -8.2, 6.5]",1,2,0.00889
407.69,36000,2019-10-30 10:12:59,0.047,"[36.3, -8.4, 3.1]",1,2,0.00834
408.57,36100,2019-10-30 10:20:56,0.031,"[35.3, -10.4, 3.1]",1,2,0.00918
409.49,36200,2019-10-30 10:28:38,0.033,"[35.7, -9.5, 3.1]",1,2,0.00943
410.4,36300,2019-10-30 10:36:34,0.037,"[37.0, -9.9, 3.1]",1,2,0.00922
411.27,36400,2019-10-30 10:44:30,0.031,"[36.3, -9.7, 3.1]",1,2,0.00789
412.18,36500,2019-10-30 10:52:29,0.034,"[36.4, -10.3, 3.1]",1,2,0.00911
413.06,36600,2019-10-30 11:00:26,0.048,"[37.1, -9.9, 3.1]",1,2,0.00943
413.96,36700,2019-10-30 11:07:12,0.021,"[4.0, -15.4, 7.2]",19,3,0.00797
414.85,36800,2019-10-30 11:15:25,0.034,"[30.4, -10.5, 7.1]",2,2,0.00886
415.68,36900,2019-10-30 11:23:25,0.027,"[36.1, -7.8, 6.5]",1,2,0.00833
416.6,37000,2019-10-30 11:31:12,0.036,"[36.9, -9.4, 3.1]",1,2,0.00835
417.48,37100,2019-10-30 11:39:21,0.035,"[36.5, -8.8, 3.1]",1,2,0.00912
418.33,37200,2019-10-30 11:47:16,0.037,"[30.5, -9.2, 7.1]",2,2,0.0101
419.17,37300,2019-10-30 11:55:11,0.032,"[35.4, -10.6, 3.1]",1,2,0.00942
420.05,37400,2019-10-30 12:03:26,0.043,"[37.1, -10.2, 3.1]",1,2,0.0079
420.94,37500,2019-10-30 12:11:15,0.033,"[30.6, -11.4, 7.0]",6,2,0.00915
421.82,37600,2019-10-30 12:19:05,0.029,"[34.8, -8.7, 3.1]",1,2,0.00788
422.71,37700,2019-10-30 12:27:03,0.037,"[36.2, -9.7, 3.1]",1,2,0.00897
423.6,37800,2019-10-30 12:35:22,0.038,"[35.4, -9.9, 3.1]",1,2,0.00849
424.5,37900,2019-10-30 12:43:23,0.024,"[4.0, -15.4, 7.2]",19,3,0.00842
425.36,38000,2019-10-30 12:51:05,0.03,"[35.2, -8.9, 3.1]",1,2,0.00824
426.21,38100,2019-10-30 12:59:00,0.036,"[35.1, -9.2, 3.1]",1,2,0.00879
427.09,38200,2019-10-30 13:07:17,0.037,"[36.8, -9.5, 3.1]",1,2,0.00638
427.97,38300,2019-10-30 13:15:09,0.03,"[35.7, -10.0, 3.1]",1,2,0.00824
428.77,38400,2019-10-30 13:23:27,0.034,"[35.6, -9.8, 3.1]",1,2,0.00799
429.59,38500,2019-10-30 13:31:31,0.041,"[30.6, -11.7, 7.1]",2,2,0.00808
430.37,38600,2019-10-30 13:39:43,0.044,"[35.9, -9.5, 3.1]",1,2,0.0089
431.17,38700,2019-10-30 13:47:45,0.028,"[32.0, -9.4, 6.3]",1,2,0.00923
431.96,38800,2019-10-30 13:55:35,0.031,"[36.5, -9.7, 3.1]",1,2,0.00695
432.8,38900,2019-10-30 14:03:49,0.02,"[35.5, -9.9, 3.1]",1,2,0.00809
433.62,39000,2019-10-30 14:11:53,0.045,"[36.0, -8.5, 3.1]",1,2,0.00845
434.43,39100,2019-10-30 14:19:43,0.033,"[30.6, -8.1, 7.1]",2,2,0.00799
435.25,39200,2019-10-30 14:27:52,0.028,"[35.5, -10.3, 3.1]",1,2,0.00821
436.1,39300,2019-10-30 14:35:59,0.035,"[35.7, -8.3, 6.3]",1,2,0.00802
436.92,39400,2019-10-30 14:43:58,0.032,"[36.0, -9.6, 3.1]",1,2,0.00833
437.77,39500,2019-10-30 14:51:55,0.024,"[4.0, -15.4, 7.2]",19,3,0.00815
438.58,39600,2019-10-30 14:59:41,0.045,"[35.5, -10.2, 3.1]",1,2,0.00877
439.46,39700,2019-10-30 15:07:45,0.041,"[35.9, -10.2, 3.1]",1,2,0.00754
440.29,39800,2019-10-30 15:15:35,0.043,"[35.9, -8.5, 3.1]",1,2,0.00747
441.13,39900,2019-10-30 15:23:40,0.04,"[36.3, -9.0, 3.1]",1,2,0.00914
441.96,40000,2019-10-30 15:31:52,0.032,"[35.3, -10.5, 3.1]",1,2,0.00828
442.76,40100,2019-10-30 15:39:39,0.025,"[30.8, -8.3, 7.0]",6,2,0.00787
443.63,40200,2019-10-30 15:47:36,0.03,"[35.7, -8.6, 3.1]",1,2,0.00803
444.47,40300,2019-10-30 15:55:39,0.038,"[30.8, -8.8, 7.1]",2,2,0.00897
445.31,40400,2019-10-30 16:03:46,0.037,"[35.2, -10.2, 3.1]",1,2,0.00821
446.16,40500,2019-10-30 16:11:59,0.037,"[37.0, -9.7, 3.1]",1,2,0.00831
446.96,40600,2019-10-30 16:19:52,0.026,"[4.0, -15.4, 7.2]",19,3,0.00754
447.77,40700,2019-10-30 16:27:46,0.039,"[37.1, -9.9, 3.1]",1,2,0.00876
448.65,40800,2019-10-30 16:36:12,0.033,"[4.0, -15.4, 7.2]",19,3,0.00684
449.47,40900,2019-10-30 16:44:26,0.034,"[35.5, -9.4, 3.1]",1,2,0.00752
450.29,41000,2019-10-30 16:52:41,0.035,"[35.4, -8.8, 3.1]",1,2,0.00798
451.11,41100,2019-10-30 17:00:50,0.031,"[37.0, -10.0, 3.1]",1,2,0.00794
451.92,41200,2019-10-30 17:08:52,0.044,"[35.6, -10.4, 3.1]",1,2,0.00811
452.71,41300,2019-10-30 17:16:46,0.037,"[35.5, -8.5, 3.1]",1,2,0.0083
453.49,41400,2019-10-30 17:24:55,0.035,"[4.0, -15.4, 7.2]",19,3,0.00872
454.33,41500,2019-10-30 17:33:07,0.035,"[30.6, -8.9, 7.1]",2,2,0.00855
455.09,41600,2019-10-30 17:41:04,0.034,"[36.1, -8.3, 3.1]",1,2,0.00839
455.9,41700,2019-10-30 17:49:10,0.033,"[30.7, -7.9, 7.1]",2,2,0.00837
456.69,41800,2019-10-30 17:57:02,0.029,"[28.5, -8.3, 7.0]",6,2,0.00837
457.48,41900,2019-10-30 18:05:03,0.026,"[30.7, -8.3, 7.1]",2,2,0.00753
458.31,42000,2019-10-30 18:13:27,0.044,"[37.1, -10.4, 3.1]",1,2,0.0061
459.13,42100,2019-10-30 18:21:49,0.034,"[35.1, -10.7, 3.1]",1,2,0.00829
460.01,42200,2019-10-30 18:29:56,0.039,"[36.0, -10.3, 3.1]",1,2,0.00934
460.87,42300,2019-10-30 18:38:17,0.042,"[36.1, -9.0, 3.1]",1,2,0.00711
461.76,42400,2019-10-30 18:46:35,0.044,"[30.5, -10.3, 7.1]",2,2,0.00917
462.56,42500,2019-10-30 18:54:37,0.03,"[4.0, -15.4, 7.2]",19,3,0.00915
463.42,42600,2019-10-30 19:02:47,0.049,"[36.1, -8.3, 3.1]",1,2,0.00694
464.21,42700,2019-10-30 19:10:55,0.037,"[35.9, -9.3, 3.1]",1,2,0.00834
465.06,42800,2019-10-30 19:19:00,0.034,"[36.4, -10.2, 3.1]",1,2,0.00911
465.91,42900,2019-10-30 19:27:20,0.029,"[37.2, -10.0, 3.1]",1,2,0.00795
466.73,43000,2019-10-30 19:35:24,0.039,"[35.2, -9.5, 3.1]",1,2,0.00774
467.52,43100,2019-10-30 19:43:28,0.033,"[34.9, -10.7, 3.1]",1,2,0.00809
468.36,43200,2019-10-30 19:51:29,0.035,"[37.0, -9.6, 3.1]",1,2,0.00847
469.16,43300,2019-10-30 19:59:28,0.03,"[36.5, -10.5, 3.1]",1,2,0.00812
470.02,43400,2019-10-30 20:07:40,0.044,"[34.9, -10.5, 3.1]",1,2,0.00278
470.78,43500,2019-10-30 20:15:34,0.045,"[36.4, -9.3, 3.1]",1,2,0.00824
471.65,43600,2019-10-30 20:23:49,0.038,"[30.7, -9.7, 7.0]",6,2,0.00938
472.51,43700,2019-10-30 20:31:41,0.039,"[36.5, -10.0, 3.1]",1,2,0.00807
473.41,43800,2019-10-30 20:39:52,0.046,"[30.6, -9.3, 7.0]",6,2,0.00969
474.29,43900,2019-10-30 20:48:10,0.038,"[30.6, -9.2, 7.1]",2,2,0.0092
475.13,44000,2019-10-30 20:56:22,0.029,"[35.3, -10.1, 3.1]",1,2,0.00736
475.97,44100,2019-10-30 21:04:24,0.03,"[35.7, -10.4, 3.1]",1,2,0.00891
476.86,44200,2019-10-30 21:12:23,0.034,"[35.3, -10.2, 3.1]",1,2,0.0092
477.77,44300,2019-10-30 21:20:42,0.044,"[30.2, -8.4, 7.1]",2,3,0.0103
478.62,44400,2019-10-30 21:28:42,0.029,"[35.3, -9.8, 3.1]",1,2,0.00825
479.49,44500,2019-10-30 21:36:49,0.046,"[36.0, -8.4, 3.1]",1,2,0.00972
480.37,44600,2019-10-30 21:45:07,0.036,"[30.5, -10.9, 7.1]",2,2,0.00915
481.28,44700,2019-10-30 21:53:04,0.034,"[4.0, -15.4, 7.2]",19,3,0.00823
482.11,44800,2019-10-30 22:01:22,0.039,"[35.4, -10.1, 3.1]",1,2,0.0092
483.06,44900,2019-10-30 22:10:00,0.041,"[4.0, -15.4, 7.2]",19,3,0.00952
483.94,45000,2019-10-30 22:18:10,0.031,"[4.0, -15.4, 7.2]",19,3,0.00798
484.75,45100,2019-10-30 22:26:15,0.038,"[37.4, -10.3, 3.1]",1,2,0.00967
485.6,45200,2019-10-30 22:34:18,0.036,"[36.2, -8.4, 3.1]",1,2,0.00814
486.43,45300,2019-10-30 22:42:17,0.028,"[35.2, -9.8, 3.1]",1,2,0.0086
487.22,45400,2019-10-30 22:50:16,0.028,"[36.0, -10.2, 3.1]",1,2,0.00808
488.04,45500,2019-10-30 22:58:15,0.048,"[36.9, -10.1, 3.1]",1,2,0.00764
488.89,45600,2019-10-30 23:06:18,0.044,"[35.4, -10.7, 3.1]",1,2,0.00822
489.72,45700,2019-10-30 23:14:34,0.045,"[30.5, -8.3, 7.1]",2,2,0.00872
490.54,45800,2019-10-30 23:22:46,0.037,"[4.0, -15.4, 7.2]",19,3,0.00875
491.33,45900,2019-10-30 23:30:43,0.043,"[34.9, -8.9, 3.1]",1,2,0.00768
492.15,46000,2019-10-30 23:38:33,0.043,"[36.4, -9.7, 3.1]",1,2,0.00777
492.94,46100,2019-10-30 23:46:43,0.029,"[30.8, -9.3, 7.0]",6,2,0.00815
493.8,46200,2019-10-30 23:54:58,0.042,"[36.9, -9.2, 3.1]",1,2,0.0105
494.63,46300,2019-10-31 00:03:18,0.039,"[36.6, -8.1, 3.1]",1,2,0.00888
495.46,46400,2019-10-31 00:11:23,0.035,"[36.6, -8.1, 3.1]",1,2,0.00758
496.33,46500,2019-10-31 00:19:35,0.04,"[35.9, -8.5, 3.1]",1,2,0.00841
497.17,46600,2019-10-31 00:27:34,0.03,"[4.0, -15.4, 7.2]",19,2,0.00886
498.01,46700,2019-10-31 00:35:51,0.036,"[4.0, -15.4, 7.2]",19,3,0.00852
498.84,46800,2019-10-31 00:44:02,0.047,"[37.2, -9.1, 3.1]",1,2,0.00748
499.66,46900,2019-10-31 00:52:22,0.042,"[36.0, -8.6, 3.1]",1,2,0.00862
500.52,47000,2019-10-31 01:00:57,0.033,"[36.1, -9.6, 3.1]",1,2,0.00731
501.43,47100,2019-10-31 01:09:18,0.041,"[37.4, -10.0, 3.1]",1,2,0.00892
502.32,47200,2019-10-31 01:18:00,0.033,"[4.0, -15.4, 7.2]",19,3,0.00735
503.25,47300,2019-10-31 01:27:08,0.04,"[30.4, -9.2, 7.1]",2,2,0.00777
504.21,47400,2019-10-31 01:35:32,0.043,"[4.0, -15.4, 7.2]",19,3,0.00997
505.15,47500,2019-10-31 01:44:33,0.04,"[37.0, -9.8, 3.1]",1,2,0.00879
506.05,47600,2019-10-31 01:52:49,0.038,"[35.1, -8.3, 3.1]",1,2,0.00912
506.98,47700,2019-10-31 02:01:15,0.048,"[35.1, -10.0, 3.1]",1,2,0.00883
507.85,47800,2019-10-31 02:09:33,0.034,"[4.0, -15.4, 7.2]",19,2,0.009
508.7,47900,2019-10-31 02:18:06,0.04,"[36.0, -8.7, 3.1]",1,2,0.00932
509.56,48000,2019-10-31 02:26:23,0.035,"[4.0, -15.4, 7.2]",19,2,0.00959
510.44,48100,2019-10-31 02:35:03,0.049,"[36.1, -9.7, 3.1]",1,2,0.00848
511.31,48200,2019-10-31 02:43:23,0.041,"[4.0, -15.4, 7.2]",19,3,0.00911
512.14,48300,2019-10-31 02:51:36,0.038,"[36.7, -10.1, 3.1]",1,2,0.00767
513.0,48400,2019-10-31 02:59:47,0.037,"[4.0, -15.4, 7.2]",19,3,0.00819
513.82,48500,2019-10-31 03:07:49,0.044,"[36.2, -9.5, 3.1]",1,2,0.00859
514.61,48600,2019-10-31 03:16:03,0.036,"[36.4, -9.2, 3.1]",1,2,0.00839
515.44,48700,2019-10-31 03:24:23,0.039,"[35.3, -9.5, 3.1]",1,2,0.00908
516.26,48800,2019-10-31 03:32:31,0.038,"[35.3, -9.2, 3.1]",1,2,0.00905
517.06,48900,2019-10-31 03:40:37,0.031,"[4.0, -15.4, 7.2]",19,2,0.0083
517.92,49000,2019-10-31 03:48:43,0.036,"[35.2, -9.8, 3.1]",1,2,0.00807
518.73,49100,2019-10-31 03:56:37,0.037,"[34.9, -9.9, 3.1]",1,2,0.00844
519.58,49200,2019-10-31 04:04:49,0.039,"[30.6, -8.7, 7.0]",6,2,0.00873
520.44,49300,2019-10-31 04:13:16,0.047,"[36.1, -10.3, 3.1]",1,2,0.00939
521.35,49400,2019-10-31 04:21:58,0.042,"[30.8, -8.4, 7.1]",2,2,0.00942
522.23,49500,2019-10-31 04:30:08,0.033,"[4.0, -15.4, 7.2]",19,2,0.00887
523.08,49600,2019-10-31 04:38:08,0.044,"[37.3, -10.0, 3.1]",1,2,0.0084
523.89,49700,2019-10-31 04:46:08,0.042,"[4.0, -15.4, 7.2]",19,3,0.00947
524.74,49800,2019-10-31 04:54:24,0.039,"[35.2, -9.7, 3.1]",1,2,0.00915
525.63,49900,2019-10-31 05:02:55,0.042,"[4.0, -15.4, 7.2]",19,3,0.00962
526.49,50000,2019-10-31 05:11:26,0.033,"[36.6, -9.9, 3.1]",1,2,0.00581
527.37,50100,2019-10-31 05:19:30,0.035,"[4.0, -15.4, 7.2]",19,2,0.0101
528.3,50200,2019-10-31 05:28:04,0.046,"[30.5, -9.7, 7.1]",2,2,0.0102
529.14,50300,2019-10-31 05:35:55,0.045,"[35.3, -10.7, 3.1]",1,2,0.00889
530.08,50400,2019-10-31 05:45:04,0.041,"[36.6, -8.3, 3.1]",1,2,0.00976
531.03,50500,2019-10-31 05:53:34,0.041,"[37.0, -8.7, 3.1]",1,2,0.00912
531.95,50600,2019-10-31 06:02:18,0.031,"[4.0, -15.4, 7.2]",19,2,0.00854
532.83,50700,2019-10-31 06:10:55,0.047,"[30.3, -9.0, 7.1]",2,2,0.0101
533.66,50800,2019-10-31 06:19:28,0.036,"[34.9, -9.5, 3.1]",1,2,0.0093
534.59,50900,2019-10-31 06:29:03,0.048,"[35.9, -10.0, 3.1]",1,2,0.00994
535.52,51000,2019-10-31 06:38:26,0.043,"[37.2, -9.9, 3.1]",1,2,0.00826
536.36,51100,2019-10-31 06:46:24,0.049,"[37.2, -9.5, 3.1]",1,2,0.00948
537.21,51200,2019-10-31 06:54:45,0.048,"[35.3, -10.4, 3.1]",1,2,0.00839
538.04,51300,2019-10-31 07:03:02,0.044,"[35.7, -10.6, 3.1]",1,2,0.00788
538.87,51400,2019-10-31 07:11:04,0.041,"[4.0, -15.4, 7.2]",19,3,0.00863
539.71,51500,2019-10-31 07:19:12,0.033,"[35.0, -10.1, 3.1]",1,2,0.00795
540.54,51600,2019-10-31 07:27:49,0.044,"[35.8, -9.8, 3.1]",1,2,0.00901
541.39,51700,2019-10-31 07:36:32,0.048,"[30.5, -8.6, 7.1]",2,2,0.00823
542.26,51800,2019-10-31 07:45:37,0.03,"[4.0, -15.4, 7.2]",19,2,0.00646
543.08,51900,2019-10-31 07:53:51,0.044,"[30.6, -8.1, 7.1]",2,2,0.00916
543.94,52000,2019-10-31 08:03:49,0.043,"[36.1, -10.4, 3.1]",1,2,0.00949
544.77,52100,2019-10-31 08:12:19,0.049,"[37.4, -9.9, 3.1]",1,2,0.00752
545.67,52200,2019-10-31 08:21:49,0.044,"[36.9, -9.3, 3.1]",1,2,0.0101
546.51,52300,2019-10-31 08:30:08,0.037,"[37.0, -10.3, 3.1]",1,2,0.00895
547.41,52400,2019-10-31 08:39:54,0.034,"[4.0, -15.4, 7.2]",19,2,0.00891
548.23,52500,2019-10-31 08:47:55,0.031,"[4.0, -15.4, 7.2]",19,2,0.00765
549.07,52600,2019-10-31 08:56:26,0.037,"[4.0, -15.4, 7.2]",19,2,0.00948
549.93,52700,2019-10-31 09:04:46,0.047,"[4.0, -15.4, 7.2]",19,3,0.0091
550.73,52800,2019-10-31 09:13:02,0.037,"[35.4, -10.3, 3.1]",1,2,0.00869
551.53,52900,2019-10-31 09:21:10,0.047,"[36.8, -9.1, 3.1]",1,2,0.00855
552.42,53000,2019-10-31 09:30:05,0.035,"[4.0, -15.4, 7.2]",19,2,0.00868
553.31,53100,2019-10-31 09:39:55,0.037,"[35.0, -9.2, 3.1]",1,2,0.00776
554.21,53200,2019-10-31 09:49:26,0.049,"[4.0, -15.4, 7.2]",19,3,0.00943
555.09,53300,2019-10-31 09:57:49,0.031,"[34.9, -8.3, 3.1]",1,2,0.00818
555.94,53400,2019-10-31 10:06:04,0.037,"[35.4, -9.6, 3.1]",1,2,0.00914
556.83,53500,2019-10-31 10:15:07,0.05,"[37.4, -9.8, 3.1]",1,2,0.00818
557.69,53600,2019-10-31 10:23:20,0.041,"[35.4, -10.7, 3.1]",1,2,0.00841
558.58,53700,2019-10-31 10:31:55,0.033,"[36.2, -9.8, 3.1]",1,2,0.00809
559.46,53800,2019-10-31 10:40:05,0.037,"[36.1, -8.8, 3.1]",1,2,0.00873
560.39,53900,2019-10-31 10:49:26,0.033,"[36.6, -8.8, 3.1]",1,2,0.00449
561.27,54000,2019-10-31 10:57:30,0.047,"[4.0, -15.4, 7.2]",19,4,0.0102
562.24,54100,2019-10-31 11:06:59,0.043,"[36.0, -8.9, 3.1]",1,2,0.0096
563.15,54200,2019-10-31 11:15:41,0.042,"[37.3, -10.6, 3.1]",1,2,0.00882
564.04,54300,2019-10-31 11:24:57,0.042,"[37.2, -9.4, 3.1]",1,2,0.00853
564.98,54400,2019-10-31 11:34:34,0.039,"[4.0, -15.4, 7.2]",19,2,0.00855
565.86,54500,2019-10-31 11:43:00,0.035,"[4.0, -15.4, 7.2]",19,2,0.00882
566.81,54600,2019-10-31 11:52:47,0.033,"[37.2, -10.5, 3.1]",1,2,0.00771
567.71,54700,2019-10-31 12:01:58,0.047,"[37.3, -9.8, 3.1]",1,2,0.00847
568.63,54800,2019-10-31 12:11:50,0.05,"[4.0, -15.4, 7.2]",19,3,0.00998
569.56,54900,2019-10-31 12:20:45,0.044,"[35.0, -10.3, 3.1]",1,2,0.00985
570.42,55000,2019-10-31 12:30:06,0.036,"[35.8, -10.1, 3.1]",1,2,0.00843
571.33,55100,2019-10-31 12:39:17,0.039,"[4.0, -15.4, 7.2]",19,2,0.00891
572.24,55200,2019-10-31 12:48:40,0.037,"[4.0, -15.4, 7.2]",19,2,0.00917
573.14,55300,2019-10-31 12:58:09,0.043,"[4.0, -15.4, 7.2]",19,2,0.0099
574.08,55400,2019-10-31 13:08:25,0.038,"[4.0, -15.4, 7.2]",19,2,0.00925
575.01,55500,2019-10-31 13:17:28,0.05,"[37.1, -10.5, 3.1]",1,2,0.0107
575.93,55600,2019-10-31 13:26:30,0.047,"[35.2, -10.0, 3.1]",1,2,0.0095
576.83,55700,2019-10-31 13:36:14,0.038,"[34.6, -8.1, 3.1]",1,2,0.00871
577.69,55800,2019-10-31 13:44:43,0.036,"[35.3, -9.8, 3.1]",1,2,0.00755
578.58,55900,2019-10-31 13:53:39,0.045,"[4.0, -15.4, 7.2]",19,3,0.00936
579.45,56000,2019-10-31 14:03:05,0.042,"[34.8, -10.4, 3.1]",1,2,0.00814
580.25,56100,2019-10-31 14:11:07,0.038,"[37.0, -9.8, 3.1]",1,2,0.00912
581.17,56200,2019-10-31 14:20:46,0.037,"[4.0, -15.4, 7.2]",19,2,0.00966
582.11,56300,2019-10-31 14:30:27,0.046,"[4.0, -15.4, 7.2]",19,4,0.0099
583.01,56400,2019-10-31 14:40:00,0.039,"[36.9, -9.0, 3.1]",1,2,0.00846
583.93,56500,2019-10-31 14:49:06,0.041,"[30.3, -11.9, 7.0]",6,2,0.00955
584.81,56600,2019-10-31 14:57:29,0.035,"[36.0, -10.0, 3.1]",1,2,0.00858
585.78,56700,2019-10-31 15:07:21,0.046,"[4.0, -15.4, 7.2]",19,4,0.0101
586.61,56800,2019-10-31 15:16:06,0.031,"[4.0, -15.4, 7.2]",19,2,0.00818
587.5,56900,2019-10-31 15:25:37,0.047,"[37.1, -9.6, 3.1]",1,2,0.00915
588.38,57000,2019-10-31 15:34:00,0.032,"[4.0, -15.4, 7.2]",19,2,0.00744
589.26,57100,2019-10-31 15:43:46,0.048,"[4.0, -15.4, 7.2]",19,3,0.01
590.19,57200,2019-10-31 15:53:25,0.039,"[35.6, -9.2, 3.1]",1,2,0.00935
591.16,57300,2019-10-31 16:03:53,0.041,"[30.8, -9.0, 7.1]",2,2,0.0107
592.13,57400,2019-10-31 16:14:56,0.038,"[4.0, -15.4, 7.2]",19,2,0.00932
592.99,57500,2019-10-31 16:23:42,0.044,"[37.2, -9.6, 3.1]",1,2,0.00829
593.93,57600,2019-10-31 16:34:01,0.034,"[4.0, -15.4, 7.2]",19,2,0.00877
594.82,57700,2019-10-31 16:42:32,0.038,"[34.9, -8.9, 3.1]",1,2,0.00854
595.73,57800,2019-10-31 16:52:08,0.048,"[35.7, -10.1, 3.1]",1,2,0.0091
596.6,57900,2019-10-31 17:01:40,0.048,"[4.0, -15.4, 7.2]",19,4,0.00988
597.47,58000,2019-10-31 17:11:03,0.033,"[37.0, -9.8, 3.1]",1,2,0.00781
598.32,58100,2019-10-31 17:19:58,0.033,"[4.0, -15.4, 7.2]",19,2,0.00831
599.23,58200,2019-10-31 17:29:33,0.039,"[4.0, -15.4, 7.2]",19,2,0.00957
600.12,58300,2019-10-31 17:39:05,0.038,"[30.7, -7.9, 7.0]",6,2,0.00857
601.05,58400,2019-10-31 17:49:43,0.041,"[35.0, -10.7, 3.1]",1,2,0.00939
601.98,58500,2019-10-31 17:59:32,0.047,"[30.8, -9.6, 7.1]",2,2,0.0102
602.93,58600,2019-10-31 18:10:06,0.037,"[35.1, -9.6, 3.1]",1,2,0.00877
603.86,58700,2019-10-31 18:19:40,0.043,"[4.0, -15.4, 7.2]",19,2,0.00978
604.81,58800,2019-10-31 18:30:09,0.052,"[4.0, -15.4, 7.2]",19,10,0.0106
605.73,58900,2019-10-31 18:39:55,0.035,"[4.0, -15.4, 7.2]",19,2,0.00821
606.59,59000,2019-10-31 18:48:46,0.034,"[37.4, -10.3, 3.1]",1,2,0.00802
607.48,59100,2019-10-31 18:58:37,0.041,"[35.7, -9.3, 3.1]",1,2,0.00891
608.42,59200,2019-10-31 19:09:09,0.054,"[4.0, -15.4, 7.2]",19,10,0.0108
609.3,59300,2019-10-31 19:19:22,0.044,"[4.0, -15.4, 7.2]",19,2,0.01
610.24,59400,2019-10-31 19:30:11,0.04,"[4.0, -15.4, 7.2]",19,2,0.00876
611.17,59500,2019-10-31 19:40:44,0.039,"[4.0, -15.4, 7.2]",19,2,0.00888
612.17,59600,2019-10-31 19:51:39,0.045,"[4.0, -15.4, 7.2]",19,2,0.0105
613.04,59700,2019-10-31 20:01:00,0.04,"[4.0, -15.4, 7.2]",19,2,0.00883
613.97,59800,2019-10-31 20:11:41,0.031,"[4.0, -15.4, 7.2]",19,2,0.0079
614.83,59900,2019-10-31 20:21:38,0.045,"[35.0, -9.6, 3.1]",1,2,0.00887
615.68,60000,2019-10-31 20:30:40,0.034,"[35.6, -9.6, 3.1]",1,2,0.00797
616.52,60100,2019-10-31 20:40:22,0.047,"[4.0, -15.4, 7.2]",19,3,0.00944
617.39,60200,2019-10-31 20:49:55,0.035,"[4.0, -15.4, 7.2]",19,2,0.00733
618.22,60300,2019-10-31 20:59:22,0.033,"[4.0, -15.4, 7.2]",19,2,0.00787
619.08,60400,2019-10-31 21:08:45,0.046,"[4.0, -15.4, 7.2]",19,2,0.00976
619.93,60500,2019-10-31 21:17:32,0.041,"[36.3, -8.9, 3.1]",1,2,0.0098
620.78,60600,2019-10-31 21:26:53,0.044,"[30.6, -9.1, 7.1]",2,2,0.00934
621.61,60700,2019-10-31 21:35:44,0.041,"[34.9, -9.0, 3.1]",1,2,0.00819
622.48,60800,2019-10-31 21:45:04,0.041,"[35.4, -9.1, 3.1]",1,2,0.0088
623.37,60900,2019-10-31 21:54:24,0.036,"[4.0, -15.4, 7.2]",19,2,0.00852
624.24,61000,2019-10-31 22:03:49,0.037,"[35.7, -8.7, 3.1]",1,2,0.009
625.12,61100,2019-10-31 22:13:24,0.04,"[35.0, -10.8, 3.1]",1,2,0.0074
625.99,61200,2019-10-31 22:22:49,0.04,"[4.0, -15.4, 7.2]",19,2,0.00942
626.84,61300,2019-10-31 22:31:45,0.045,"[34.9, -10.3, 3.1]",1,2,0.00902
627.77,61400,2019-10-31 22:41:56,0.037,"[4.0, -15.4, 7.2]",19,2,0.00872
628.63,61500,2019-10-31 22:51:25,0.038,"[4.0, -15.4, 7.2]",19,2,0.00816
629.51,61600,2019-10-31 23:01:25,0.046,"[4.0, -15.4, 7.2]",19,4,0.00965
630.41,61700,2019-10-31 23:12:02,0.04,"[4.0, -15.4, 7.2]",19,2,0.0089
631.31,61800,2019-10-31 23:21:56,0.046,"[35.2, -10.8, 3.1]",1,2,0.00854
632.21,61900,2019-10-31 23:31:46,0.044,"[4.0, -15.4, 7.2]",19,2,0.0099
633.12,62000,2019-10-31 23:42:33,0.048,"[35.7, -10.3, 6.3]",1,2,0.00814
633.99,62100,2019-10-31 23:52:40,0.035,"[4.0, -15.4, 7.2]",19,2,0.00793
634.89,62200,2019-11-01 00:03:11,0.047,"[4.0, -15.4, 7.2]",19,2,0.0103
635.77,62300,2019-11-01 00:14:00,0.043,"[4.0, -15.4, 7.2]",19,2,0.00916
636.61,62400,2019-11-01 00:24:13,0.04,"[4.0, -15.4, 7.2]",19,2,0.00857
637.48,62500,2019-11-01 00:33:52,0.043,"[4.0, -15.4, 7.2]",19,2,0.00888
638.36,62600,2019-11-01 00:43:22,0.043,"[4.0, -15.4, 7.2]",19,2,0.0096
639.25,62700,2019-11-01 00:53:31,0.041,"[4.0, -15.4, 7.2]",19,2,0.00914
640.16,62800,2019-11-01 01:03:46,0.044,"[4.0, -15.4, 7.2]",19,2,0.0102
641.01,62900,2019-11-01 01:13:22,0.039,"[4.0, -15.4, 7.2]",19,2,0.00932
641.95,63000,2019-11-01 01:23:02,0.039,"[4.0, -15.4, 7.2]",19,2,0.00897
642.77,63100,2019-11-01 01:31:47,0.034,"[4.0, -15.4, 7.2]",19,2,0.00834
643.64,63200,2019-11-01 01:41:20,0.047,"[4.0, -15.4, 7.2]",19,4,0.00974
644.6,63300,2019-11-01 01:51:37,0.042,"[35.1, -10.5, 3.1]",1,2,0.0101
645.53,63400,2019-11-01 02:01:47,0.046,"[30.5, -8.4, 7.1]",2,2,0.00902
646.43,63500,2019-11-01 02:11:37,0.038,"[4.0, -15.4, 7.2]",19,2,0.00867
647.34,63600,2019-11-01 02:21:19,0.05,"[4.0, -15.4, 7.2]",19,3,0.00954
648.25,63700,2019-11-01 02:31:29,0.043,"[4.0, -15.4, 7.2]",19,2,0.00933
649.1,63800,2019-11-01 02:40:44,0.044,"[37.0, -9.7, 3.1]",1,2,0.00907
649.99,63900,2019-11-01 02:50:47,0.043,"[37.3, -8.9, 6.5]",1,2,0.00913
650.9,64000,2019-11-01 03:01:02,0.044,"[4.0, -15.4, 7.2]",19,2,0.00866
651.82,64100,2019-11-01 03:11:11,0.038,"[4.0, -15.4, 7.2]",19,2,0.00854
652.7,64200,2019-11-01 03:21:35,0.044,"[4.0, -15.4, 7.2]",19,2,0.00956
653.56,64300,2019-11-01 03:31:02,0.043,"[30.5, -9.3, 7.1]",2,2,0.00903
654.43,64400,2019-11-01 03:40:51,0.044,"[4.0, -15.4, 7.2]",19,2,0.00947
655.3,64500,2019-11-01 03:50:52,0.039,"[4.0, -15.4, 7.2]",19,2,0.00879
656.17,64600,2019-11-01 04:00:29,0.048,"[4.0, -15.4, 7.2]",19,3,0.00888
657.01,64700,2019-11-01 04:10:13,0.04,"[4.0, -15.4, 7.2]",19,2,0.00857
657.86,64800,2019-11-01 04:19:50,0.037,"[35.7, -9.5, 3.1]",1,2,0.00869
658.73,64900,2019-11-01 04:29:08,0.044,"[4.0, -15.4, 7.2]",19,2,0.00908
659.63,65000,2019-11-01 04:39:23,0.042,"[4.0, -15.4, 7.2]",19,2,0.00964
660.44,65100,2019-11-01 04:48:10,0.037,"[4.0, -15.4, 7.2]",19,2,0.00857
661.35,65200,2019-11-01 04:58:43,0.042,"[35.0, -10.7, 3.1]",1,2,0.00836
662.24,65300,2019-11-01 05:08:47,0.043,"[4.0, -15.4, 7.2]",19,2,0.0091
663.15,65400,2019-11-01 05:18:57,0.038,"[4.0, -15.4, 7.2]",19,2,0.00838
663.99,65500,2019-11-01 05:28:40,0.042,"[36.8, -10.6, 3.1]",1,2,0.00913
664.87,65600,2019-11-01 05:38:28,0.031,"[4.0, -15.4, 7.2]",19,2,0.00676
665.75,65700,2019-11-01 05:48:25,0.049,"[4.0, -15.4, 7.2]",19,3,0.00869
666.62,65800,2019-11-01 05:58:20,0.044,"[4.0, -15.4, 7.2]",19,2,0.00954
667.5,65900,2019-11-01 06:07:57,0.042,"[35.4, -9.1, 3.1]",1,2,0.00889
668.4,66000,2019-11-01 06:18:38,0.039,"[36.4, -10.2, 3.1]",1,2,0.00782
669.32,66100,2019-11-01 06:29:06,0.038,"[4.0, -15.4, 7.2]",19,2,0.00822
670.17,66200,2019-11-01 06:38:51,0.042,"[4.0, -15.4, 7.2]",19,2,0.00909
671.04,66300,2019-11-01 06:48:25,0.039,"[4.0, -15.4, 7.2]",19,2,0.00886
671.99,66400,2019-11-01 06:58:59,0.039,"[4.0, -15.4, 7.2]",19,2,0.00918
672.86,66500,2019-11-01 07:09:19,0.045,"[35.4, -8.4, 3.1]",1,2,0.00904
673.78,66600,2019-11-01 07:19:32,0.037,"[4.0, -15.4, 7.2]",19,2,0.00862
674.63,66700,2019-11-01 07:29:37,0.035,"[4.0, -15.4, 7.2]",19,2,0.0079
675.49,66800,2019-11-01 07:39:25,0.046,"[4.0, -15.4, 7.2]",19,3,0.00854
676.41,66900,2019-11-01 07:49:35,0.037,"[4.0, -15.4, 7.2]",19,2,0.00813
677.27,67000,2019-11-01 08:00:09,0.039,"[4.0, -15.4, 7.2]",19,2,0.00879
678.15,67100,2019-11-01 08:10:12,0.037,"[37.2, -10.0, 3.1]",1,2,0.00836
679.07,67200,2019-11-01 08:20:09,0.038,"[34.8, -10.2, 3.1]",1,2,0.00791
679.96,67300,2019-11-01 08:29:40,0.04,"[4.0, -15.4, 7.2]",19,2,0.0085
680.87,67400,2019-11-01 08:40:07,0.057,"[4.0, -15.4, 7.2]",19,10,0.0107
681.79,67500,2019-11-01 08:50:07,0.044,"[4.0, -15.4, 7.2]",19,2,0.00927
682.67,67600,2019-11-01 08:59:57,0.055,"[4.0, -15.4, 7.2]",19,10,0.00976
683.61,67700,2019-11-01 09:11:14,0.039,"[4.0, -15.4, 7.2]",19,2,0.00861
684.43,67800,2019-11-01 09:21:08,0.05,"[4.0, -15.4, 7.2]",19,3,0.00857
685.29,67900,2019-11-01 09:30:33,0.042,"[4.0, -15.4, 7.2]",19,2,0.00972
686.2,68000,2019-11-01 09:40:32,0.048,"[4.0, -15.4, 7.2]",19,2,0.0102
687.04,68100,2019-11-01 09:50:18,0.045,"[30.3, -8.7, 7.0]",6,2,0.00893
687.93,68200,2019-11-01 10:01:05,0.041,"[4.0, -15.4, 7.2]",19,2,0.00893
688.83,68300,2019-11-01 10:11:23,0.042,"[4.0, -15.4, 7.2]",19,2,0.00888
689.71,68400,2019-11-01 10:21:55,0.047,"[4.0, -15.4, 7.2]",19,3,0.00835
690.58,68500,2019-11-01 10:31:53,0.041,"[4.0, -15.4, 7.2]",19,2,0.00905
691.45,68600,2019-11-01 10:42:06,0.041,"[4.0, -15.4, 7.2]",19,2,0.00885
692.33,68700,2019-11-01 10:52:10,0.047,"[4.0, -15.4, 7.2]",19,2,0.0101
693.2,68800,2019-11-01 11:01:46,0.042,"[4.0, -15.4, 7.2]",19,2,0.00872
694.07,68900,2019-11-01 11:11:41,0.042,"[4.0, -15.4, 7.2]",19,2,0.00898
694.91,69000,2019-11-01 11:21:12,0.042,"[4.0, -15.4, 7.2]",19,2,0.00836
695.76,69100,2019-11-01 11:31:11,0.034,"[4.0, -15.4, 7.2]",19,2,0.00747
696.68,69200,2019-11-01 11:46:12,0.049,"[4.0, -15.4, 7.2]",19,2,0.00995
697.55,69300,2019-11-01 11:57:36,0.038,"[4.0, -15.4, 7.2]",19,2,0.00837
698.41,69400,2019-11-01 12:22:21,0.04,"[4.0, -15.4, 7.2]",19,2,0.00869
699.28,69500,2019-11-01 12:35:36,0.037,"[35.2, -9.8, 3.1]",1,2,0.00706
700.18,69600,2019-11-01 12:59:24,0.043,"[4.0, -15.4, 7.2]",19,2,0.00865
701.02,69700,2019-11-01 13:19:45,0.042,"[4.0, -15.4, 7.2]",19,2,0.00917
701.9,69800,2019-11-01 13:48:18,0.048,"[4.0, -15.4, 7.2]",19,4,0.00924
702.77,69900,2019-11-01 14:00:23,0.041,"[4.0, -15.4, 7.2]",19,2,0.00881
703.63,70000,2019-11-01 14:11:06,0.042,"[4.0, -15.4, 7.2]",19,2,0.00907
704.49,70100,2019-11-01 14:20:57,0.042,"[4.0, -15.4, 7.2]",19,2,0.00866
705.34,70200,2019-11-01 14:31:12,0.039,"[4.0, -15.4, 7.2]",19,2,0.00856
706.23,70300,2019-11-01 14:41:21,0.04,"[37.3, -10.4, 3.1]",1,2,0.00765
707.12,70400,2019-11-01 14:51:35,0.045,"[4.0, -15.4, 7.2]",19,2,0.00916
707.99,70500,2019-11-01 15:00:53,0.042,"[4.0, -15.4, 7.2]",19,2,0.00879
708.86,70600,2019-11-01 15:13:20,0.043,"[4.0, -15.4, 7.2]",19,2,0.00927
709.79,70700,2019-11-01 15:23:52,0.043,"[4.0, -15.4, 7.2]",19,2,0.00916
710.69,70800,2019-11-01 15:34:23,0.045,"[4.0, -15.4, 7.2]",19,2,0.00977
711.62,70900,2019-11-01 15:45:45,0.05,"[4.0, -15.4, 7.2]",19,4,0.00935
712.48,71000,2019-11-01 15:57:48,0.041,"[4.0, -15.4, 7.2]",19,2,0.00848
713.42,71100,2019-11-01 16:08:45,0.048,"[34.8, -10.5, 3.1]",1,2,0.00881
714.29,71200,2019-11-01 16:18:43,0.049,"[4.0, -15.4, 7.2]",19,2,0.00987
715.23,71300,2019-11-01 16:29:04,0.054,"[4.0, -15.4, 7.2]",19,10,0.00972
716.12,71400,2019-11-01 16:38:56,0.045,"[34.9, -10.4, 3.1]",1,2,0.00888
716.98,71500,2019-11-01 16:48:35,0.034,"[4.0, -15.4, 7.2]",19,2,0.00702
717.88,71600,2019-11-01 16:59:13,0.056,"[4.0, -15.4, 7.2]",19,10,0.0102
718.76,71700,2019-11-01 17:08:54,0.049,"[4.0, -15.4, 7.2]",19,2,0.0105
719.7,71800,2019-11-01 17:19:50,0.046,"[4.0, -15.4, 7.2]",19,2,0.0097
720.6,71900,2019-11-01 17:32:16,0.047,"[4.0, -15.4, 7.2]",19,3,0.00818
721.45,72000,2019-11-01 17:40:06,0.039,"[35.1, -10.5, 3.1]",1,2,0.00752
722.35,72100,2019-11-01 17:48:35,0.053,"[4.0, -15.4, 7.2]",19,10,0.00951
723.31,72200,2019-11-01 17:57:45,0.05,"[4.0, -15.4, 7.2]",19,2,0.0096
724.23,72300,2019-11-01 18:06:13,0.044,"[35.3, -9.6, 3.1]",1,2,0.00864
725.16,72400,2019-11-01 18:14:40,0.059,"[4.0, -15.4, 7.2]",19,10,0.0103
726.09,72500,2019-11-01 18:23:28,0.059,"[4.0, -15.4, 7.2]",19,10,0.00989
727.0,72600,2019-11-01 18:31:06,0.045,"[4.0, -15.4, 7.2]",19,2,0.00946
727.93,72700,2019-11-01 18:39:22,0.044,"[4.0, -15.4, 7.2]",19,2,0.0102
728.83,72800,2019-11-01 18:47:52,0.047,"[4.0, -15.4, 7.2]",19,2,0.00961
729.8,72900,2019-11-01 18:56:39,0.046,"[4.0, -15.4, 7.2]",19,2,0.00913
730.7,73000,2019-11-01 19:05:14,0.043,"[4.0, -15.4, 7.2]",19,2,0.0096
731.6,73100,2019-11-01 19:13:33,0.044,"[4.0, -15.4, 7.2]",19,2,0.00903
732.51,73200,2019-11-01 19:21:57,0.043,"[4.0, -15.4, 7.2]",19,2,0.00833
733.43,73300,2019-11-01 19:30:42,0.04,"[4.0, -15.4, 7.2]",19,2,0.00849
734.28,73400,2019-11-01 19:39:00,0.04,"[4.0, -15.4, 7.2]",19,2,0.00849
735.11,73500,2019-11-01 19:46:42,0.047,"[30.8, -9.1, 7.0]",6,2,0.00887
736.03,73600,2019-11-01 19:55:16,0.046,"[4.0, -15.4, 7.2]",19,2,0.00979
736.93,73700,2019-11-01 20:03:47,0.045,"[4.0, -15.4, 7.2]",19,2,0.0093
737.84,73800,2019-11-01 20:12:23,0.045,"[4.0, -15.4, 7.2]",19,2,0.00916
738.77,73900,2019-11-01 20:21:18,0.05,"[30.6, -8.7, 7.1]",2,2,0.00912
739.71,74000,2019-11-01 20:30:04,0.045,"[4.0, -15.4, 7.2]",19,2,0.00934
740.62,74100,2019-11-01 20:38:33,0.049,"[4.0, -15.4, 7.2]",19,2,0.00988
741.5,74200,2019-11-01 20:46:35,0.044,"[36.0, -9.0, 3.1]",1,2,0.00747
742.42,74300,2019-11-01 20:55:22,0.047,"[36.1, -9.2, 3.1]",1,2,0.0094
743.35,74400,2019-11-01 21:03:44,0.046,"[35.4, -8.3, 3.1]",1,2,0.00901
744.28,74500,2019-11-01 21:12:12,0.047,"[4.0, -15.4, 7.2]",19,4,0.00934
745.27,74600,2019-11-01 21:21:26,0.043,"[36.7, -9.2, 3.1]",1,2,0.00865
746.15,74700,2019-11-01 21:28:50,0.059,"[4.0, -15.4, 7.2]",19,10,0.0104
747.06,74800,2019-11-01 21:37:22,0.045,"[34.6, -8.2, 3.1]",1,2,0.00983
748.01,74900,2019-11-01 21:46:11,0.045,"[37.2, -10.1, 3.1]",1,2,0.00955
748.92,75000,2019-11-01 21:54:40,0.043,"[4.0, -15.4, 7.2]",19,2,0.0088
749.8,75100,2019-11-01 22:02:56,0.049,"[4.0, -15.4, 7.2]",19,4,0.00943
750.75,75200,2019-11-01 22:11:55,0.046,"[4.0, -15.4, 7.2]",19,2,0.00988
751.61,75300,2019-11-01 22:19:34,0.046,"[4.0, -15.4, 7.2]",19,2,0.00921
752.51,75400,2019-11-01 22:27:46,0.05,"[4.0, -15.4, 7.2]",19,3,0.00876
753.42,75500,2019-11-01 22:36:05,0.05,"[4.0, -15.4, 7.2]",19,2,0.0102
754.3,75600,2019-11-01 22:44:11,0.043,"[4.0, -15.4, 7.2]",19,2,0.00904
755.18,75700,2019-11-01 22:52:25,0.034,"[4.0, -15.4, 7.2]",19,2,0.00771
756.07,75800,2019-11-01 23:00:59,0.045,"[4.0, -15.4, 7.2]",19,2,0.00889
756.96,75900,2019-11-01 23:09:16,0.041,"[4.0, -15.4, 7.2]",19,2,0.0085
757.86,76000,2019-11-01 23:18:07,0.044,"[34.8, -10.2, 3.1]",1,2,0.00888
758.72,76100,2019-11-01 23:25:58,0.052,"[4.0, -15.4, 7.2]",19,10,0.00884
759.63,76200,2019-11-01 23:34:00,0.045,"[37.1, -10.1, 3.1]",1,2,0.00806
760.5,76300,2019-11-01 23:42:01,0.044,"[37.2, -8.5, 3.1]",1,2,0.00866
761.43,76400,2019-11-01 23:50:47,0.061,"[4.0, -15.4, 7.2]",19,10,0.0104
762.38,76500,2019-11-02 00:00:01,0.057,"[4.0, -15.4, 7.2]",19,10,0.00987
763.3,76600,2019-11-02 00:08:43,0.044,"[4.0, -15.4, 7.2]",19,2,0.00909
764.18,76700,2019-11-02 00:17:14,0.042,"[34.8, -8.5, 3.1]",1,2,0.00849
765.13,76800,2019-11-02 00:25:36,0.058,"[4.0, -15.4, 7.2]",19,10,0.01
766.06,76900,2019-11-02 00:34:21,0.048,"[35.1, -9.0, 3.1]",1,2,0.00837
767.01,77000,2019-11-02 00:43:22,0.043,"[35.9, -9.3, 3.1]",1,2,0.00864
767.89,77100,2019-11-02 00:51:50,0.05,"[4.0, -15.4, 7.2]",19,4,0.00921
768.75,77200,2019-11-02 01:01:08,0.04,"[4.0, -15.4, 7.2]",19,2,0.00807
769.65,77300,2019-11-02 01:09:25,0.039,"[4.0, -15.4, 7.2]",19,2,0.00871
770.53,77400,2019-11-02 01:17:28,0.059,"[4.0, -15.4, 7.2]",19,10,0.0102
771.38,77500,2019-11-02 01:25:45,0.044,"[35.1, -9.3, 3.1]",1,2,0.00798
772.22,77600,2019-11-02 01:33:37,0.04,"[4.0, -15.4, 7.2]",19,2,0.00825
773.13,77700,2019-11-02 01:42:05,0.049,"[4.0, -15.4, 7.2]",19,2,0.0101
773.99,77800,2019-11-02 01:50:06,0.044,"[35.0, -10.1, 3.1]",1,2,0.00864
774.87,77900,2019-11-02 01:58:30,0.044,"[4.0, -15.4, 7.2]",19,2,0.00888
775.77,78000,2019-11-02 02:06:44,0.049,"[36.3, -9.4, 3.1]",1,2,0.00877
776.69,78100,2019-11-02 02:15:21,0.044,"[4.0, -15.4, 7.2]",19,2,0.00945
777.56,78200,2019-11-02 02:23:40,0.044,"[4.0, -15.4, 7.2]",19,2,0.00903
778.44,78300,2019-11-02 02:31:46,0.046,"[4.0, -15.4, 7.2]",19,3,0.0081
779.29,78400,2019-11-02 02:40:12,0.041,"[36.0, -11.0, 6.4]",1,2,0.0087
780.11,78500,2019-11-02 02:47:47,0.04,"[35.6, -8.4, 3.1]",1,2,0.00766
781.01,78600,2019-11-02 02:56:27,0.038,"[4.0, -15.4, 7.2]",19,2,0.00829
781.9,78700,2019-11-02 03:05:19,0.036,"[4.0, -15.4, 7.2]",19,2,0.00803
782.78,78800,2019-11-02 03:13:29,0.045,"[34.9, -10.1, 3.1]",1,2,0.0089
783.71,78900,2019-11-02 03:21:47,0.042,"[37.1, -10.5, 3.1]",1,2,0.00909
784.68,79000,2019-11-02 03:31:02,0.045,"[4.0, -15.4, 7.2]",19,2,0.01
785.58,79100,2019-11-02 03:39:56,0.044,"[4.0, -15.4, 7.2]",19,2,0.00829
786.45,79200,2019-11-02 03:47:55,0.042,"[4.0, -15.4, 7.2]",19,2,0.0081
787.34,79300,2019-11-02 03:56:25,0.045,"[4.0, -15.4, 7.2]",19,2,0.00945
788.24,79400,2019-11-02 04:05:08,0.045,"[4.0, -15.4, 7.2]",19,2,0.00896
789.19,79500,2019-11-02 04:13:49,0.047,"[4.0, -15.4, 7.2]",19,2,0.00958
790.2,79600,2019-11-02 04:22:52,0.047,"[30.8, -11.5, 7.0]",6,2,0.0105
791.11,79700,2019-11-02 04:31:31,0.055,"[4.0, -15.4, 7.2]",19,10,0.00961
792.03,79800,2019-11-02 04:40:17,0.048,"[36.0, -8.3, 6.4]",1,2,0.00919
792.93,79900,2019-11-02 04:48:45,0.039,"[4.0, -15.4, 7.2]",19,2,0.00883
793.84,80000,2019-11-02 04:57:21,0.043,"[4.0, -15.4, 7.2]",19,2,0.00929
794.77,80100,2019-11-02 05:05:54,0.061,"[4.0, -15.4, 7.2]",19,10,0.0101
795.69,80200,2019-11-02 05:14:40,0.041,"[4.0, -15.4, 7.2]",19,2,0.00873
796.61,80300,2019-11-02 05:23:07,0.041,"[35.1, -10.2, 3.1]",1,2,0.00886
797.5,80400,2019-11-02 05:31:46,0.061,"[4.0, -15.4, 7.2]",19,10,0.0104
798.43,80500,2019-11-02 05:40:32,0.046,"[4.0, -15.4, 7.2]",19,2,0.00955
799.33,80600,2019-11-02 05:49:10,0.05,"[4.0, -15.4, 7.2]",19,3,0.0084
800.19,80700,2019-11-02 05:57:23,0.041,"[35.3, -9.2, 3.1]",1,2,0.00709
801.08,80800,2019-11-02 06:05:47,0.046,"[4.0, -15.4, 7.2]",19,4,0.0085
801.94,80900,2019-11-02 06:14:03,0.044,"[4.0, -15.4, 7.2]",19,2,0.00935
802.81,81000,2019-11-02 06:22:23,0.038,"[4.0, -15.4, 7.2]",19,2,0.00839
803.75,81100,2019-11-02 06:31:13,0.045,"[4.0, -15.4, 7.2]",19,2,0.00961
804.6,81200,2019-11-02 06:39:25,0.044,"[4.0, -15.4, 7.2]",19,2,0.00944
805.53,81300,2019-11-02 06:47:26,0.037,"[4.0, -15.4, 7.2]",19,2,0.0088
806.45,81400,2019-11-02 06:56:01,0.041,"[4.0, -15.4, 7.2]",19,2,0.00835
807.3,81500,2019-11-02 07:04:25,0.049,"[35.7, -9.5, 3.1]",1,2,0.00914
808.14,81600,2019-11-02 07:12:22,0.04,"[4.0, -15.4, 7.2]",19,2,0.00822
809.03,81700,2019-11-02 07:20:52,0.045,"[4.0, -15.4, 7.2]",19,2,0.00925
809.91,81800,2019-11-02 07:29:24,0.048,"[36.0, -11.1, 6.4]",1,2,0.00971
810.78,81900,2019-11-02 07:38:11,0.045,"[4.0, -15.4, 7.2]",19,2,0.00891
811.67,82000,2019-11-02 07:46:33,0.044,"[35.1, -10.8, 3.1]",1,2,0.00857
812.55,82100,2019-11-02 07:54:44,0.045,"[4.0, -15.4, 7.2]",19,2,0.00926
813.43,82200,2019-11-02 08:02:49,0.05,"[4.0, -15.4, 7.2]",19,4,0.00884
814.34,82300,2019-11-02 08:10:54,0.045,"[4.0, -15.4, 7.2]",19,2,0.00904
815.27,82400,2019-11-02 08:19:28,0.049,"[4.0, -15.4, 7.2]",19,2,0.0104
816.19,82500,2019-11-02 08:28:34,0.044,"[4.0, -15.4, 7.2]",19,2,0.00928
817.05,82600,2019-11-02 08:36:23,0.061,"[4.0, -15.4, 7.2]",19,10,0.0103
817.96,82700,2019-11-02 08:45:08,0.038,"[4.0, -15.4, 7.2]",19,2,0.00806
818.88,82800,2019-11-02 08:54:18,0.047,"[4.0, -15.4, 7.2]",19,2,0.00975
819.8,82900,2019-11-02 09:02:47,0.049,"[4.0, -15.4, 7.2]",19,2,0.00958
820.74,83000,2019-11-02 09:11:20,0.045,"[4.0, -15.4, 7.2]",19,2,0.00925
821.66,83100,2019-11-02 09:20:03,0.038,"[4.0, -15.4, 7.2]",19,2,0.00821
822.56,83200,2019-11-02 09:28:33,0.044,"[4.0, -15.4, 7.2]",19,2,0.00851
823.44,83300,2019-11-02 09:36:56,0.036,"[4.0, -15.4, 7.2]",19,2,0.00748
824.38,83400,2019-11-02 09:46:14,0.042,"[4.0, -15.4, 7.2]",19,2,0.0085
825.21,83500,2019-11-02 09:54:11,0.048,"[4.0, -15.4, 7.2]",19,2,0.00954
826.12,83600,2019-11-02 10:02:33,0.047,"[35.1, -9.5, 3.1]",1,2,0.00856
827.03,83700,2019-11-02 10:11:33,0.055,"[4.0, -15.4, 7.2]",19,10,0.0104
827.97,83800,2019-11-02 10:20:14,0.047,"[4.0, -15.4, 7.2]",19,2,0.00964
828.87,83900,2019-11-02 10:28:48,0.041,"[4.0, -15.4, 7.2]",19,2,0.00808
829.73,84000,2019-11-02 10:37:11,0.041,"[4.0, -15.4, 7.2]",19,2,0.00889
830.6,84100,2019-11-02 10:45:29,0.039,"[4.0, -15.4, 7.2]",19,2,0.00851
831.49,84200,2019-11-02 10:53:33,0.044,"[4.0, -15.4, 7.2]",19,3,0.00772
832.36,84300,2019-11-02 11:01:51,0.045,"[4.0, -15.4, 7.2]",19,2,0.00934
833.24,84400,2019-11-02 11:10:01,0.041,"[37.4, -10.7, 3.1]",1,2,0.00764
834.1,84500,2019-11-02 11:17:53,0.042,"[30.4, -10.9, 7.1]",2,2,0.00872
834.97,84600,2019-11-02 11:26:11,0.038,"[4.0, -15.4, 7.2]",19,2,0.00782
835.87,84700,2019-11-02 11:34:26,0.041,"[35.0, -8.3, 3.1]",1,2,0.00832
836.73,84800,2019-11-02 11:41:56,0.045,"[4.0, -15.4, 7.2]",19,2,0.00839
837.61,84900,2019-11-02 11:50:04,0.042,"[4.0, -15.4, 7.2]",19,2,0.00924
838.46,85000,2019-11-02 11:58:25,0.037,"[36.8, -9.8, 3.1]",1,2,0.00774
839.34,85100,2019-11-02 12:06:37,0.039,"[4.0, -15.4, 7.2]",19,2,0.00786
840.23,85200,2019-11-02 12:15:23,0.044,"[4.0, -15.4, 7.2]",19,2,0.00951
841.1,85300,2019-11-02 12:23:32,0.045,"[4.0, -15.4, 7.2]",19,2,0.0092
842.04,85400,2019-11-02 12:31:34,0.045,"[4.0, -15.4, 7.2]",19,2,0.00951
842.95,85500,2019-11-02 12:40:01,0.044,"[4.0, -15.4, 7.2]",19,2,0.0092
843.83,85600,2019-11-02 12:48:19,0.048,"[4.0, -15.4, 7.2]",19,2,0.00958
844.76,85700,2019-11-02 12:57:01,0.046,"[34.8, -10.2, 3.1]",1,2,0.00891
845.66,85800,2019-11-02 13:05:48,0.044,"[4.0, -15.4, 7.2]",19,2,0.00931
846.57,85900,2019-11-02 13:14:18,0.048,"[4.0, -15.4, 7.2]",19,4,0.00858
847.46,86000,2019-11-02 13:22:38,0.048,"[4.0, -15.4, 7.2]",19,2,0.00998
848.34,86100,2019-11-02 13:31:15,0.049,"[4.0, -15.4, 7.2]",19,4,0.009
849.26,86200,2019-11-02 13:40:17,0.06,"[4.0, -15.4, 7.2]",19,10,0.0105
850.17,86300,2019-11-02 13:48:54,0.04,"[4.0, -15.4, 7.2]",19,2,0.00852
851.06,86400,2019-11-02 13:57:34,0.053,"[4.0, -15.4, 7.2]",19,10,0.00972
851.97,86500,2019-11-02 14:06:00,0.054,"[4.0, -15.4, 7.2]",19,10,0.00942
852.89,86600,2019-11-02 14:14:34,0.042,"[30.7, -9.1, 7.1]",2,2,0.00837
853.8,86700,2019-11-02 14:23:13,0.048,"[35.1, -9.3, 3.1]",1,2,0.008
854.74,86800,2019-11-02 14:31:58,0.049,"[4.0, -15.4, 7.2]",19,2,0.00968
855.68,86900,2019-11-02 14:40:21,0.044,"[4.0, -15.4, 7.2]",19,2,0.00894
856.58,87000,2019-11-02 14:48:45,0.048,"[4.0, -15.4, 7.2]",19,4,0.0085
857.45,87100,2019-11-02 14:57:32,0.04,"[4.0, -15.4, 7.2]",19,2,0.00766
858.35,87200,2019-11-02 15:06:06,0.053,"[4.0, -15.4, 7.2]",19,10,0.00897
859.25,87300,2019-11-02 15:14:52,0.046,"[4.0, -15.4, 7.2]",19,2,0.0094
860.15,87400,2019-11-02 15:23:39,0.042,"[4.0, -15.4, 7.2]",19,2,0.00882
861.06,87500,2019-11-02 15:32:05,0.046,"[4.0, -15.4, 7.2]",19,2,0.00941
861.95,87600,2019-11-02 15:40:37,0.047,"[37.3, -10.0, 3.1]",1,2,0.00828
862.81,87700,2019-11-02 15:49:15,0.054,"[4.0, -15.4, 7.2]",19,10,0.0095
863.7,87800,2019-11-02 15:57:58,0.046,"[4.0, -15.4, 7.2]",19,2,0.00943
864.65,87900,2019-11-02 16:06:50,0.043,"[4.0, -15.4, 7.2]",19,2,0.0089
865.54,88000,2019-11-02 16:15:08,0.042,"[4.0, -15.4, 7.2]",19,2,0.00918
866.44,88100,2019-11-02 16:24:14,0.049,"[4.0, -15.4, 7.2]",19,2,0.00956
867.4,88200,2019-11-02 16:33:38,0.046,"[4.0, -15.4, 7.2]",19,2,0.00966
868.37,88300,2019-11-02 16:42:18,0.049,"[35.9, -8.3, 3.1]",1,2,0.00914
869.35,88400,2019-11-02 16:51:21,0.053,"[4.0, -15.4, 7.2]",19,10,0.00952
870.28,88500,2019-11-02 17:00:08,0.043,"[4.0, -15.4, 7.2]",19,2,0.009
871.17,88600,2019-11-02 17:08:23,0.04,"[4.0, -15.4, 7.2]",19,2,0.00891
872.09,88700,2019-11-02 17:16:46,0.056,"[4.0, -15.4, 7.2]",19,10,0.0098
873.03,88800,2019-11-02 17:25:17,0.044,"[30.4, -10.9, 7.1]",2,2,0.00901
873.94,88900,2019-11-02 17:35:19,0.04,"[4.0, -15.4, 7.2]",19,2,0.00863
874.89,89000,2019-11-02 17:44:25,0.06,"[4.0, -15.4, 7.2]",19,10,0.0104
875.82,89100,2019-11-02 17:53:43,0.059,"[4.0, -15.4, 7.2]",19,10,0.00974
876.77,89200,2019-11-02 18:02:59,0.047,"[4.0, -15.4, 7.2]",19,2,0.00978
877.7,89300,2019-11-02 18:11:25,0.045,"[4.0, -15.4, 7.2]",19,2,0.00929
878.58,89400,2019-11-02 18:20:05,0.061,"[4.0, -15.4, 7.2]",19,10,0.00979
879.53,89500,2019-11-02 18:29:22,0.047,"[4.0, -15.4, 7.2]",19,2,0.00932
880.4,89600,2019-11-02 18:37:44,0.046,"[4.0, -15.4, 7.2]",19,2,0.00919
881.28,89700,2019-11-02 18:46:18,0.042,"[4.0, -15.4, 7.2]",19,2,0.00868
882.15,89800,2019-11-02 18:54:48,0.045,"[36.0, -8.7, 6.4]",1,2,0.00915
883.01,89900,2019-11-02 19:03:11,0.046,"[4.0, -15.4, 7.2]",19,2,0.00883
883.84,90000,2019-11-02 19:11:12,0.046,"[4.0, -15.4, 7.2]",19,2,0.00853
884.74,90100,2019-11-02 19:19:43,0.041,"[4.0, -15.4, 7.2]",19,2,0.00843
885.65,90200,2019-11-02 19:28:45,0.061,"[4.0, -15.4, 7.2]",19,10,0.0102
886.5,90300,2019-11-02 19:36:51,0.043,"[4.0, -15.4, 7.2]",19,2,0.00883
887.44,90400,2019-11-02 19:45:48,0.054,"[4.0, -15.4, 7.2]",19,10,0.00989
888.36,90500,2019-11-02 19:54:28,0.047,"[4.0, -15.4, 7.2]",19,2,0.00948
889.25,90600,2019-11-02 20:02:42,0.043,"[4.0, -15.4, 7.2]",19,2,0.00887
890.16,90700,2019-11-02 20:11:22,0.039,"[4.0, -15.4, 7.2]",19,2,0.00877
891.06,90800,2019-11-02 20:19:49,0.048,"[37.3, -10.6, 3.1]",1,2,0.00949
892.0,90900,2019-11-02 20:28:25,0.041,"[4.0, -15.4, 7.2]",19,2,0.00887
892.95,91000,2019-11-02 20:37:00,0.046,"[4.0, -15.4, 7.2]",19,4,0.00899
893.8,91100,2019-11-02 20:45:14,0.041,"[4.0, -15.4, 7.2]",19,2,0.00863
894.71,91200,2019-11-02 20:53:49,0.046,"[4.0, -15.4, 7.2]",19,2,0.00931
895.64,91300,2019-11-02 21:02:33,0.04,"[4.0, -15.4, 7.2]",19,2,0.00877
896.62,91400,2019-11-02 21:12:13,0.048,"[4.0, -15.4, 7.2]",19,4,0.00912
897.56,91500,2019-11-02 21:21:11,0.058,"[4.0, -15.4, 7.2]",19,10,0.00961
898.43,91600,2019-11-02 21:29:43,0.049,"[4.0, -15.4, 7.2]",19,4,0.0087
899.38,91700,2019-11-02 21:39:05,0.047,"[4.0, -15.4, 7.2]",19,2,0.0101
900.28,91800,2019-11-02 21:48:10,0.041,"[4.0, -15.4, 7.2]",19,2,0.00858
901.16,91900,2019-11-02 21:56:32,0.045,"[4.0, -15.4, 7.2]",19,2,0.00894
902.09,92000,2019-11-02 22:05:15,0.045,"[36.5, -8.9, 3.1]",1,2,0.00855
902.98,92100,2019-11-02 22:14:02,0.044,"[35.0, -10.2, 3.1]",1,2,0.00801
903.87,92200,2019-11-02 22:22:24,0.044,"[4.0, -15.4, 7.2]",19,2,0.00866
904.75,92300,2019-11-02 22:31:03,0.049,"[4.0, -15.4, 7.2]",19,2,0.0107
905.64,92400,2019-11-02 22:39:45,0.05,"[4.0, -15.4, 7.2]",19,4,0.00889
906.51,92500,2019-11-02 22:48:10,0.05,"[35.4, -9.4, 3.1]",1,2,0.00883
907.36,92600,2019-11-02 22:56:17,0.045,"[37.2, -8.5, 3.1]",1,2,0.00894
908.27,92700,2019-11-02 23:04:47,0.043,"[32.0, -9.0, 6.3]",1,2,0.00859
909.17,92800,2019-11-02 23:13:19,0.039,"[35.3, -9.7, 3.1]",1,2,0.00788
910.06,92900,2019-11-02 23:22:05,0.045,"[4.0, -15.4, 7.2]",19,2,0.00905
910.97,93000,2019-11-02 23:30:57,0.046,"[4.0, -15.4, 7.2]",19,4,0.00859
911.82,93100,2019-11-02 23:39:26,0.046,"[4.0, -15.4, 7.2]",19,4,0.00854
912.72,93200,2019-11-02 23:47:56,0.04,"[4.0, -15.4, 7.2]",19,2,0.00833
913.66,93300,2019-11-02 23:56:26,0.043,"[4.0, -15.4, 7.2]",19,2,0.00891
914.55,93400,2019-11-03 00:04:45,0.046,"[4.0, -15.4, 7.2]",19,2,0.00934
915.44,93500,2019-11-03 00:13:18,0.043,"[34.8, -9.6, 3.1]",1,2,0.00802
916.33,93600,2019-11-03 00:21:31,0.039,"[4.0, -15.4, 7.2]",19,2,0.00833
917.2,93700,2019-11-03 00:29:47,0.039,"[4.0, -15.4, 7.2]",19,2,0.00774
918.1,93800,2019-11-03 00:38:27,0.044,"[4.0, -15.4, 7.2]",19,2,0.00891
919.01,93900,2019-11-03 00:46:54,0.043,"[4.0, -15.4, 7.2]",19,2,0.00864
919.93,94000,2019-11-03 00:55:34,0.046,"[4.0, -15.4, 7.2]",19,2,0.00944
920.81,94100,2019-11-03 01:04:09,0.038,"[4.0, -15.4, 7.2]",19,2,0.00795
921.66,94200,2019-11-03 01:12:17,0.044,"[4.0, -15.4, 7.2]",19,2,0.00841
922.62,94300,2019-11-03 01:20:45,0.049,"[4.0, -15.4, 7.2]",19,2,0.0101
923.53,94400,2019-11-03 01:30:02,0.045,"[4.0, -15.4, 7.2]",19,2,0.00891
924.46,94500,2019-11-03 01:38:55,0.044,"[4.0, -15.4, 7.2]",19,2,0.00901
925.43,94600,2019-11-03 01:48:49,0.062,"[4.0, -15.4, 7.2]",19,10,0.0106
926.34,94700,2019-11-03 01:58:00,0.044,"[4.0, -15.4, 7.2]",19,2,0.00894
927.22,94800,2019-11-03 02:06:24,0.046,"[4.0, -15.4, 7.2]",19,2,0.00875
928.13,94900,2019-11-03 02:15:17,0.044,"[4.0, -15.4, 7.2]",19,2,0.00862
929.05,95000,2019-11-03 02:24:07,0.049,"[4.0, -15.4, 7.2]",19,2,0.0104
929.9,95100,2019-11-03 02:32:39,0.062,"[4.0, -15.4, 7.2]",19,10,0.00959
930.77,95200,2019-11-03 02:41:38,0.041,"[4.0, -15.4, 7.2]",19,2,0.00852
931.66,95300,2019-11-03 02:50:35,0.038,"[4.0, -15.4, 7.2]",19,2,0.00809
932.51,95400,2019-11-03 02:58:52,0.047,"[4.0, -15.4, 7.2]",19,2,0.00864
933.43,95500,2019-11-03 03:07:04,0.048,"[4.0, -15.4, 7.2]",19,2,0.00923
934.27,95600,2019-11-03 03:15:38,0.036,"[4.0, -15.4, 7.2]",19,2,0.00809
935.18,95700,2019-11-03 03:24:21,0.061,"[4.0, -15.4, 7.2]",19,10,0.0105
936.11,95800,2019-11-03 03:32:51,0.049,"[4.0, -15.4, 7.2]",19,2,0.01
936.99,95900,2019-11-03 03:41:29,0.05,"[4.0, -15.4, 7.2]",19,2,0.0104
937.91,96000,2019-11-03 03:50:33,0.046,"[4.0, -15.4, 7.2]",19,2,0.00963
938.83,96100,2019-11-03 03:59:04,0.047,"[4.0, -15.4, 7.2]",19,2,0.0102
939.74,96200,2019-11-03 04:07:42,0.05,"[4.0, -15.4, 7.2]",19,2,0.00911
940.67,96300,2019-11-03 04:16:10,0.044,"[4.0, -15.4, 7.2]",19,2,0.00882
941.59,96400,2019-11-03 04:25:30,0.049,"[4.0, -15.4, 7.2]",19,4,0.00915
942.49,96500,2019-11-03 04:34:29,0.066,"[4.0, -15.4, 7.2]",19,10,0.0103
943.41,96600,2019-11-03 04:43:19,0.045,"[37.3, -8.3, 3.1]",1,2,0.00783
944.33,96700,2019-11-03 04:52:11,0.044,"[30.6, -9.2, 7.1]",2,2,0.00909
945.3,96800,2019-11-03 05:01:57,0.047,"[4.0, -15.4, 7.2]",19,2,0.0095
946.21,96900,2019-11-03 05:10:33,0.048,"[4.0, -15.4, 7.2]",19,2,0.00907
947.23,97000,2019-11-03 05:20:16,0.063,"[4.0, -15.4, 7.2]",19,10,0.0109
948.13,97100,2019-11-03 05:28:55,0.045,"[4.0, -15.4, 7.2]",19,2,0.00908
948.98,97200,2019-11-03 05:37:06,0.045,"[37.1, -10.1, 3.1]",1,2,0.00912
949.91,97300,2019-11-03 05:46:01,0.054,"[4.0, -15.4, 7.2]",19,10,0.0091
950.86,97400,2019-11-03 05:54:40,0.041,"[35.0, -8.9, 3.1]",1,2,0.0085
951.79,97500,2019-11-03 06:03:28,0.061,"[4.0, -15.4, 7.2]",19,10,0.0103
952.69,97600,2019-11-03 06:12:14,0.055,"[4.0, -15.4, 7.2]",19,10,0.00981
953.65,97700,2019-11-03 06:20:51,0.044,"[4.0, -15.4, 7.2]",19,2,0.00945
954.62,97800,2019-11-03 06:29:52,0.046,"[4.0, -15.4, 7.2]",19,2,0.00978
955.51,97900,2019-11-03 06:38:15,0.048,"[4.0, -15.4, 7.2]",19,2,0.00946
956.47,98000,2019-11-03 06:47:12,0.042,"[4.0, -15.4, 7.2]",19,2,0.00908
957.41,98100,2019-11-03 06:56:18,0.05,"[4.0, -15.4, 7.2]",19,4,0.00956
958.37,98200,2019-11-03 07:04:39,0.047,"[4.0, -15.4, 7.2]",19,2,0.00956
959.31,98300,2019-11-03 07:13:21,0.042,"[4.0, -15.4, 7.2]",19,2,0.00867
960.19,98400,2019-11-03 07:22:16,0.062,"[4.0, -15.4, 7.2]",19,10,0.0114
961.15,98500,2019-11-03 07:31:05,0.047,"[4.0, -15.4, 7.2]",19,2,0.00954
962.08,98600,2019-11-03 07:39:37,0.048,"[4.0, -15.4, 7.2]",19,2,0.0101
962.97,98700,2019-11-03 07:49:15,0.058,"[4.0, -15.4, 7.2]",19,10,0.0101
963.97,98800,2019-11-03 07:58:37,0.047,"[4.0, -15.4, 7.2]",19,2,0.00985
964.93,98900,2019-11-03 08:07:26,0.047,"[30.3, -9.1, 7.1]",2,2,0.00967
965.87,99000,2019-11-03 08:16:18,0.044,"[4.0, -15.4, 7.2]",19,2,0.00897
966.76,99100,2019-11-03 08:25:00,0.043,"[4.0, -15.4, 7.2]",19,2,0.00907
967.69,99200,2019-11-03 08:33:43,0.038,"[4.0, -15.4, 7.2]",19,2,0.00782
968.65,99300,2019-11-03 08:42:40,0.049,"[4.0, -15.4, 7.2]",19,2,0.0101
969.53,99400,2019-11-03 08:51:15,0.053,"[4.0, -15.4, 7.2]",19,10,0.00903
970.45,99500,2019-11-03 08:59:57,0.057,"[4.0, -15.4, 7.2]",19,10,0.0109
971.39,99600,2019-11-03 09:09:01,0.06,"[4.0, -15.4, 7.2]",19,10,0.0101
972.3,99700,2019-11-03 09:17:42,0.042,"[4.0, -15.4, 7.2]",19,2,0.00877
973.23,99800,2019-11-03 09:26:23,0.041,"[4.0, -15.4, 7.2]",19,2,0.00854
974.13,99900,2019-11-03 09:35:08,0.046,"[4.0, -15.4, 7.2]",19,2,0.00924
974.99,100000,2019-11-03 09:43:32,0.04,"[4.0, -15.4, 7.2]",19,2,0.00815
975.92,100100,2019-11-03 09:51:52,0.043,"[30.3, -9.8, 7.0]",6,2,0.00872
976.77,100200,2019-11-03 10:00:13,0.041,"[4.0, -15.4, 7.2]",19,2,0.00849
977.65,100300,2019-11-03 10:08:38,0.044,"[4.0, -15.4, 7.2]",19,2,0.00861
978.55,100400,2019-11-03 10:17:07,0.045,"[4.0, -15.4, 7.2]",19,2,0.00912
979.46,100500,2019-11-03 10:26:18,0.059,"[4.0, -15.4, 7.2]",19,10,0.00973
980.41,100600,2019-11-03 10:35:35,0.046,"[4.0, -15.4, 7.2]",19,2,0.00923
981.36,100700,2019-11-03 10:45:01,0.048,"[4.0, -15.4, 7.2]",19,2,0.00888
982.29,100800,2019-11-03 10:54:49,0.057,"[4.0, -15.4, 7.2]",19,10,0.00897
983.26,100900,2019-11-03 11:04:37,0.061,"[4.0, -15.4, 7.2]",19,10,0.0106
984.2,101000,2019-11-03 11:13:47,0.048,"[4.0, -15.4, 7.2]",19,2,0.00985
985.09,101100,2019-11-03 11:22:17,0.055,"[4.0, -15.4, 7.2]",19,10,0.00908
986.0,101200,2019-11-03 11:33:01,0.041,"[4.0, -15.4, 7.2]",19,2,0.00779
986.88,101300,2019-11-03 11:41:29,0.041,"[4.0, -15.4, 7.2]",19,2,0.0081
987.78,101400,2019-11-03 11:50:04,0.049,"[4.0, -15.4, 7.2]",19,4,0.0085
988.66,101500,2019-11-03 11:58:36,0.044,"[4.0, -15.4, 7.2]",19,2,0.00926
989.54,101600,2019-11-03 12:07:07,0.045,"[4.0, -15.4, 7.2]",19,2,0.00877
990.41,101700,2019-11-03 12:15:38,0.046,"[4.0, -15.4, 7.2]",19,2,0.0095
991.3,101800,2019-11-03 12:24:09,0.044,"[4.0, -15.4, 7.2]",19,2,0.00882
992.2,101900,2019-11-03 12:32:33,0.06,"[4.0, -15.4, 7.2]",19,10,0.00948
993.13,102000,2019-11-03 12:41:12,0.052,"[4.0, -15.4, 7.2]",19,10,0.00903
994.03,102100,2019-11-03 12:49:52,0.049,"[4.0, -15.4, 7.2]",19,2,0.0102
994.92,102200,2019-11-03 12:58:11,0.042,"[4.0, -15.4, 7.2]",19,2,0.00838
995.8,102300,2019-11-03 13:06:33,0.045,"[4.0, -15.4, 7.2]",19,2,0.00906
996.72,102400,2019-11-03 13:15:24,0.045,"[4.0, -15.4, 7.2]",19,2,0.00877
997.55,102500,2019-11-03 13:23:02,0.043,"[4.0, -15.4, 7.2]",19,2,0.00844
998.41,102600,2019-11-03 13:31:24,0.045,"[4.0, -15.4, 7.2]",19,2,0.00928
999.3,102700,2019-11-03 13:39:50,0.042,"[4.0, -15.4, 7.2]",19,2,0.00862
1000.19,102800,2019-11-03 13:48:17,0.046,"[4.0, -15.4, 7.2]",19,2,0.00934
1001.09,102900,2019-11-03 13:56:47,0.045,"[4.0, -15.4, 7.2]",19,2,0.00902
1001.98,103000,2019-11-03 14:05:37,0.044,"[4.0, -15.4, 7.2]",19,2,0.00856
1002.87,103100,2019-11-03 14:14:14,0.054,"[4.0, -15.4, 7.2]",19,10,0.00923
1003.8,103200,2019-11-03 14:23:25,0.043,"[4.0, -15.4, 7.2]",19,2,0.00895
1004.69,103300,2019-11-03 14:31:56,0.05,"[4.0, -15.4, 7.2]",19,2,0.00969
1005.6,103400,2019-11-03 14:40:25,0.048,"[4.0, -15.4, 7.2]",19,2,0.00913
1006.51,103500,2019-11-03 14:49:12,0.039,"[4.0, -15.4, 7.2]",19,2,0.00761
1007.43,103600,2019-11-03 14:57:53,0.043,"[35.6, -8.3, 3.1]",1,2,0.00778
1008.28,103700,2019-11-03 15:06:21,0.047,"[4.0, -15.4, 7.2]",19,2,0.00905
1009.23,103800,2019-11-03 15:15:32,0.047,"[4.0, -15.4, 7.2]",19,2,0.0095
1010.18,103900,2019-11-03 15:24:51,0.046,"[35.0, -10.5, 3.1]",1,2,0.00863
1011.13,104000,2019-11-03 15:33:35,0.049,"[4.0, -15.4, 7.2]",19,2,0.00997
1012.09,104100,2019-11-03 15:42:55,0.06,"[4.0, -15.4, 7.2]",19,10,0.0102
1013.04,104200,2019-11-03 15:51:58,0.047,"[4.0, -15.4, 7.2]",19,2,0.00957
1014.03,104300,2019-11-03 16:01:12,0.049,"[4.0, -15.4, 7.2]",19,2,0.0102
1014.98,104400,2019-11-03 16:10:56,0.045,"[36.7, -10.1, 3.1]",1,2,0.00857
1015.94,104500,2019-11-03 16:20:25,0.047,"[4.0, -15.4, 7.2]",19,4,0.0088
1016.81,104600,2019-11-03 16:29:00,0.042,"[4.0, -15.4, 7.2]",19,2,0.00824
1017.67,104700,2019-11-03 16:37:24,0.04,"[4.0, -15.4, 7.2]",19,2,0.00858
1018.53,104800,2019-11-03 16:45:47,0.04,"[4.0, -15.4, 7.2]",19,2,0.00902
1019.42,104900,2019-11-03 16:54:13,0.047,"[4.0, -15.4, 7.2]",19,2,0.00934
1020.33,105000,2019-11-03 17:03:18,0.049,"[35.3, -8.5, 3.1]",1,2,0.0088
1021.25,105100,2019-11-03 17:11:42,0.053,"[4.0, -15.4, 7.2]",19,10,0.00968
1022.15,105200,2019-11-03 17:20:10,0.047,"[4.0, -15.4, 7.2]",19,2,0.00917
1023.0,105300,2019-11-03 17:28:26,0.042,"[4.0, -15.4, 7.2]",19,2,0.00861
1023.92,105400,2019-11-03 17:37:25,0.039,"[35.4, -8.2, 3.1]",1,2,0.0079
1024.83,105500,2019-11-03 17:46:00,0.064,"[4.0, -15.4, 7.2]",19,10,0.0102
1025.77,105600,2019-11-03 17:54:59,0.043,"[4.0, -15.4, 7.2]",19,2,0.00841
1026.69,105700,2019-11-03 18:03:52,0.04,"[4.0, -15.4, 7.2]",19,2,0.00907
1027.62,105800,2019-11-03 18:12:51,0.048,"[4.0, -15.4, 7.2]",19,2,0.00948
1028.52,105900,2019-11-03 18:21:21,0.044,"[4.0, -15.4, 7.2]",19,2,0.0086
1029.45,106000,2019-11-03 18:30:04,0.046,"[35.0, -8.3, 3.1]",1,2,0.00923
1030.37,106100,2019-11-03 18:38:53,0.049,"[4.0, -15.4, 7.2]",19,2,0.01
1031.24,106200,2019-11-03 18:46:55,0.045,"[4.0, -15.4, 7.2]",19,2,0.00917
1032.16,106300,2019-11-03 18:55:40,0.045,"[4.0, -15.4, 7.2]",19,2,0.00969
1033.09,106400,2019-11-03 19:04:14,0.048,"[4.0, -15.4, 7.2]",19,2,0.00947
1033.99,106500,2019-11-03 19:12:42,0.041,"[34.9, -9.2, 3.1]",1,2,0.00806
1034.9,106600,2019-11-03 19:21:43,0.044,"[30.6, -9.8, 7.0]",6,2,0.00838
1035.82,106700,2019-11-03 19:30:31,0.042,"[4.0, -15.4, 7.2]",19,2,0.00883
1036.78,106800,2019-11-03 19:39:34,0.047,"[4.0, -15.4, 7.2]",19,2,0.00958
1037.73,106900,2019-11-03 19:48:49,0.059,"[4.0, -15.4, 7.2]",19,10,0.01
1038.66,107000,2019-11-03 19:57:25,0.048,"[4.0, -15.4, 7.2]",19,2,0.0096
1039.58,107100,2019-11-03 20:06:39,0.06,"[4.0, -15.4, 7.2]",19,10,0.01
1040.49,107200,2019-11-03 20:15:25,0.065,"[4.0, -15.4, 7.2]",19,10,0.0102
1041.42,107300,2019-11-03 20:24:19,0.065,"[4.0, -15.4, 7.2]",19,10,0.0107
1042.38,107400,2019-11-03 20:33:22,0.056,"[4.0, -15.4, 7.2]",19,10,0.00955
1043.33,107500,2019-11-03 20:42:56,0.042,"[4.0, -15.4, 7.2]",19,2,0.00894
1044.31,107600,2019-11-03 20:52:47,0.046,"[4.0, -15.4, 7.2]",19,2,0.00917
1045.3,107700,2019-11-03 21:02:16,0.049,"[4.0, -15.4, 7.2]",19,2,0.00962
1046.23,107800,2019-11-03 21:11:20,0.063,"[4.0, -15.4, 7.2]",19,10,0.00909
1047.13,107900,2019-11-03 21:20:07,0.049,"[4.0, -15.4, 7.2]",19,2,0.00994
1048.04,108000,2019-11-03 21:29:45,0.041,"[4.0, -15.4, 7.2]",19,2,0.00841
1048.97,108100,2019-11-03 21:38:29,0.059,"[4.0, -15.4, 7.2]",19,10,0.00947
1049.85,108200,2019-11-03 21:46:58,0.048,"[4.0, -15.4, 7.2]",19,2,0.0093
1050.75,108300,2019-11-03 21:56:20,0.039,"[4.0, -15.4, 7.2]",19,2,0.00809
1051.69,108400,2019-11-03 22:05:38,0.044,"[4.0, -15.4, 7.2]",19,2,0.00844
1052.67,108500,2019-11-03 22:15:16,0.043,"[4.0, -15.4, 7.2]",19,2,0.00863
1053.63,108600,2019-11-03 22:24:38,0.047,"[4.0, -15.4, 7.2]",19,2,0.00938
1054.57,108700,2019-11-03 22:33:47,0.042,"[4.0, -15.4, 7.2]",19,2,0.00892
1055.49,108800,2019-11-03 22:42:21,0.041,"[4.0, -15.4, 7.2]",19,2,0.00877
1056.36,108900,2019-11-03 22:51:12,0.047,"[30.6, -10.8, 7.1]",2,2,0.00891
1057.22,109000,2019-11-03 22:59:40,0.048,"[4.0, -15.4, 7.2]",19,2,0.00968
1058.12,109100,2019-11-03 23:08:35,0.045,"[4.0, -15.4, 7.2]",19,2,0.00905
1059.01,109200,2019-11-03 23:18:14,0.048,"[4.0, -15.4, 7.2]",19,2,0.00926
1059.95,109300,2019-11-03 23:27:18,0.054,"[4.0, -15.4, 7.2]",19,10,0.00964
1060.83,109400,2019-11-03 23:35:27,0.055,"[4.0, -15.4, 7.2]",19,10,0.00974
1061.77,109500,2019-11-03 23:43:57,0.045,"[4.0, -15.4, 7.2]",19,2,0.00938
1062.7,109600,2019-11-03 23:52:46,0.049,"[4.0, -15.4, 7.2]",19,2,0.00995
1063.63,109700,2019-11-04 00:01:14,0.046,"[4.0, -15.4, 7.2]",19,2,0.00963
1064.57,109800,2019-11-04 00:10:08,0.041,"[4.0, -15.4, 7.2]",19,2,0.00815
1065.46,109900,2019-11-04 00:18:29,0.047,"[4.0, -15.4, 7.2]",19,2,0.00897
1066.33,110000,2019-11-04 00:27:00,0.04,"[34.9, -8.9, 3.1]",1,2,0.00744
1067.2,110100,2019-11-04 00:35:24,0.042,"[4.0, -15.4, 7.2]",19,2,0.00861
1068.06,110200,2019-11-04 00:43:44,0.044,"[4.0, -15.4, 7.2]",19,2,0.00861
1068.96,110300,2019-11-04 00:52:19,0.048,"[4.0, -15.4, 7.2]",19,2,0.0092
1069.88,110400,2019-11-04 01:01:31,0.053,"[4.0, -15.4, 7.2]",19,10,0.0092
1070.82,110500,2019-11-04 01:10:39,0.049,"[4.0, -15.4, 7.2]",19,2,0.00988
1071.74,110600,2019-11-04 01:19:45,0.06,"[4.0, -15.4, 7.2]",19,10,0.00943
1072.68,110700,2019-11-04 01:29:09,0.056,"[4.0, -15.4, 7.2]",19,10,0.00906
1073.57,110800,2019-11-04 01:38:03,0.048,"[4.0, -15.4, 7.2]",19,2,0.00929
1074.47,110900,2019-11-04 01:46:53,0.042,"[4.0, -15.4, 7.2]",19,2,0.00863
1075.37,111000,2019-11-04 01:55:41,0.049,"[4.0, -15.4, 7.2]",19,2,0.00948
1076.29,111100,2019-11-04 02:05:01,0.061,"[4.0, -15.4, 7.2]",19,10,0.0101
1077.24,111200,2019-11-04 02:13:42,0.043,"[4.0, -15.4, 7.2]",19,2,0.00877
1078.17,111300,2019-11-04 02:23:16,0.045,"[4.0, -15.4, 7.2]",19,2,0.00932
1079.1,111400,2019-11-04 02:32:16,0.049,"[4.0, -15.4, 7.2]",19,4,0.00877
1080.04,111500,2019-11-04 02:42:03,0.044,"[4.0, -15.4, 7.2]",19,2,0.0082
1080.96,111600,2019-11-04 02:51:27,0.06,"[4.0, -15.4, 7.2]",19,10,0.00967
1081.92,111700,2019-11-04 03:01:02,0.046,"[4.0, -15.4, 7.2]",19,2,0.00899
1082.86,111800,2019-11-04 03:10:13,0.049,"[4.0, -15.4, 7.2]",19,2,0.00962
1083.78,111900,2019-11-04 03:19:25,0.059,"[4.0, -15.4, 7.2]",19,10,0.00993
1084.75,112000,2019-11-04 03:29:32,0.047,"[4.0, -15.4, 7.2]",19,2,0.00874
1085.63,112100,2019-11-04 03:38:09,0.063,"[4.0, -15.4, 7.2]",19,10,0.0102
1086.54,112200,2019-11-04 03:46:49,0.043,"[4.0, -15.4, 7.2]",19,2,0.00856
1087.46,112300,2019-11-04 03:55:17,0.062,"[4.0, -15.4, 7.2]",19,10,0.0107
1088.38,112400,2019-11-04 04:04:25,0.044,"[4.0, -15.4, 7.2]",19,2,0.00867
1089.31,112500,2019-11-04 04:13:04,0.047,"[35.7, -10.4, 3.1]",1,2,0.00852
1090.15,112600,2019-11-04 04:21:06,0.05,"[35.1, -8.3, 3.1]",1,2,0.00858
1091.07,112700,2019-11-04 04:29:51,0.05,"[4.0, -15.4, 7.2]",19,2,0.00971
1091.97,112800,2019-11-04 04:39:05,0.042,"[37.4, -10.2, 3.1]",1,2,0.00823
1092.84,112900,2019-11-04 04:47:51,0.055,"[4.0, -15.4, 7.2]",19,10,0.00956
1093.77,113000,2019-11-04 04:56:57,0.042,"[4.0, -15.4, 7.2]",19,2,0.00818
1094.63,113100,2019-11-04 05:05:24,0.041,"[4.0, -15.4, 7.2]",19,2,0.00841
1095.52,113200,2019-11-04 05:14:21,0.04,"[4.0, -15.4, 7.2]",19,2,0.00762
1096.39,113300,2019-11-04 05:22:44,0.048,"[4.0, -15.4, 7.2]",19,2,0.00922
1097.36,113400,2019-11-04 05:32:39,0.059,"[4.0, -15.4, 7.2]",19,10,0.00956
1098.37,113500,2019-11-04 05:43:12,0.062,"[4.0, -15.4, 7.2]",19,10,0.00994
1099.23,113600,2019-11-04 05:51:58,0.043,"[4.0, -15.4, 7.2]",19,2,0.00833
1100.18,113700,2019-11-04 06:01:33,0.06,"[4.0, -15.4, 7.2]",19,10,0.00941
1101.14,113800,2019-11-04 06:11:12,0.054,"[4.0, -15.4, 7.2]",19,10,0.00897
1102.07,113900,2019-11-04 06:20:23,0.063,"[4.0, -15.4, 7.2]",19,10,0.00989
1102.98,114000,2019-11-04 06:29:55,0.063,"[4.0, -15.4, 7.2]",19,10,0.0105
1103.96,114100,2019-11-04 06:40:06,0.061,"[4.0, -15.4, 7.2]",19,10,0.00989
1104.85,114200,2019-11-04 06:49:10,0.045,"[4.0, -15.4, 7.2]",19,2,0.0085
1105.83,114300,2019-11-04 06:58:31,0.064,"[4.0, -15.4, 7.2]",19,10,0.00976
1106.8,114400,2019-11-04 07:08:34,0.044,"[35.3, -9.2, 3.1]",1,2,0.0082
1107.72,114500,2019-11-04 07:17:25,0.062,"[4.0, -15.4, 7.2]",19,10,0.0106
1108.64,114600,2019-11-04 07:26:20,0.049,"[4.0, -15.4, 7.2]",19,2,0.00957
1109.52,114700,2019-11-04 07:34:54,0.064,"[4.0, -15.4, 7.2]",19,10,0.01
1110.46,114800,2019-11-04 07:44:43,0.044,"[36.4, -10.0, 3.1]",1,2,0.00848
1111.36,114900,2019-11-04 07:53:25,0.042,"[4.0, -15.4, 7.2]",19,2,0.00849
1112.27,115000,2019-11-04 08:02:15,0.059,"[4.0, -15.4, 7.2]",19,10,0.00922
1113.18,115100,2019-11-04 08:11:04,0.047,"[35.0, -9.7, 3.1]",1,2,0.00862
1114.04,115200,2019-11-04 08:19:29,0.043,"[4.0, -15.4, 7.2]",19,2,0.00862
1114.93,115300,2019-11-04 08:28:36,0.042,"[4.0, -15.4, 7.2]",19,2,0.0084
1115.77,115400,2019-11-04 08:37:06,0.053,"[4.0, -15.4, 7.2]",19,10,0.00875
1116.66,115500,2019-11-04 08:46:27,0.043,"[4.0, -15.4, 7.2]",19,2,0.0081
1117.55,115600,2019-11-04 08:55:18,0.041,"[4.0, -15.4, 7.2]",19,2,0.00835
1118.46,115700,2019-11-04 09:04:21,0.043,"[4.0, -15.4, 7.2]",19,2,0.00889
1119.33,115800,2019-11-04 09:12:53,0.045,"[4.0, -15.4, 7.2]",19,2,0.0087
1120.23,115900,2019-11-04 09:21:23,0.054,"[4.0, -15.4, 7.2]",19,10,0.00943
1121.14,116000,2019-11-04 09:30:19,0.047,"[4.0, -15.4, 7.2]",19,2,0.00973
1122.09,116100,2019-11-04 09:39:08,0.048,"[4.0, -15.4, 7.2]",19,2,0.00943
1123.06,116200,2019-11-04 09:48:32,0.047,"[4.0, -15.4, 7.2]",19,2,0.00907
1123.97,116300,2019-11-04 09:57:12,0.045,"[4.0, -15.4, 7.2]",19,2,0.00863
1124.86,116400,2019-11-04 10:06:06,0.048,"[4.0, -15.4, 7.2]",19,2,0.00891
1125.8,116500,2019-11-04 10:15:20,0.055,"[4.0, -15.4, 7.2]",19,10,0.00897
1126.63,116600,2019-11-04 10:23:45,0.043,"[4.0, -15.4, 7.2]",19,2,0.00865
1127.57,116700,2019-11-04 10:33:09,0.048,"[4.0, -15.4, 7.2]",19,2,0.00984
1128.51,116800,2019-11-04 10:42:31,0.05,"[4.0, -15.4, 7.2]",19,2,0.00943
1129.35,116900,2019-11-04 10:51:02,0.05,"[4.0, -15.4, 7.2]",19,3,0.00775
1130.23,117000,2019-11-04 10:59:39,0.041,"[4.0, -15.4, 7.2]",19,2,0.00814
1131.22,117100,2019-11-04 11:09:52,0.058,"[4.0, -15.4, 7.2]",19,10,0.00973
1132.14,117200,2019-11-04 11:18:38,0.06,"[4.0, -15.4, 7.2]",19,10,0.0103
1133.08,117300,2019-11-04 11:28:00,0.057,"[4.0, -15.4, 7.2]",19,10,0.00968
1134.03,117400,2019-11-04 11:36:43,0.049,"[4.0, -15.4, 7.2]",19,2,0.00942
1134.99,117500,2019-11-04 11:45:49,0.039,"[4.0, -15.4, 7.2]",19,2,0.00778
1135.88,117600,2019-11-04 11:54:39,0.049,"[4.0, -15.4, 7.2]",19,2,0.0101
1136.76,117700,2019-11-04 12:03:12,0.057,"[4.0, -15.4, 7.2]",19,10,0.00999
1137.7,117800,2019-11-04 12:12:16,0.063,"[4.0, -15.4, 7.2]",19,10,0.0105
1138.62,117900,2019-11-04 12:21:28,0.044,"[4.0, -15.4, 7.2]",19,2,0.00908
1139.57,118000,2019-11-04 12:30:55,0.045,"[4.0, -15.4, 7.2]",19,2,0.00856
1140.45,118100,2019-11-04 12:39:34,0.062,"[4.0, -15.4, 7.2]",19,10,0.00963
1141.4,118200,2019-11-04 12:48:50,0.044,"[4.0, -15.4, 7.2]",19,2,0.00953
1142.29,118300,2019-11-04 12:57:34,0.036,"[4.0, -15.4, 7.2]",19,2,0.00724
1143.19,118400,2019-11-04 13:06:13,0.047,"[4.0, -15.4, 7.2]",19,2,0.00889
1144.1,118500,2019-11-04 13:16:55,0.045,"[4.0, -15.4, 7.2]",19,2,0.00909
1145.01,118600,2019-11-04 13:25:22,0.05,"[37.1, -10.0, 3.1]",1,2,0.00909
1145.92,118700,2019-11-04 13:34:09,0.048,"[4.0, -15.4, 7.2]",19,4,0.00847
1146.82,118800,2019-11-04 13:42:52,0.046,"[4.0, -15.4, 7.2]",19,2,0.0092
1147.7,118900,2019-11-04 13:51:45,0.042,"[4.0, -15.4, 7.2]",19,2,0.00834
1148.64,119000,2019-11-04 14:00:36,0.056,"[4.0, -15.4, 7.2]",19,10,0.00956
1149.63,119100,2019-11-04 14:10:33,0.044,"[4.0, -15.4, 7.2]",19,2,0.009
1150.55,119200,2019-11-04 14:19:41,0.044,"[4.0, -15.4, 7.2]",19,2,0.00931
1151.52,119300,2019-11-04 14:29:24,0.046,"[4.0, -15.4, 7.2]",19,2,0.00907
1152.46,119400,2019-11-04 14:38:01,0.059,"[4.0, -15.4, 7.2]",19,10,0.00959
1153.42,119500,2019-11-04 14:47:24,0.05,"[4.0, -15.4, 7.2]",19,2,0.00947
1154.36,119600,2019-11-04 14:56:53,0.041,"[4.0, -15.4, 7.2]",19,2,0.00835
1155.29,119700,2019-11-04 15:05:51,0.048,"[4.0, -15.4, 7.2]",19,2,0.00956
1156.31,119800,2019-11-04 15:15:44,0.062,"[4.0, -15.4, 7.2]",19,10,0.0101
1157.22,119900,2019-11-04 15:24:38,0.046,"[4.0, -15.4, 7.2]",19,2,0.00911
1158.18,120000,2019-11-04 15:34:01,0.06,"[4.0, -15.4, 7.2]",19,10,0.0098
1159.09,120100,2019-11-04 15:43:34,0.048,"[4.0, -15.4, 7.2]",19,4,0.00858
1159.97,120200,2019-11-04 15:52:24,0.048,"[4.0, -15.4, 7.2]",19,2,0.00894
1160.86,120300,2019-11-04 16:01:21,0.06,"[4.0, -15.4, 7.2]",19,10,0.00906
1161.74,120400,2019-11-04 16:10:34,0.041,"[4.0, -15.4, 7.2]",19,2,0.00848
1162.6,120500,2019-11-04 16:19:02,0.042,"[4.0, -15.4, 7.2]",19,2,0.00839
1163.49,120600,2019-11-04 16:27:52,0.046,"[4.0, -15.4, 7.2]",19,2,0.00857
1164.39,120700,2019-11-04 16:36:17,0.046,"[4.0, -15.4, 7.2]",19,2,0.0092
1165.34,120800,2019-11-04 16:45:39,0.047,"[4.0, -15.4, 7.2]",19,2,0.00984
1166.29,120900,2019-11-04 16:54:33,0.065,"[4.0, -15.4, 7.2]",19,10,0.0105
1167.26,121000,2019-11-04 17:04:09,0.057,"[4.0, -15.4, 7.2]",19,10,0.00934
1168.24,121100,2019-11-04 17:13:56,0.061,"[4.0, -15.4, 7.2]",19,10,0.00979
1169.2,121200,2019-11-04 17:23:42,0.059,"[4.0, -15.4, 7.2]",19,10,0.00905
1170.13,121300,2019-11-04 17:33:16,0.063,"[4.0, -15.4, 7.2]",19,10,0.0105
1170.99,121400,2019-11-04 17:41:51,0.045,"[4.0, -15.4, 7.2]",19,2,0.00903
1171.9,121500,2019-11-04 17:50:47,0.045,"[4.0, -15.4, 7.2]",19,2,0.00874
1172.83,121600,2019-11-04 17:59:20,0.047,"[4.0, -15.4, 7.2]",19,2,0.0093
1173.73,121700,2019-11-04 18:08:11,0.05,"[4.0, -15.4, 7.2]",19,2,0.0097
1174.61,121800,2019-11-04 18:16:56,0.049,"[37.1, -8.9, 3.1]",1,2,0.00939
1175.53,121900,2019-11-04 18:25:25,0.045,"[4.0, -15.4, 7.2]",19,2,0.00911
1176.46,122000,2019-11-04 18:34:18,0.043,"[4.0, -15.4, 7.2]",19,2,0.00796
1177.35,122100,2019-11-04 18:42:47,0.046,"[35.2, -8.7, 3.1]",1,2,0.00867
1178.27,122200,2019-11-04 18:52:05,0.046,"[4.0, -15.4, 7.2]",19,2,0.00924
1179.19,122300,2019-11-04 19:01:35,0.059,"[4.0, -15.4, 7.2]",19,10,0.00989
1180.15,122400,2019-11-04 19:11:04,0.055,"[4.0, -15.4, 7.2]",19,10,0.00927
1181.08,122500,2019-11-04 19:19:46,0.046,"[4.0, -15.4, 7.2]",19,2,0.00947
1182.0,122600,2019-11-04 19:28:31,0.043,"[4.0, -15.4, 7.2]",19,2,0.00879
1182.89,122700,2019-11-04 19:36:57,0.044,"[4.0, -15.4, 7.2]",19,2,0.00902
1183.83,122800,2019-11-04 19:46:04,0.045,"[4.0, -15.4, 7.2]",19,2,0.00949
1184.71,122900,2019-11-04 19:54:31,0.046,"[4.0, -15.4, 7.2]",19,2,0.0091
1185.59,123000,2019-11-04 20:02:55,0.041,"[4.0, -15.4, 7.2]",19,2,0.00818
1186.49,123100,2019-11-04 20:11:37,0.06,"[4.0, -15.4, 7.2]",19,10,0.0106
1187.44,123200,2019-11-04 20:20:45,0.044,"[4.0, -15.4, 7.2]",19,2,0.00832
1188.32,123300,2019-11-04 20:29:20,0.045,"[4.0, -15.4, 7.2]",19,2,0.00894
1189.28,123400,2019-11-04 20:38:28,0.046,"[4.0, -15.4, 7.2]",19,2,0.00905
1190.16,123500,2019-11-04 20:46:59,0.047,"[4.0, -15.4, 7.2]",19,2,0.00911
1191.07,123600,2019-11-04 20:55:55,0.042,"[36.1, -8.5, 3.1]",1,2,0.00823
1192.02,123700,2019-11-04 21:05:31,0.044,"[4.0, -15.4, 7.2]",19,2,0.00886
1192.88,123800,2019-11-04 21:14:23,0.046,"[4.0, -15.4, 7.2]",19,2,0.00888
1193.88,123900,2019-11-04 21:23:56,0.047,"[4.0, -15.4, 7.2]",19,2,0.00901
1194.82,124000,2019-11-04 21:33:25,0.059,"[4.0, -15.4, 7.2]",19,10,0.0096
1195.77,124100,2019-11-04 21:43:05,0.06,"[4.0, -15.4, 7.2]",19,10,0.00983
1196.71,124200,2019-11-04 21:52:12,0.061,"[4.0, -15.4, 7.2]",19,10,0.0098
1197.64,124300,2019-11-04 22:01:51,0.059,"[4.0, -15.4, 7.2]",19,10,0.00948
1198.57,124400,2019-11-04 22:10:53,0.045,"[4.0, -15.4, 7.2]",19,2,0.00851
1199.45,124500,2019-11-04 22:19:51,0.048,"[4.0, -15.4, 7.2]",19,2,0.00908
1200.01,124561,2019-11-04 22:35:42,0.048,"[35.3, -9.1, 3.1]",1,2,0.00908
