ctrl,m1,m2,sim_time,log_time
0,,,0.03,2021-04-01 16:52:42
0,,,0.06,2021-04-01 16:52:48
0,,,0.08,2021-04-01 16:52:54
0,,,0.11,2021-04-01 16:53:01
0,0.01,,0.14,2021-04-01 16:53:06
0,0.028,,0.17,2021-04-01 16:53:12
0,0.044,,0.19,2021-04-01 16:53:19
0,0.056,,0.22,2021-04-01 16:53:25
0,0.067,,0.25,2021-04-01 16:53:30
0,0.075,,0.28,2021-04-01 16:53:38
0,0.196,,0.55,2021-04-01 16:54:41
0,0.328,,0.83,2021-04-01 16:55:43
0,0.466,,1.1,2021-04-01 16:56:48
0,0.623,,1.38,2021-04-01 16:57:51
0,0.762,,1.66,2021-04-01 16:58:52
0,0.895,,1.93,2021-04-01 16:59:57
0,1.03,,2.21,2021-04-01 17:01:04
0,1.157,,2.48,2021-04-01 17:02:07
0,1.29,,2.76,2021-04-01 17:03:11
0,2.636,,5.52,2021-04-01 17:13:56
0,3.949,,8.26,2021-04-01 17:24:53
0,5.115,,10.66,2021-04-01 17:35:46
0,6.18,,12.92,2021-04-01 17:46:43
0,7.403,,15.34,2021-04-01 17:57:44
0,8.618,,17.7,2021-04-01 18:08:42
0,9.686,,20.01,2021-04-01 18:20:02
0,10.775,,22.24,2021-04-01 18:31:13
0,11.94,,24.53,2021-04-01 18:42:00
0,12.91,,26.64,2021-04-01 18:52:59
0,13.966,,28.83,2021-04-01 19:04:03
0,14.934,,30.8,2021-04-01 19:15:07
0,15.855,,32.84,2021-04-01 19:26:13
0,16.944,,34.93,2021-04-01 19:37:21
0,17.877,,36.91,2021-04-01 19:48:29
0,19.015,,38.93,2021-04-01 19:59:42
0,19.684,,40.8,2021-04-01 20:10:46
0,21.705,,42.78,2021-04-01 20:21:42
0,23.861,,44.69,2021-04-01 20:32:48
0,25.884,,46.5,2021-04-01 20:43:56
0,28.103,,48.34,2021-04-01 20:54:44
0,29.828,,50.14,2021-04-01 21:05:55
0,32.114,,51.91,2021-04-01 21:16:52
0,34.333,,53.62,2021-04-01 21:27:41
0,36.631,,55.39,2021-04-01 21:38:37
0,37.956,,56.93,2021-04-01 21:49:38
0,40.208,,58.51,2021-04-01 22:00:58
0,42.411,,60.14,2021-04-01 22:12:15
0,45.557,,61.76,2021-04-01 22:23:04
0,47.347,,63.34,2021-04-01 22:34:09
0,49.78,,64.95,2021-04-01 22:45:17
0,51.982,,66.49,2021-04-01 22:56:19
0,54.475,,68.05,2021-04-01 23:07:16
0,56.797,,69.54,2021-04-01 23:18:08
0,59.369,,70.99,2021-04-01 23:29:27
0,61.881,,72.41,2021-04-01 23:40:32
0,63.453,,73.84,2021-04-01 23:51:22
0,66.042,,75.18,2021-04-02 00:02:50
0,69.11,,76.63,2021-04-02 00:14:04
0,72.096,,78.05,2021-04-02 00:24:50
0,73.482,,79.33,2021-04-02 00:35:43
0,76.02,,80.58,2021-04-02 00:46:52
0,78.224,,81.96,2021-04-02 00:57:44
0,80.896,,83.29,2021-04-02 01:08:47
0,83.27,,84.61,2021-04-02 01:20:08
0,86.21,,85.93,2021-04-02 01:31:01
0,89.427,,87.21,2021-04-02 01:42:08
0,91.217,,88.58,2021-04-02 01:53:18
0,93.513,,89.88,2021-04-02 02:04:11
0,96.756,,91.11,2021-04-02 02:15:11
0,98.82,,92.39,2021-04-02 02:26:16
0,102.193,,93.65,2021-04-02 02:37:09
0,105.267,,94.91,2021-04-02 02:48:14
0,108.883,,96.12,2021-04-02 02:59:28
0,111.722,,97.31,2021-04-02 03:10:38
0,112.956,,98.53,2021-04-02 03:21:48
0,116.654,,99.71,2021-04-02 03:32:38
0,119.479,,100.96,2021-04-02 03:43:43
0,121.832,,102.17,2021-04-02 03:54:50
0,123.996,,103.4,2021-04-02 04:05:50
0,128.76,,104.59,2021-04-02 04:17:38
0,133.095,,105.83,2021-04-02 04:28:37
0,133.587,,107.0,2021-04-02 04:39:53
0,136.506,,108.09,2021-04-02 04:51:01
0,139.465,,109.22,2021-04-02 05:01:47
0,143.799,,110.34,2021-04-02 05:13:29
0,143.921,,111.42,2021-04-02 05:24:19
0,148.574,,112.55,2021-04-02 05:35:20
0,148.914,,113.7,2021-04-02 05:46:21
0,154.46,,114.8,2021-04-02 05:57:30
0,154.732,,115.87,2021-04-02 06:08:00
0,163.02,,117.02,2021-04-02 06:19:07
0,166.396,,118.03,2021-04-02 06:30:30
0,165.824,,119.01,2021-04-02 06:41:26
0,166.421,,120.03,2021-04-02 06:52:40
0,172.672,,121.04,2021-04-02 07:03:43
0,175.895,,122.06,2021-04-02 07:14:45
0,179.348,0.001,123.07,2021-04-02 07:25:35
0,177.672,,124.11,2021-04-02 07:36:43
0,185.853,,125.18,2021-04-02 07:47:44
0,182.303,,126.24,2021-04-02 07:59:02
0,186.59,,127.29,2021-04-02 08:09:40
0,191.58,,128.3,2021-04-02 08:21:14
0,200.662,,129.39,2021-04-02 08:32:17
0,202.326,,130.32,2021-04-02 08:43:42
0,186.966,,131.37,2021-04-02 08:54:37
0,208.287,,132.42,2021-04-02 09:05:52
0,214.574,,133.39,2021-04-02 09:17:02
0,212.442,0.003,134.32,2021-04-02 09:28:23
0,208.921,0.001,135.28,2021-04-02 09:39:25
0,214.706,,136.28,2021-04-02 09:50:48
0,225.401,,137.26,2021-04-02 10:01:54
0,219.448,0.001,138.24,2021-04-02 10:12:59
0,223.088,0.002,139.14,2021-04-02 10:24:03
0,220.915,,140.09,2021-04-02 10:35:20
0,219.447,0.001,141.01,2021-04-02 10:46:29
0,233.931,0.001,141.92,2021-04-02 10:57:20
0,244.451,0.001,142.75,2021-04-02 11:09:03
0,259.557,0.003,143.65,2021-04-02 11:20:11
0,236.873,0.001,144.6,2021-04-02 11:31:50
0,259.292,0.002,145.47,2021-04-02 11:42:45
0,250.963,0.003,146.41,2021-04-02 11:54:05
0,253.671,0.003,147.37,2021-04-02 12:05:09
0,268.932,0.001,148.29,2021-04-02 12:16:32
0,257.931,0.002,149.21,2021-04-02 12:27:28
0,252.903,0.002,150.1,2021-04-02 12:39:49
0,265.428,,151.01,2021-04-02 12:50:58
0,261.48,,151.92,2021-04-02 13:02:07
0,268.837,,152.85,2021-04-02 13:13:13
0,265.882,,153.75,2021-04-02 13:24:20
0,269.528,0.002,154.61,2021-04-02 13:35:46
0,262.547,0.001,155.4,2021-04-02 13:46:32
0,300.817,,156.27,2021-04-02 13:57:53
0,272.959,,157.2,2021-04-02 14:09:05
0,271.566,,158.15,2021-04-02 14:20:29
0,308.234,,159.1,2021-04-02 14:31:24
0,291.156,,159.97,2021-04-02 14:42:33
0,316.247,0.001,160.83,2021-04-02 14:54:16
0,285.918,,161.7,2021-04-02 15:05:30
0,310.911,,162.54,2021-04-02 15:16:50
0,313.083,,163.43,2021-04-02 15:27:48
0,303.14,,164.36,2021-04-02 15:39:06
0,317.04,,165.31,2021-04-02 15:50:23
0,310.545,,166.22,2021-04-02 16:01:39
0,342.889,,167.03,2021-04-02 16:12:27
0,323.449,0.002,167.9,2021-04-02 16:23:33
0,339.344,,168.78,2021-04-02 16:34:54
0,341.183,,169.58,2021-04-02 16:45:26
0,392.766,,170.42,2021-04-02 16:56:53
0,354.989,,171.26,2021-04-02 17:08:02
0,335.165,,172.12,2021-04-02 17:19:28
0,342.149,,173.01,2021-04-02 17:30:31
0,355.949,,173.81,2021-04-02 17:41:37
0,345.478,0.002,174.61,2021-04-02 17:53:04
0,333.175,0.002,175.37,2021-04-02 18:04:19
0,337.276,,176.21,2021-04-02 18:15:31
0,368.833,0.002,177.07,2021-04-02 18:26:42
0,369.932,,177.94,2021-04-02 18:37:55
0,366.776,,178.8,2021-04-02 18:50:06
0,378.568,0.001,179.63,2021-04-02 19:01:06
0,384.198,0.002,180.43,2021-04-02 19:12:45
0,388.358,,181.26,2021-04-02 19:23:50
0,386.684,0.006,182.04,2021-04-02 19:35:06
0,393.391,0.001,182.88,2021-04-02 19:46:24
0,407.836,0.001,183.74,2021-04-02 19:57:40
0,374.367,,184.62,2021-04-02 20:09:20
0,398.011,0.005,185.45,2021-04-02 20:20:20
0,427.402,0.007,186.21,2021-04-02 20:31:59
0,407.761,0.003,186.98,2021-04-02 20:43:13
0,391.799,,187.87,2021-04-02 20:53:36
0,432.836,0.006,188.67,2021-04-02 21:05:04
0,422.202,0.002,189.46,2021-04-02 21:16:19
0,430.237,0.001,190.22,2021-04-02 21:27:45
0,428.807,0.013,190.98,2021-04-02 21:38:36
0,467.344,0.002,191.77,2021-04-02 21:49:43
0,400.759,0.007,192.51,2021-04-02 22:01:13
0,406.09,0.003,193.35,2021-04-02 22:12:30
0,424.813,0.005,194.12,2021-04-02 22:23:48
0,439.751,0.001,195.01,2021-04-02 22:34:57
0,413.322,0.002,195.89,2021-04-02 22:46:18
0,443.493,0.006,196.71,2021-04-02 22:57:42
0,447.181,0.012,197.57,2021-04-02 23:08:52
0,439.737,0.004,198.39,2021-04-02 23:20:25
0,450.203,0.005,199.18,2021-04-02 23:31:37
0,472.814,0.016,199.92,2021-04-02 23:42:48
0,481.981,0.008,200.69,2021-04-02 23:53:53
0,460.449,0.006,201.51,2021-04-03 00:05:08
0,453.757,0.005,202.25,2021-04-03 00:16:44
0,446.89,0.006,202.98,2021-04-03 00:28:19
0,477.911,0.01,203.81,2021-04-03 00:39:27
0,464.95,0.006,204.58,2021-04-03 00:51:03
0,494.356,0.005,205.36,2021-04-03 01:02:13
0,485.932,0.018,206.04,2021-04-03 01:13:42
0,493.478,0.004,206.83,2021-04-03 01:24:04
0,531.971,0.003,207.59,2021-04-03 01:35:12
0,520.387,0.028,208.36,2021-04-03 01:46:44
0,490.277,0.01,209.13,2021-04-03 01:57:44
0,606.898,0.032,209.9,2021-04-03 02:08:56
0,555.545,0.011,210.6,2021-04-03 02:20:35
0,519.197,0.023,211.3,2021-04-03 02:32:01
0,535.915,0.039,212.04,2021-04-03 02:43:20
0,543.855,0.044,212.76,2021-04-03 02:54:30
0,515.784,0.033,213.46,2021-04-03 03:05:45
0,512.031,0.016,214.2,2021-04-03 03:17:34
0,537.631,0.006,214.94,2021-04-03 03:28:36
0,568.443,0.04,215.64,2021-04-03 03:39:58
0,588.027,0.016,216.37,2021-04-03 03:51:17
0,535.549,0.02,217.11,2021-04-03 04:02:26
0,505.002,0.012,217.83,2021-04-03 04:13:46
0,561.727,0.014,218.55,2021-04-03 04:25:07
0,558.957,0.024,219.3,2021-04-03 04:36:22
0,622.033,0.03,220.02,2021-04-03 04:47:38
0,637.379,0.014,220.73,2021-04-03 04:58:51
0,542.555,0.013,221.47,2021-04-03 05:10:07
0,577.428,0.014,222.18,2021-04-03 05:22:01
0,626.482,0.015,222.9,2021-04-03 05:33:27
0,542.839,0.007,223.61,2021-04-03 05:44:42
0,552.416,0.005,224.33,2021-04-03 05:56:26
0,622.563,0.007,225.03,2021-04-03 06:07:41
0,621.319,0.036,225.75,2021-04-03 06:18:46
0,561.731,0.006,226.48,2021-04-03 06:30:25
0,573.085,0.017,227.21,2021-04-03 06:41:42
0,638.243,0.011,227.96,2021-04-03 06:52:47
0,677.23,0.021,228.66,2021-04-03 07:04:21
0,619.877,0.01,229.36,2021-04-03 07:15:47
0,583.771,0.008,230.03,2021-04-03 07:27:15
0,565.646,0.013,230.66,2021-04-03 07:38:47
0,583.088,0.006,231.42,2021-04-03 07:50:28
0,666.776,0.007,232.15,2021-04-03 08:01:58
0,612.517,0.007,232.88,2021-04-03 08:13:07
0,577.684,0.009,233.6,2021-04-03 08:24:24
0,574.902,0.007,234.31,2021-04-03 08:36:07
0,690.18,0.012,235.02,2021-04-03 08:47:31
0,688.913,0.024,235.7,2021-04-03 08:58:47
0,579.595,0.029,236.34,2021-04-03 09:10:27
0,617.533,0.006,237.02,2021-04-03 09:21:52
0,627.974,0.024,237.71,2021-04-03 09:32:57
0,591.334,0.021,238.42,2021-04-03 09:44:27
0,647.108,0.009,239.11,2021-04-03 09:55:44
0,674.782,0.021,239.8,2021-04-03 10:07:06
0,669.64,0.013,240.46,2021-04-03 10:18:27
0,653.243,0.019,241.13,2021-04-03 10:29:56
0,647.74,0.014,241.83,2021-04-03 10:41:31
0,662.685,0.005,242.43,2021-04-03 10:53:11
0,643.83,0.023,243.09,2021-04-03 11:04:28
0,696.296,0.007,243.73,2021-04-03 11:15:57
0,667.896,0.004,244.41,2021-04-03 11:27:40
0,706.652,0.009,245.09,2021-04-03 11:38:58
0,727.7,0.015,245.78,2021-04-03 11:50:19
0,744.648,0.005,246.47,2021-04-03 12:02:03
0,640.042,0.005,247.21,2021-04-03 12:13:26
0,694.663,0.004,247.93,2021-04-03 12:25:06
0,675.816,0.013,248.61,2021-04-03 12:37:01
0,756.347,0.004,249.3,2021-04-03 12:48:40
0,781.077,0.003,250.03,2021-04-03 13:00:16
0,757.654,0.003,250.72,2021-04-03 13:11:55
0,746.958,0.002,251.47,2021-04-03 13:23:27
0,787.564,0.006,252.17,2021-04-03 13:35:17
0,686.958,0.004,252.88,2021-04-03 13:46:52
0,755.672,0.01,253.56,2021-04-03 13:58:38
0,826.988,0.022,254.21,2021-04-03 14:10:27
0,790.903,0.008,254.93,2021-04-03 14:22:08
0,747.717,0.006,255.66,2021-04-03 14:33:52
0,789.871,0.002,256.38,2021-04-03 14:45:43
0,734.705,0.009,257.0,2021-04-03 14:56:54
0,751.881,0.007,257.67,2021-04-03 15:08:18
0,867.228,0.008,258.35,2021-04-03 15:20:04
0,815.091,0.007,258.98,2021-04-03 15:31:32
0,756.191,0.002,259.65,2021-04-03 15:42:23
0,772.896,0.009,260.37,2021-04-03 15:54:01
0,810.565,0.004,261.15,2021-04-03 16:05:32
0,830.414,0.013,261.84,2021-04-03 16:17:07
0,795.554,0.009,262.5,2021-04-03 16:28:52
0,749.401,0.018,263.16,2021-04-03 16:40:42
0,796.214,0.004,263.88,2021-04-03 16:52:22
0,851.216,0.008,264.55,2021-04-03 17:04:06
0,790.325,0.016,265.3,2021-04-03 17:16:04
0,879.363,0.023,265.94,2021-04-03 17:27:48
0,803.833,0.016,266.62,2021-04-03 17:39:31
0,855.074,0.006,267.35,2021-04-03 17:51:09
0,848.867,0.011,268.03,2021-04-03 18:02:54
0,814.89,0.009,268.73,2021-04-03 18:14:25
0,872.26,0.006,269.38,2021-04-03 18:25:48
0,869.953,0.012,270.03,2021-04-03 18:37:58
0,875.36,0.015,270.68,2021-04-03 18:49:38
0,876.766,0.038,271.3,2021-04-03 19:01:11
0,860.565,0.022,271.98,2021-04-03 19:12:44
0,809.256,0.012,272.66,2021-04-03 19:24:47
0,872.074,0.006,273.41,2021-04-03 19:36:13
0,902.437,0.009,274.08,2021-04-03 19:47:54
0,833.953,0.008,274.75,2021-04-03 19:59:22
0,889.338,0.013,275.44,2021-04-03 20:10:51
0,839.544,0.015,276.14,2021-04-03 20:22:00
0,934.53,0.009,276.87,2021-04-03 20:33:35
0,870.855,0.016,277.6,2021-04-03 20:45:13
0,980.03,0.007,278.3,2021-04-03 20:56:58
0,900.307,0.019,278.96,2021-04-03 21:08:18
0,815.752,0.002,279.66,2021-04-03 21:19:42
0,959.639,0.018,280.33,2021-04-03 21:31:14
0,905.493,0.039,281.04,2021-04-03 21:42:27
0,949.354,0.014,281.73,2021-04-03 21:53:54
0,916.004,0.064,282.36,2021-04-03 22:05:30
0,903.472,0.039,283.01,2021-04-03 22:16:52
0,1037.69,0.071,283.66,2021-04-03 22:27:59
0,931.324,0.079,284.3,2021-04-03 22:39:33
0,1024.364,0.056,284.92,2021-04-03 22:50:48
0,962.283,0.096,285.56,2021-04-03 23:02:17
0,943.307,0.095,286.18,2021-04-03 23:13:49
0,924.293,0.016,286.84,2021-04-03 23:25:20
0,967.227,0.027,287.45,2021-04-03 23:36:37
0,1013.47,0.023,288.1,2021-04-03 23:48:26
0,978.136,0.009,288.77,2021-04-03 23:59:57
0,985.445,0.057,289.44,2021-04-04 00:11:42
0,1021.998,0.016,290.14,2021-04-04 00:23:40
0,969.967,0.028,290.83,2021-04-04 00:35:16
0,935.128,0.023,291.47,2021-04-04 00:46:42
0,981.162,0.037,292.09,2021-04-04 00:58:44
0,945.752,0.022,292.77,2021-04-04 01:09:51
0,1075.785,0.033,293.44,2021-04-04 01:21:15
0,934.994,0.039,294.13,2021-04-04 01:33:19
0,1018.674,0.03,294.79,2021-04-04 01:44:44
0,987.178,0.08,295.46,2021-04-04 01:56:11
0,958.687,0.039,296.15,2021-04-04 02:08:07
0,1081.124,0.017,296.79,2021-04-04 02:19:38
0,1097.991,0.026,297.42,2021-04-04 02:30:46
0,979.9,0.029,298.09,2021-04-04 02:42:37
0,1123.991,0.04,298.8,2021-04-04 02:54:07
0,1111.64,0.075,299.49,2021-04-04 03:05:35
0,940.199,0.04,300.18,2021-04-04 03:22:00
0,1066.952,0.088,300.89,2021-04-04 03:33:58
0,989.771,0.047,301.61,2021-04-04 03:45:26
0,1110.646,0.038,302.32,2021-04-04 03:57:15
0,1151.044,0.035,303.03,2021-04-04 04:08:56
0,1144.506,0.018,303.73,2021-04-04 04:20:33
0,1064.474,0.065,304.43,2021-04-04 04:31:59
0,1272.26,0.025,305.13,2021-04-04 04:43:37
0,939.683,0.047,305.82,2021-04-04 04:55:05
0,1061.057,0.045,306.5,2021-04-04 05:06:48
0,1120.872,0.03,307.18,2021-04-04 05:18:22
0,1125.179,0.046,307.91,2021-04-04 05:29:47
0,1200.896,0.037,308.62,2021-04-04 05:41:26
0,1145.082,0.034,309.33,2021-04-04 05:52:26
0,1101.013,0.019,310.03,2021-04-04 06:04:14
0,1113.771,0.039,310.73,2021-04-04 06:15:41
0,1172.914,0.057,311.44,2021-04-04 06:27:06
0,1119.832,0.02,312.15,2021-04-04 06:38:46
0,1190.156,0.042,312.86,2021-04-04 06:50:15
0,1092.625,0.043,313.52,2021-04-04 07:01:47
0,1107.341,0.03,314.19,2021-04-04 07:13:41
0,1319.098,0.034,314.84,2021-04-04 07:25:14
0,1144.0,0.08,315.51,2021-04-04 07:36:53
0,1361.471,0.054,316.17,2021-04-04 07:48:45
0,1165.891,0.125,316.83,2021-04-04 08:00:26
0,1233.724,0.054,317.49,2021-04-04 08:11:56
0,1131.685,0.09,318.16,2021-04-04 08:24:03
0,1204.846,0.072,318.81,2021-04-04 08:36:07
0,1172.582,0.066,319.49,2021-04-04 08:47:46
0,1176.857,0.033,320.18,2021-04-04 08:59:52
0,1286.343,0.051,320.85,2021-04-04 09:11:43
0,1052.824,0.067,321.52,2021-04-04 09:23:24
0,1107.921,0.093,322.21,2021-04-04 09:35:33
0,1124.827,0.334,322.83,2021-04-04 09:47:17
0,1226.722,0.134,323.49,2021-04-04 09:59:18
0,1098.261,0.145,324.18,2021-04-04 10:11:22
0,1302.932,0.089,324.84,2021-04-04 10:23:01
0,1315.476,0.367,325.38,2021-04-04 10:34:32
0,1150.653,0.156,326.0,2021-04-04 10:46:09
0,1202.449,0.068,326.63,2021-04-04 10:58:21
0,1210.465,0.122,327.24,2021-04-04 11:10:11
0,1252.439,0.123,327.86,2021-04-04 11:22:19
0,1300.071,0.081,328.47,2021-04-04 11:34:34
0,1187.763,0.895,329.01,2021-04-04 11:46:21
0,1140.735,0.057,329.58,2021-04-04 11:58:02
0,1334.836,0.178,330.17,2021-04-04 12:10:08
0,1289.136,0.348,330.76,2021-04-04 12:21:58
0,1324.841,0.16,331.36,2021-04-04 12:33:24
0,1326.292,0.454,331.91,2021-04-04 12:45:00
0,1230.92,1.343,332.48,2021-04-04 12:56:45
0,1346.427,0.906,333.02,2021-04-04 13:08:04
0,1239.931,0.575,333.54,2021-04-04 13:19:44
0,1367.615,0.739,334.12,2021-04-04 13:31:29
0,1184.426,0.453,334.65,2021-04-04 13:42:54
0,1286.176,0.561,335.2,2021-04-04 13:54:36
0,1199.205,1.853,335.78,2021-04-04 14:06:15
0,1303.248,1.929,336.33,2021-04-04 14:18:00
0,1239.973,1.65,336.87,2021-04-04 14:29:53
0,1319.469,1.517,337.44,2021-04-04 14:41:45
0,1494.145,0.996,337.96,2021-04-04 14:53:33
0,1351.884,0.572,338.5,2021-04-04 15:05:10
0,1309.12,0.742,339.04,2021-04-04 15:16:49
0,1400.928,0.388,339.63,2021-04-04 15:28:27
0,1324.127,3.914,340.19,2021-04-04 15:40:39
0,1273.873,0.167,340.76,2021-04-04 15:52:11
0,1385.356,0.283,341.3,2021-04-04 16:04:07
0,1376.436,0.357,341.87,2021-04-04 16:15:48
0,1263.435,1.726,342.44,2021-04-04 16:27:26
0,1467.364,0.846,343.01,2021-04-04 16:39:14
0,1280.602,0.939,343.52,2021-04-04 16:51:02
0,1289.456,0.651,344.02,2021-04-04 17:02:57
0,1354.006,1.406,344.52,2021-04-04 17:14:37
0,1469.136,0.456,345.06,2021-04-04 17:26:40
0,1419.205,0.977,345.57,2021-04-04 17:38:10
0,1530.557,0.588,346.13,2021-04-04 17:50:04
0,1247.87,0.308,346.71,2021-04-04 18:02:01
0,1464.84,0.522,347.32,2021-04-04 18:14:13
0,1406.408,0.708,347.89,2021-04-04 18:25:53
0,1454.277,0.443,348.44,2021-04-04 18:37:40
0,1376.511,2.202,348.95,2021-04-04 18:49:27
0,1655.927,0.478,349.47,2021-04-04 19:01:11
0,1268.978,0.859,350.01,2021-04-04 19:13:16
0,1379.062,0.708,350.58,2021-04-04 19:25:20
0,1340.13,0.575,351.11,2021-04-04 19:37:13
0,1412.922,1.312,351.67,2021-04-04 19:48:56
0,1380.64,0.24,352.22,2021-04-04 20:01:17
0,1545.338,0.116,352.78,2021-04-04 20:13:24
0,1440.038,0.305,353.33,2021-04-04 20:25:07
0,1481.612,0.108,353.91,2021-04-04 20:36:56
0,1401.103,0.261,354.47,2021-04-04 20:48:49
0,1524.777,0.093,355.06,2021-04-04 21:00:42
0,1532.18,0.342,355.62,2021-04-04 21:12:36
0,1508.541,0.144,356.19,2021-04-04 21:24:22
0,1422.065,0.19,356.81,2021-04-04 21:36:25
0,1446.788,0.117,357.39,2021-04-04 21:47:48
0,1624.561,0.166,357.97,2021-04-04 22:00:03
0,1523.432,0.227,358.59,2021-04-04 22:12:18
0,1367.53,0.13,359.18,2021-04-04 22:24:31
0,1411.26,0.069,359.77,2021-04-04 22:36:41
0,1694.267,0.149,360.38,2021-04-04 22:49:06
0,1737.331,0.135,360.98,2021-04-04 23:01:00
0,1453.584,0.364,361.59,2021-04-04 23:12:49
0,1570.433,0.131,362.15,2021-04-04 23:25:15
0,1470.69,0.142,362.73,2021-04-04 23:37:13
0,1439.081,0.147,363.33,2021-04-04 23:48:53
0,1478.966,0.767,363.9,2021-04-05 00:00:56
0,1621.395,0.089,364.48,2021-04-05 00:13:15
0,1434.93,0.666,365.01,2021-04-05 00:25:15
0,1577.483,0.236,365.5,2021-04-05 00:37:01
0,1409.063,0.85,366.03,2021-04-05 00:49:00
0,1349.075,0.818,366.57,2021-04-05 01:01:05
0,1543.201,0.551,367.07,2021-04-05 01:12:45
0,1731.508,0.723,367.61,2021-04-05 01:24:37
0,1690.949,0.599,368.16,2021-04-05 01:36:35
0,1799.971,0.638,368.66,2021-04-05 01:48:40
0,1586.022,0.272,369.17,2021-04-05 02:00:28
0,1595.847,0.182,369.71,2021-04-05 02:12:25
0,1641.687,0.277,370.25,2021-04-05 02:24:42
0,1573.85,0.91,370.76,2021-04-05 02:36:32
0,1692.117,0.357,371.31,2021-04-05 02:47:58
0,1590.855,0.331,371.84,2021-04-05 02:59:42
0,1550.455,1.674,372.34,2021-04-05 03:11:41
0,1743.913,1.298,372.86,2021-04-05 03:23:44
0,1576.736,1.02,373.4,2021-04-05 03:35:33
0,1876.934,0.86,373.94,2021-04-05 03:47:22
0,1585.904,2.588,374.5,2021-04-05 03:59:32
0,1620.07,1.824,375.02,2021-04-05 04:11:20
0,1630.604,0.922,375.53,2021-04-05 04:23:12
0,1505.799,0.496,376.04,2021-04-05 04:34:57
0,1572.46,1.175,376.54,2021-04-05 04:46:34
0,1542.416,0.525,377.08,2021-04-05 04:58:25
0,1483.352,0.494,377.62,2021-04-05 05:10:07
0,1554.611,0.58,378.14,2021-04-05 05:22:10
0,1755.374,0.246,378.69,2021-04-05 05:33:47
0,1491.189,0.684,379.21,2021-04-05 05:45:43
0,1606.052,0.384,379.73,2021-04-05 05:57:48
0,1795.322,0.202,380.25,2021-04-05 06:09:47
0,1560.119,0.355,380.81,2021-04-05 06:21:43
0,1617.726,0.055,381.36,2021-04-05 06:33:41
0,1585.32,0.052,381.92,2021-04-05 06:45:52
0,1472.427,0.067,382.49,2021-04-05 06:58:31
0,1682.256,0.068,383.04,2021-04-05 07:10:57
0,1584.478,0.061,383.6,2021-04-05 07:22:49
0,1647.654,0.088,384.19,2021-04-05 07:34:56
0,1679.556,0.37,384.81,2021-04-05 07:47:09
0,1565.977,0.099,385.41,2021-04-05 07:59:12
0,1293.176,0.438,385.91,2021-04-05 08:11:05
0,1622.395,1.197,386.5,2021-04-05 08:23:05
0,1640.776,0.44,387.06,2021-04-05 08:34:47
0,1766.141,0.309,387.63,2021-04-05 08:46:42
0,1575.197,1.782,388.16,2021-04-05 08:59:07
0,1642.272,0.298,388.72,2021-04-05 09:11:05
0,1696.013,1.435,389.29,2021-04-05 09:22:45
0,1707.559,0.242,389.84,2021-04-05 09:34:28
0,1656.555,0.335,390.41,2021-04-05 09:46:51
0,1465.995,0.536,390.98,2021-04-05 09:58:31
0,1459.939,0.343,391.56,2021-04-05 10:10:32
0,1837.913,0.186,392.16,2021-04-05 10:22:23
0,1602.697,0.419,392.77,2021-04-05 10:34:25
0,1840.593,0.193,393.35,2021-04-05 10:46:20
0,1405.013,0.26,393.94,2021-04-05 10:58:11
0,1485.735,0.261,394.56,2021-04-05 11:10:27
0,1548.012,0.565,395.18,2021-04-05 11:22:44
0,1717.198,0.201,395.74,2021-04-05 11:34:31
0,1380.038,0.249,396.31,2021-04-05 11:46:52
0,1707.996,0.087,396.88,2021-04-05 11:59:02
0,1841.177,0.379,397.49,2021-04-05 12:11:01
0,1591.3,0.166,398.1,2021-04-05 12:23:15
0,1467.286,0.076,398.69,2021-04-05 12:35:30
0,1685.375,0.089,399.31,2021-04-05 12:47:21
0,1404.687,0.234,399.89,2021-04-05 12:58:59
0,1876.301,0.098,400.5,2021-04-05 13:11:03
0,1779.29,0.345,401.12,2021-04-05 13:22:55
0,1567.786,0.082,401.74,2021-04-05 13:34:18
0,1730.583,0.098,402.39,2021-04-05 13:46:11
0,1559.66,0.164,402.99,2021-04-05 13:57:53
0,1717.9,0.243,403.59,2021-04-05 14:09:38
0,1405.504,0.82,404.14,2021-04-05 14:21:31
0,1716.34,0.33,404.71,2021-04-05 14:33:29
0,1706.997,1.01,405.19,2021-04-05 14:45:15
0,1355.254,0.574,405.74,2021-04-05 14:56:54
0,1583.57,0.146,406.3,2021-04-05 15:09:08
0,1488.545,0.426,406.85,2021-04-05 15:20:58
0,1554.996,0.599,407.43,2021-04-05 15:33:05
0,1494.159,0.279,408.0,2021-04-05 15:45:02
0,1504.705,0.279,408.59,2021-04-05 15:57:14
0,1916.325,0.356,409.12,2021-04-05 16:09:25
0,1534.895,0.404,409.67,2021-04-05 16:21:25
0,1609.577,0.671,410.27,2021-04-05 16:33:36
0,1730.13,0.413,410.8,2021-04-05 16:45:31
0,1748.331,0.12,411.4,2021-04-05 16:57:48
0,1532.926,0.223,411.92,2021-04-05 17:09:50
0,1682.09,0.169,412.48,2021-04-05 17:22:22
0,1679.662,0.461,413.08,2021-04-05 17:34:30
0,1352.996,0.106,413.68,2021-04-05 17:46:25
0,1575.382,0.02,414.3,2021-04-05 17:59:03
0,1829.009,0.732,414.82,2021-04-05 18:11:03
0,1477.499,0.075,415.43,2021-04-05 18:23:17
0,1466.08,0.038,416.0,2021-04-05 18:35:27
0,1473.719,0.088,416.58,2021-04-05 18:47:46
0,1563.853,0.14,417.18,2021-04-05 18:59:33
0,1617.15,0.037,417.8,2021-04-05 19:11:16
0,1632.679,0.041,418.44,2021-04-05 19:23:18
0,1551.875,0.933,419.0,2021-04-05 19:35:14
0,1638.206,1.718,419.54,2021-04-05 19:46:58
0,1415.328,0.553,420.07,2021-04-05 19:58:41
0,1684.111,1.595,420.62,2021-04-05 20:10:20
0,1504.373,0.383,421.16,2021-04-05 20:22:24
0,1771.6,1.208,421.73,2021-04-05 20:33:46
0,1642.841,1.281,422.28,2021-04-05 20:46:19
0,1358.917,0.152,422.89,2021-04-05 20:58:16
0,1539.901,0.226,423.44,2021-04-05 21:10:04
0,1659.727,0.428,424.01,2021-04-05 21:22:06
0,1378.509,0.201,424.59,2021-04-05 21:34:15
0,1624.243,0.116,425.19,2021-04-05 21:46:21
0,1448.778,0.598,425.75,2021-04-05 21:58:25
0,1687.754,0.223,426.33,2021-04-05 22:10:08
0,1703.624,0.541,426.86,2021-04-05 22:22:09
0,1862.281,0.45,427.39,2021-04-05 22:34:19
0,1594.648,0.608,427.97,2021-04-05 22:46:24
0,1562.89,0.497,428.5,2021-04-05 22:58:58
0,1619.94,0.172,429.09,2021-04-05 23:11:17
0,1576.294,0.616,429.65,2021-04-05 23:23:21
0,1588.358,4.443,430.2,2021-04-05 23:35:53
0,1549.549,0.168,430.75,2021-04-05 23:48:02
0,1393.902,0.151,431.36,2021-04-06 00:00:14
0,1499.999,4.12,431.9,2021-04-06 00:12:10
0,1690.86,2.152,432.44,2021-04-06 00:24:19
0,1516.152,1.879,432.97,2021-04-06 00:36:09
0,1399.602,0.725,433.5,2021-04-06 00:47:44
0,1617.421,0.283,434.03,2021-04-06 00:59:58
0,1858.259,0.237,434.66,2021-04-06 01:12:00
0,1759.223,0.431,435.24,2021-04-06 01:23:55
0,1595.906,0.115,435.85,2021-04-06 01:36:13
0,1638.479,0.128,436.45,2021-04-06 01:48:48
0,1442.714,0.05,437.06,2021-04-06 02:00:40
0,1623.395,0.022,437.63,2021-04-06 02:12:49
0,1643.644,0.3,438.17,2021-04-06 02:24:43
0,1745.709,0.109,438.79,2021-04-06 02:36:47
0,1634.851,0.793,439.32,2021-04-06 02:48:15
0,1607.281,2.008,439.85,2021-04-06 03:00:02
0,1447.469,0.385,440.41,2021-04-06 03:12:06
0,1488.533,7.372,440.95,2021-04-06 03:23:58
0,1839.83,2.242,441.47,2021-04-06 03:35:50
0,1799.547,1.225,442.05,2021-04-06 03:48:35
0,1554.846,2.036,442.6,2021-04-06 04:00:53
0,1442.801,0.415,443.17,2021-04-06 04:12:57
0,1729.92,0.12,443.75,2021-04-06 04:24:58
0,1608.731,0.386,444.33,2021-04-06 04:37:03
0,1572.239,0.272,444.93,2021-04-06 04:48:50
0,1374.483,0.089,445.57,2021-04-06 05:01:03
0,1981.151,0.166,446.17,2021-04-06 05:13:33
0,1521.882,0.167,446.76,2021-04-06 05:25:53
0,1639.642,0.112,447.39,2021-04-06 05:38:10
0,1775.701,0.15,447.99,2021-04-06 05:49:59
0,1412.723,0.385,448.61,2021-04-06 06:02:16
0,1425.626,0.228,449.22,2021-04-06 06:14:39
0,1752.541,0.951,449.71,2021-04-06 06:26:52
0,1417.809,0.405,450.26,2021-04-06 06:39:40
0,1621.759,0.075,450.95,2021-04-06 06:51:38
0,1635.898,0.123,451.55,2021-04-06 07:03:31
0,1804.548,0.119,452.19,2021-04-06 07:16:10
0,1700.349,0.117,452.78,2021-04-06 07:28:02
0,1521.999,0.186,453.34,2021-04-06 07:40:22
0,1589.862,0.056,453.95,2021-04-06 07:52:41
0,1664.786,0.088,454.48,2021-04-06 08:04:41
0,1514.113,0.058,455.07,2021-04-06 08:16:25
0,1490.89,0.072,455.68,2021-04-06 08:28:12
0,1830.49,0.024,456.29,2021-04-06 08:40:10
0,1677.827,0.318,456.82,2021-04-06 08:51:54
0,1671.241,0.098,457.42,2021-04-06 09:03:49
0,1383.011,0.242,458.06,2021-04-06 09:15:48
0,1600.606,0.152,458.66,2021-04-06 09:27:29
0,1785.62,4.985,459.23,2021-04-06 09:39:15
0,1536.329,1.702,459.81,2021-04-06 09:51:15
0,1525.381,0.462,460.38,2021-04-06 10:03:15
0,1822.617,0.137,460.95,2021-04-06 10:14:59
0,1618.645,0.618,461.51,2021-04-06 10:27:09
0,1718.221,0.343,462.1,2021-04-06 10:39:57
0,1532.056,0.12,462.7,2021-04-06 10:52:03
0,1439.445,0.114,463.29,2021-04-06 11:04:18
0,1589.242,0.421,463.85,2021-04-06 11:16:31
0,1512.69,0.499,464.46,2021-04-06 11:28:35
0,1679.014,1.227,465.05,2021-04-06 11:40:45
0,1398.344,0.651,465.6,2021-04-06 11:52:56
0,1523.553,0.106,466.25,2021-04-06 12:05:25
0,1802.813,0.374,466.85,2021-04-06 12:17:36
0,1600.873,0.321,467.39,2021-04-06 12:29:44
0,1451.005,1.769,467.93,2021-04-06 12:41:41
0,1591.539,0.487,468.54,2021-04-06 12:54:03
0,1693.072,0.641,469.03,2021-04-06 13:06:07
0,1570.754,0.349,469.63,2021-04-06 13:18:18
0,1623.083,0.226,470.23,2021-04-06 13:30:58
0,1763.638,0.201,470.85,2021-04-06 13:42:54
0,1575.34,0.318,471.41,2021-04-06 13:55:11
0,1645.549,0.583,471.96,2021-04-06 14:07:09
0,1722.332,0.162,472.51,2021-04-06 14:19:37
0,1424.429,0.064,473.11,2021-04-06 14:31:51
0,1773.492,0.121,473.71,2021-04-06 14:43:40
0,1776.761,0.179,474.34,2021-04-06 14:55:39
0,1672.668,0.307,474.92,2021-04-06 15:07:42
0,1565.602,0.204,475.48,2021-04-06 15:19:45
0,1585.318,0.248,476.06,2021-04-06 15:31:49
0,1671.741,0.756,476.63,2021-04-06 15:43:48
0,1569.924,0.564,477.21,2021-04-06 15:55:33
0,1836.95,0.461,477.81,2021-04-06 16:07:55
0,1546.781,0.42,478.42,2021-04-06 16:20:37
0,1853.114,0.457,479.01,2021-04-06 16:33:02
0,1635.287,0.735,479.62,2021-04-06 16:44:49
0,1612.528,0.257,480.22,2021-04-06 16:57:23
0,1355.132,0.929,480.78,2021-04-06 17:09:27
0,1879.862,0.548,481.34,2021-04-06 17:21:09
0,1585.754,1.298,481.91,2021-04-06 17:32:57
0,1557.711,0.119,482.45,2021-04-06 17:45:13
0,1884.445,0.612,482.98,2021-04-06 17:57:07
0,1462.258,0.547,483.54,2021-04-06 18:09:13
0,1616.085,0.316,484.11,2021-04-06 18:21:40
0,1560.555,0.982,484.67,2021-04-06 18:34:04
0,1636.938,0.34,485.22,2021-04-06 18:45:55
0,1626.72,0.289,485.72,2021-04-06 18:58:15
0,1638.639,0.892,486.28,2021-04-06 19:10:55
0,1611.671,0.846,486.83,2021-04-06 19:22:48
0,1568.48,0.767,487.43,2021-04-06 19:34:44
0,1624.523,0.514,487.95,2021-04-06 19:46:59
0,1556.654,0.293,488.53,2021-04-06 19:58:58
0,1664.383,0.091,489.13,2021-04-06 20:10:59
0,1742.192,0.194,489.71,2021-04-06 20:23:01
0,1634.274,0.398,490.3,2021-04-06 20:35:09
0,1660.394,0.016,490.94,2021-04-06 20:46:43
0,1734.255,0.111,491.58,2021-04-06 20:58:43
0,1707.475,0.137,492.2,2021-04-06 21:10:50
0,1551.476,0.026,492.83,2021-04-06 21:22:27
0,1832.761,0.08,493.42,2021-04-06 21:34:21
0,1644.423,0.851,494.01,2021-04-06 21:46:32
0,1481.881,0.256,494.59,2021-04-06 21:58:08
0,1611.367,0.957,495.18,2021-04-06 22:09:58
0,1556.312,0.417,495.77,2021-04-06 22:21:53
0,1808.614,0.172,496.4,2021-04-06 22:34:04
0,1659.944,0.316,496.97,2021-04-06 22:45:57
0,1699.63,0.167,497.56,2021-04-06 22:57:42
0,1509.112,0.574,498.14,2021-04-06 23:10:00
0,1622.674,0.38,498.71,2021-04-06 23:22:15
0,1430.694,0.29,499.29,2021-04-06 23:34:35
0,1710.209,0.864,499.88,2021-04-06 23:46:46
0,1747.103,0.136,500.49,2021-04-06 23:58:44
0,1615.134,0.199,501.06,2021-04-07 00:10:55
0,1478.604,0.279,501.6,2021-04-07 00:22:48
0,1745.265,0.169,502.16,2021-04-07 00:34:34
0,1806.247,0.708,502.68,2021-04-07 00:46:30
0,1596.591,0.496,503.19,2021-04-07 00:58:39
0,1475.57,1.711,503.76,2021-04-07 01:10:40
0,1596.718,0.154,504.34,2021-04-07 01:23:08
0,1855.553,0.152,504.87,2021-04-07 01:35:19
0,1629.012,0.758,505.42,2021-04-07 01:47:26
0,1814.13,0.247,506.0,2021-04-07 01:59:49
0,1557.983,1.342,506.54,2021-04-07 02:11:51
0,1772.73,0.415,507.11,2021-04-07 02:23:25
0,1753.605,1.542,507.61,2021-04-07 02:35:24
0,1531.688,0.719,508.18,2021-04-07 02:47:23
0,1481.344,0.093,508.76,2021-04-07 02:59:26
0,1706.137,1.577,509.3,2021-04-07 03:11:29
0,1934.291,0.224,509.88,2021-04-07 03:23:22
0,1598.739,0.602,510.48,2021-04-07 03:35:33
0,1778.42,0.532,511.05,2021-04-07 03:47:19
0,1744.005,0.923,511.62,2021-04-07 03:59:29
0,1553.428,0.21,512.21,2021-04-07 04:11:47
0,1690.521,0.702,512.74,2021-04-07 04:23:51
0,1620.691,0.287,513.33,2021-04-07 04:35:59
0,1422.907,0.304,513.93,2021-04-07 04:47:54
0,1470.476,0.215,514.54,2021-04-07 05:00:02
0,1454.105,0.592,515.15,2021-04-07 05:11:42
0,1516.518,0.802,515.77,2021-04-07 05:23:44
0,1598.77,0.415,516.35,2021-04-07 05:35:59
0,1606.809,0.233,516.91,2021-04-07 05:47:46
0,1633.746,0.228,517.48,2021-04-07 06:00:02
0,1720.127,0.147,518.06,2021-04-07 06:12:12
0,1661.848,0.139,518.67,2021-04-07 06:24:11
0,1695.636,0.161,519.26,2021-04-07 06:36:27
0,1559.873,0.369,519.8,2021-04-07 06:48:32
0,1581.774,0.039,520.44,2021-04-07 07:01:08
0,1607.853,0.079,521.07,2021-04-07 07:13:18
0,1443.335,0.246,521.69,2021-04-07 07:25:55
0,1488.136,0.083,522.32,2021-04-07 07:38:28
0,1571.178,0.406,522.94,2021-04-07 07:50:11
0,1635.662,0.46,523.52,2021-04-07 08:01:58
0,1637.656,0.44,524.07,2021-04-07 08:14:08
0,1711.332,1.509,524.59,2021-04-07 08:26:06
0,1710.931,0.518,525.12,2021-04-07 08:38:10
0,1474.558,0.583,525.7,2021-04-07 08:50:03
0,1395.354,0.167,526.32,2021-04-07 09:02:32
0,1606.096,1.264,526.87,2021-04-07 09:14:18
0,1719.899,0.907,527.48,2021-04-07 09:26:44
0,1777.732,0.16,528.1,2021-04-07 09:39:24
0,1774.1,0.25,528.72,2021-04-07 09:51:39
0,1811.913,0.261,529.3,2021-04-07 10:03:58
0,1680.193,0.133,529.87,2021-04-07 10:16:08
0,1356.808,0.642,530.42,2021-04-07 10:28:27
0,1357.389,0.069,530.99,2021-04-07 10:40:29
0,1981.339,0.069,531.56,2021-04-07 10:52:31
0,1461.398,1.563,532.06,2021-04-07 11:04:37
0,1726.287,0.361,532.63,2021-04-07 11:16:16
0,1551.295,0.424,533.17,2021-04-07 11:28:17
0,1585.331,0.185,533.68,2021-04-07 11:40:15
0,1544.055,0.676,534.26,2021-04-07 11:52:30
0,1646.075,0.164,534.81,2021-04-07 12:04:20
0,1464.466,0.341,535.34,2021-04-07 12:16:22
0,1609.229,0.279,535.89,2021-04-07 12:28:02
0,1578.285,1.28,536.44,2021-04-07 12:40:19
0,1744.583,0.256,537.0,2021-04-07 12:52:17
0,1608.946,0.145,537.6,2021-04-07 13:04:10
0,1763.727,0.143,538.2,2021-04-07 13:16:04
0,1454.923,0.44,538.81,2021-04-07 13:28:00
0,1788.682,0.221,539.36,2021-04-07 13:40:01
0,1807.394,0.89,539.87,2021-04-07 13:51:49
0,1584.195,0.689,540.43,2021-04-07 14:00:55
0,1613.944,0.092,541.09,2021-04-07 14:06:50
0,1535.705,0.129,541.72,2021-04-07 14:12:48
0,1485.929,0.258,542.33,2021-04-07 14:19:01
0,1654.495,0.334,542.9,2021-04-07 14:24:55
0,1590.015,0.864,543.45,2021-04-07 14:30:50
0,1514.601,0.231,544.01,2021-04-07 14:38:13
0,1570.735,0.068,544.65,2021-04-07 14:44:22
0,1560.233,0.058,545.24,2021-04-07 14:50:34
0,1661.754,0.254,545.83,2021-04-07 14:56:33
0,1605.995,0.552,546.38,2021-04-07 15:07:08
0,1634.781,0.219,546.89,2021-04-07 15:13:07
0,1512.355,0.049,547.46,2021-04-07 15:19:03
0,1683.996,0.019,548.07,2021-04-07 15:26:30
0,1464.484,0.017,548.66,2021-04-07 15:32:26
0,1604.018,0.086,549.25,2021-04-07 15:38:17
0,1396.971,0.072,549.81,2021-04-07 15:44:09
0,1847.803,0.383,550.39,2021-04-07 15:50:47
0,1643.787,1.683,550.92,2021-04-07 15:56:37
0,1765.718,2.094,551.46,2021-04-07 16:02:31
0,1685.006,2.597,551.97,2021-04-07 16:08:24
0,1651.081,0.629,552.51,2021-04-07 16:16:16
0,1674.592,0.667,553.01,2021-04-07 16:22:09
0,1412.718,0.209,553.65,2021-04-07 16:28:08
0,1621.379,0.609,554.23,2021-04-07 16:35:30
0,1734.576,0.254,554.87,2021-04-07 16:41:31
0,1482.212,0.581,555.49,2021-04-07 16:47:29
0,1681.48,0.123,556.09,2021-04-07 16:54:44
0,1896.516,0.183,556.7,2021-04-07 17:00:43
0,1555.887,0.669,557.27,2021-04-07 17:06:55
0,1563.99,0.289,557.83,2021-04-07 17:12:55
0,1602.071,0.236,558.4,2021-04-07 17:19:38
0,1733.264,0.603,558.97,2021-04-07 17:25:36
0,1566.121,2.217,559.49,2021-04-07 17:31:40
0,1604.501,0.307,560.04,2021-04-07 17:38:33
0,1497.886,0.381,560.61,2021-04-07 17:44:35
0,1516.198,0.538,561.22,2021-04-07 17:50:38
0,1788.701,0.382,561.8,2021-04-07 17:56:46
0,1689.145,0.75,562.38,2021-04-07 18:03:30
0,1610.95,1.194,562.91,2021-04-07 18:09:23
0,1755.884,0.117,563.53,2021-04-07 18:15:17
0,1413.637,0.306,564.1,2021-04-07 18:21:30
0,1449.236,0.104,564.74,2021-04-07 18:27:29
0,1581.069,0.098,565.37,2021-04-07 18:33:39
0,1600.602,0.123,565.96,2021-04-07 18:39:40
0,1545.809,0.147,566.57,2021-04-07 18:45:46
0,1858.532,0.408,567.21,2021-04-07 18:51:45
0,1748.101,0.526,567.83,2021-04-07 18:57:48
0,1501.893,0.577,568.39,2021-04-07 19:04:05
0,1794.4,0.116,568.99,2021-04-07 19:10:11
0,1691.118,0.997,569.57,2021-04-07 19:16:19
0,1404.781,0.586,570.2,2021-04-07 19:22:32
0,1629.493,2.613,570.76,2021-04-07 19:28:30
0,1455.508,0.735,571.31,2021-04-07 19:34:29
0,1700.013,0.482,571.86,2021-04-07 19:40:34
0,1570.559,0.365,572.4,2021-04-07 19:46:45
0,1752.973,0.658,572.96,2021-04-07 19:52:55
0,1749.46,0.179,573.55,2021-04-07 19:59:00
0,1598.645,1.194,574.1,2021-04-07 20:05:18
0,1929.573,0.209,574.72,2021-04-07 20:11:16
0,1522.105,0.526,575.27,2021-04-07 20:17:13
0,1596.229,0.181,575.84,2021-04-07 20:23:15
0,1544.66,0.343,576.45,2021-04-07 20:29:36
0,1647.66,0.135,577.01,2021-04-07 20:35:36
0,1836.594,0.15,577.6,2021-04-07 20:41:38
0,1962.789,0.244,578.19,2021-04-07 20:47:54
0,1610.332,0.531,578.69,2021-04-07 20:53:53
0,1414.276,0.023,579.35,2021-04-07 20:59:59
0,1543.213,0.019,579.95,2021-04-07 21:06:09
0,1658.91,0.267,580.52,2021-04-07 21:12:24
0,1408.057,0.054,581.13,2021-04-07 21:18:19
0,1558.37,0.192,581.71,2021-04-07 21:24:17
0,1660.042,0.117,582.3,2021-04-07 21:30:24
0,1633.017,0.14,582.94,2021-04-07 21:36:24
0,1786.226,0.122,583.59,2021-04-07 21:42:22
0,1495.921,0.257,584.2,2021-04-07 21:48:37
0,1395.632,0.063,584.79,2021-04-07 21:54:32
0,1627.745,0.084,585.39,2021-04-07 22:00:24
0,1680.389,0.318,585.95,2021-04-07 22:06:17
0,1664.958,0.902,586.51,2021-04-07 22:12:20
0,1568.535,0.644,587.11,2021-04-07 22:18:09
0,1462.652,3.628,587.62,2021-04-07 22:23:58
0,1536.344,0.47,588.17,2021-04-07 22:29:58
0,1707.889,0.782,588.7,2021-04-07 22:35:47
0,1334.781,0.307,589.24,2021-04-07 22:41:44
0,1605.975,1.111,589.8,2021-04-07 22:47:40
0,1510.449,0.664,590.36,2021-04-07 22:53:58
0,1620.963,0.252,590.93,2021-04-07 23:00:00
0,1553.683,1.937,591.48,2021-04-07 23:06:01
0,1476.839,1.336,592.04,2021-04-07 23:12:12
0,1600.577,0.154,592.67,2021-04-07 23:18:23
0,1704.479,0.773,593.21,2021-04-07 23:24:30
0,1645.358,0.451,593.79,2021-04-07 23:30:38
0,1612.815,0.389,594.36,2021-04-07 23:36:52
0,1761.789,0.53,594.93,2021-04-07 23:42:53
0,1571.432,0.842,595.48,2021-04-07 23:48:59
0,1502.19,0.044,596.13,2021-04-07 23:55:07
0,1504.351,0.454,596.68,2021-04-08 00:01:09
0,1783.827,0.167,597.27,2021-04-08 00:07:14
0,1631.512,0.13,597.87,2021-04-08 00:13:12
0,1776.408,0.08,598.45,2021-04-08 00:19:16
0,1516.027,0.138,599.09,2021-04-08 00:25:19
0,1727.035,0.038,599.74,2021-04-08 00:31:17
0,1625.123,0.075,600.37,2021-04-08 00:42:58
0,1541.18,0.067,600.97,2021-04-08 00:48:56
0,1508.836,0.067,601.57,2021-04-08 00:54:53
0,1731.172,0.027,602.21,2021-04-08 01:01:11
0,1679.32,0.187,602.77,2021-04-08 01:07:00
0,1629.601,1.111,603.28,2021-04-08 01:13:00
0,1549.893,0.199,603.88,2021-04-08 01:18:59
0,1376.97,0.645,604.41,2021-04-08 01:25:12
0,1493.733,0.251,604.93,2021-04-08 01:31:06
0,1682.176,3.334,605.44,2021-04-08 01:36:58
0,1890.966,1.057,605.98,2021-04-08 01:42:49
0,1392.634,1.771,606.51,2021-04-08 01:49:03
0,1521.33,0.372,607.06,2021-04-08 01:54:52
0,1648.659,1.702,607.64,2021-04-08 02:00:47
0,1367.101,2.076,608.18,2021-04-08 02:06:54
0,1726.464,1.168,608.76,2021-04-08 02:12:50
0,1415.565,0.573,609.34,2021-04-08 02:18:47
0,1643.01,0.768,609.95,2021-04-08 02:24:50
0,1544.918,0.176,610.57,2021-04-08 02:30:52
0,1488.596,0.648,611.14,2021-04-08 02:36:53
0,1857.776,2.418,611.75,2021-04-08 02:42:58
0,1529.586,0.667,612.31,2021-04-08 02:49:21
0,1693.8,0.1,612.92,2021-04-08 02:55:30
0,1699.333,0.943,613.45,2021-04-08 03:01:29
0,1467.431,0.298,614.02,2021-04-08 03:07:40
0,1607.538,0.093,614.61,2021-04-08 03:13:38
0,1639.667,0.215,615.23,2021-04-08 03:19:39
0,1930.709,0.272,615.77,2021-04-08 03:25:43
0,1294.793,1.893,616.26,2021-04-08 03:31:56
0,1721.587,0.139,616.86,2021-04-08 03:38:00
0,1692.775,0.443,617.39,2021-04-08 03:43:54
0,1584.872,0.264,617.95,2021-04-08 03:49:51
0,1774.754,0.084,618.57,2021-04-08 03:56:03
0,1737.409,0.088,619.23,2021-04-08 04:02:14
0,1623.56,0.019,619.88,2021-04-08 04:08:20
0,1450.792,0.218,620.51,2021-04-08 04:14:39
0,1522.616,0.251,621.12,2021-04-08 04:20:33
0,1547.654,1.387,621.67,2021-04-08 04:26:27
0,1822.605,0.652,622.17,2021-04-08 04:32:38
0,1688.392,0.316,622.74,2021-04-08 04:38:42
0,1494.541,0.471,623.31,2021-04-08 04:44:41
0,1491.258,0.428,623.85,2021-04-08 04:50:37
0,1742.529,0.424,624.42,2021-04-08 04:56:42
0,1599.779,2.89,624.99,2021-04-08 05:02:47
0,1581.547,0.785,625.51,2021-04-08 05:08:45
0,1452.673,0.451,626.11,2021-04-08 05:14:53
0,1602.252,0.222,626.66,2021-04-08 05:20:49
0,1640.228,0.474,627.21,2021-04-08 05:26:46
0,1576.848,0.221,627.79,2021-04-08 05:32:51
0,1988.122,0.1,628.43,2021-04-08 05:39:01
0,1644.26,0.094,628.99,2021-04-08 05:45:10
0,1477.085,0.071,629.56,2021-04-08 05:51:08
0,1774.12,0.402,630.14,2021-04-08 05:57:18
0,1600.446,0.135,630.73,2021-04-08 06:03:17
0,1628.191,0.163,631.34,2021-04-08 06:09:15
0,1699.062,0.597,631.99,2021-04-08 06:15:14
0,1697.429,0.866,632.58,2021-04-08 06:21:48
0,1536.042,0.222,633.18,2021-04-08 06:27:58
0,1881.33,0.161,633.8,2021-04-08 06:33:57
0,1605.869,0.858,634.38,2021-04-08 06:40:09
0,1367.114,0.189,634.97,2021-04-08 06:46:12
0,1853.177,0.083,635.6,2021-04-08 06:52:22
0,1634.859,1.11,636.15,2021-04-08 06:58:29
0,1561.297,0.238,636.75,2021-04-08 07:04:27
0,1473.277,0.189,637.37,2021-04-08 07:10:21
0,1702.08,0.166,637.97,2021-04-08 07:16:22
0,1775.563,0.295,638.55,2021-04-08 07:22:35
0,1682.684,0.634,639.12,2021-04-08 07:28:30
0,1491.903,0.323,639.68,2021-04-08 07:34:26
0,1534.363,0.168,640.25,2021-04-08 07:40:36
0,1834.663,0.047,640.89,2021-04-08 07:46:46
0,1454.298,0.105,641.49,2021-04-08 07:52:44
0,1473.939,0.104,642.1,2021-04-08 07:58:48
0,1535.843,2.786,642.68,2021-04-08 08:04:45
0,1695.827,0.291,643.26,2021-04-08 08:10:47
0,1539.507,0.866,643.78,2021-04-08 08:16:39
0,1753.545,0.806,644.34,2021-04-08 08:22:53
0,1781.882,0.371,644.95,2021-04-08 08:28:50
0,1531.498,0.183,645.51,2021-04-08 08:34:50
0,1578.839,0.09,646.11,2021-04-08 08:41:00
0,1434.9,0.096,646.7,2021-04-08 08:47:00
0,1713.816,0.728,647.26,2021-04-08 08:52:57
0,1510.088,0.199,647.83,2021-04-08 08:58:58
0,1614.015,0.484,648.42,2021-04-08 09:05:19
0,1853.884,0.822,649.01,2021-04-08 09:11:25
0,1512.202,0.615,649.53,2021-04-08 09:17:29
0,1733.171,0.132,650.11,2021-04-08 09:23:49
0,1393.932,0.406,650.66,2021-04-08 09:29:50
0,1473.804,0.39,651.25,2021-04-08 09:35:55
0,1754.453,0.584,651.76,2021-04-08 09:41:57
0,1791.897,0.272,652.35,2021-04-08 09:48:11
0,1309.236,0.132,652.92,2021-04-08 09:54:06
0,1621.663,0.233,653.49,2021-04-08 10:00:05
0,1878.644,0.116,654.08,2021-04-08 10:06:17
0,1953.123,0.242,654.68,2021-04-08 10:12:09
0,1562.294,0.105,655.31,2021-04-08 10:18:04
0,1595.745,0.086,655.94,2021-04-08 10:23:59
0,1518.449,0.746,656.54,2021-04-08 10:30:03
0,1752.379,0.269,657.14,2021-04-08 10:35:57
0,1518.927,1.082,657.67,2021-04-08 10:41:52
0,1506.308,0.12,658.25,2021-04-08 10:48:01
0,1519.28,3.445,658.76,2021-04-08 10:53:54
0,1762.038,2.02,659.3,2021-04-08 10:59:46
0,1451.543,1.439,659.83,2021-04-08 11:05:38
0,1821.122,0.224,660.39,2021-04-08 11:12:17
0,1653.376,0.681,660.94,2021-04-08 11:18:11
0,1623.715,0.89,661.51,2021-04-08 11:24:06
0,1787.712,0.709,662.08,2021-04-08 11:30:19
0,1756.86,0.441,662.65,2021-04-08 11:36:20
0,1508.645,0.451,663.24,2021-04-08 11:42:14
0,1556.163,0.421,663.82,2021-04-08 11:48:20
0,1551.839,0.488,664.38,2021-04-08 11:54:34
0,2010.235,0.15,665.0,2021-04-08 12:00:43
0,1626.984,1.832,665.55,2021-04-08 12:06:50
0,1810.028,0.176,666.19,2021-04-08 12:12:55
0,1684.372,0.544,666.76,2021-04-08 12:19:01
0,1740.965,0.706,667.26,2021-04-08 12:25:04
0,1466.221,0.373,667.83,2021-04-08 12:31:07
0,1494.182,0.163,668.36,2021-04-08 12:37:18
0,1779.106,0.178,668.93,2021-04-08 12:43:21
0,1723.433,0.663,669.47,2021-04-08 12:49:23
0,1423.78,0.352,670.06,2021-04-08 12:55:40
0,1460.423,0.284,670.6,2021-04-08 13:01:45
0,1524.493,0.151,671.17,2021-04-08 13:07:46
0,1530.288,0.875,671.74,2021-04-08 13:13:43
0,1715.781,0.869,672.31,2021-04-08 13:19:52
0,1517.026,0.162,672.93,2021-04-08 13:25:47
0,1605.209,0.298,673.49,2021-04-08 13:31:42
0,1687.553,3.512,674.03,2021-04-08 13:37:47
0,1580.152,0.285,674.62,2021-04-08 13:43:53
0,1717.236,0.153,675.22,2021-04-08 13:49:59
0,1751.366,0.21,675.82,2021-04-08 13:56:04
0,1539.106,0.17,676.41,2021-04-08 14:02:11
0,1581.692,0.089,677.01,2021-04-08 14:08:14
0,1591.667,0.207,677.59,2021-04-08 14:14:19
0,1486.81,0.277,678.16,2021-04-08 14:20:24
0,1502.89,0.046,678.75,2021-04-08 14:26:30
0,1689.415,0.052,679.35,2021-04-08 14:32:30
0,1694.422,0.075,679.93,2021-04-08 14:38:24
0,1594.693,0.03,680.53,2021-04-08 14:44:27
0,1669.187,0.062,681.15,2021-04-08 14:50:20
0,1426.827,0.32,681.71,2021-04-08 14:56:15
0,1720.812,0.065,682.28,2021-04-08 15:02:22
0,1551.734,0.777,682.81,2021-04-08 15:08:24
0,1547.388,1.835,683.42,2021-04-08 15:14:19
0,1672.948,0.37,683.98,2021-04-08 15:20:17
0,1539.575,0.232,684.6,2021-04-08 15:26:40
0,1520.2,0.412,685.2,2021-04-08 15:32:46
0,1558.183,0.313,685.79,2021-04-08 15:38:50
0,1557.944,0.285,686.33,2021-04-08 15:44:58
0,1627.716,0.327,686.86,2021-04-08 15:51:03
0,1836.215,0.513,687.47,2021-04-08 15:57:11
0,1517.124,0.299,688.07,2021-04-08 16:03:24
0,1635.969,0.61,688.64,2021-04-08 16:09:24
0,1725.353,0.523,689.15,2021-04-08 16:15:29
0,1679.949,0.203,689.75,2021-04-08 16:21:30
0,1619.958,0.546,690.29,2021-04-08 16:27:45
0,1483.189,0.1,690.88,2021-04-08 16:33:52
0,1528.427,0.163,691.48,2021-04-08 16:39:50
0,1669.236,0.07,692.08,2021-04-08 16:46:08
0,1530.131,0.227,692.68,2021-04-08 16:52:11
0,1588.057,0.078,693.29,2021-04-08 16:58:16
0,1719.452,0.095,693.91,2021-04-08 17:04:19
0,1790.549,0.093,694.52,2021-04-08 17:10:43
0,1681.861,1.237,695.06,2021-04-08 17:16:42
0,1689.676,0.316,695.64,2021-04-08 17:22:34
0,1628.972,0.231,696.2,2021-04-08 17:28:37
0,1936.457,0.228,696.77,2021-04-08 17:34:32
0,1721.641,1.004,697.36,2021-04-08 17:40:26
0,1450.051,0.895,697.93,2021-04-08 17:46:28
0,1619.398,0.531,698.49,2021-04-08 17:52:42
0,1468.203,1.605,699.06,2021-04-08 17:58:42
0,1735.834,0.287,699.66,2021-04-08 18:04:51
0,1772.422,2.398,700.12,2021-04-08 18:10:57
0,1562.199,0.872,700.7,2021-04-08 18:17:03
0,1574.572,0.409,701.32,2021-04-08 18:23:05
0,1672.599,1.488,701.93,2021-04-08 18:29:15
0,1383.621,3.945,702.51,2021-04-08 18:35:34
0,1365.284,0.354,703.12,2021-04-08 18:41:42
0,1640.199,0.257,703.72,2021-04-08 18:47:48
0,1658.689,0.636,704.27,2021-04-08 18:53:55
0,1597.572,0.641,704.85,2021-04-08 19:00:06
0,1804.264,0.556,705.44,2021-04-08 19:06:11
0,1537.859,0.281,705.94,2021-04-08 19:12:16
0,1434.424,0.559,706.5,2021-04-08 19:18:27
0,1499.817,0.568,707.08,2021-04-08 19:24:30
0,1738.036,0.483,707.68,2021-04-08 19:30:31
0,1695.257,0.155,708.25,2021-04-08 19:36:48
0,1581.19,2.234,708.73,2021-04-08 19:42:58
0,1460.289,0.753,709.27,2021-04-08 19:48:59
0,1492.102,0.317,709.84,2021-04-08 19:54:57
0,1728.892,0.177,710.4,2021-04-08 20:01:04
0,1558.793,0.504,710.99,2021-04-08 20:07:06
0,1553.986,0.032,711.58,2021-04-08 20:13:04
0,1702.616,0.041,712.14,2021-04-08 20:19:15
0,1508.697,0.123,712.69,2021-04-08 20:25:17
0,1424.792,0.084,713.27,2021-04-08 20:31:21
0,1650.415,0.621,713.85,2021-04-08 20:37:22
0,1500.011,1.072,714.4,2021-04-08 20:44:00
0,1429.613,0.379,714.98,2021-04-08 20:49:51
0,1767.095,0.155,715.56,2021-04-08 20:55:47
0,1473.376,1.549,716.06,2021-04-08 21:01:52
0,1782.34,0.143,716.62,2021-04-08 21:07:46
0,1554.197,0.662,717.18,2021-04-08 21:13:37
0,1529.481,2.115,717.76,2021-04-08 21:19:27
0,1576.846,0.954,718.28,2021-04-08 21:25:26
0,1725.139,4.287,718.84,2021-04-08 21:31:20
0,1639.455,1.358,719.39,2021-04-08 21:37:19
0,1691.948,0.302,719.97,2021-04-08 21:43:24
0,1401.545,0.194,720.55,2021-04-08 21:49:36
0,1627.077,0.842,721.11,2021-04-08 21:55:28
0,1626.493,1.081,721.67,2021-04-08 22:01:22
0,1684.12,1.409,722.19,2021-04-08 22:07:29
0,1903.329,1.414,722.76,2021-04-08 22:13:30
0,1633.886,0.799,723.35,2021-04-08 22:19:38
0,1651.343,0.54,723.92,2021-04-08 22:25:42
0,1804.589,0.252,724.53,2021-04-08 22:32:00
0,1397.569,4.417,725.08,2021-04-08 22:38:08
0,1681.009,0.22,725.66,2021-04-08 22:44:12
0,1610.303,0.231,726.23,2021-04-08 22:50:35
0,1536.207,0.058,726.84,2021-04-08 22:56:33
0,1499.217,0.276,727.36,2021-04-08 23:02:39
0,1486.023,0.488,727.92,2021-04-08 23:08:41
0,1696.212,0.688,728.55,2021-04-08 23:15:03
0,1651.982,0.575,729.11,2021-04-08 23:21:00
0,1580.173,0.752,729.68,2021-04-08 23:27:03
0,1440.855,0.419,730.17,2021-04-08 23:33:16
0,1721.846,0.113,730.78,2021-04-08 23:39:14
0,1688.269,0.68,731.38,2021-04-08 23:45:12
0,1522.89,0.153,731.96,2021-04-08 23:51:04
0,1557.116,0.089,732.54,2021-04-08 23:57:08
0,1664.968,0.35,733.09,2021-04-09 00:02:59
0,1641.568,0.185,733.67,2021-04-09 00:08:53
0,1425.297,2.109,734.22,2021-04-09 00:14:58
0,1886.495,0.27,734.82,2021-04-09 00:20:54
0,1365.673,2.123,735.37,2021-04-09 00:26:52
0,1887.4,0.22,735.94,2021-04-09 00:32:48
0,1510.38,1.064,736.45,2021-04-09 00:38:53
0,1713.84,0.523,737.01,2021-04-09 00:44:48
0,1634.248,2.394,737.56,2021-04-09 00:50:46
0,1539.752,0.616,738.15,2021-04-09 00:56:57
0,1992.58,0.176,738.81,2021-04-09 01:02:51
0,1606.29,0.875,739.36,2021-04-09 01:08:52
0,1978.508,0.267,739.97,2021-04-09 01:14:54
0,1581.264,1.707,740.52,2021-04-09 01:21:03
0,1582.24,0.644,741.1,2021-04-09 01:27:03
0,1629.208,2.164,741.65,2021-04-09 01:33:10
0,1621.555,0.163,742.22,2021-04-09 01:39:18
0,1604.9,0.062,742.84,2021-04-09 01:45:27
0,1597.021,0.201,743.39,2021-04-09 01:51:28
0,1523.119,0.035,744.02,2021-04-09 01:57:50
0,1586.526,0.076,744.65,2021-04-09 02:03:54
0,1790.352,0.015,745.36,2021-04-09 02:10:00
0,1658.643,0.103,745.98,2021-04-09 02:15:58
0,1662.977,0.016,746.64,2021-04-09 02:22:11
0,1435.305,0.27,747.2,2021-04-09 02:28:08
0,1721.559,0.054,747.82,2021-04-09 02:34:01
0,1828.452,0.452,748.39,2021-04-09 02:40:30
0,1493.412,0.52,748.95,2021-04-09 02:46:37
0,1642.419,0.336,749.55,2021-04-09 02:52:35
0,1616.186,1.07,750.04,2021-04-09 02:58:48
0,1491.925,0.263,750.66,2021-04-09 03:04:49
0,1673.661,1.29,751.21,2021-04-09 03:10:51
0,1800.972,2.422,751.75,2021-04-09 03:16:47
0,1475.288,2.814,752.25,2021-04-09 03:23:08
0,1990.27,6.931,752.83,2021-04-09 03:29:08
0,1623.591,0.677,753.43,2021-04-09 03:35:07
0,1757.125,0.336,754.01,2021-04-09 03:41:28
0,1597.407,0.159,754.61,2021-04-09 03:47:34
0,1529.832,0.128,755.19,2021-04-09 03:53:37
0,1709.194,0.126,755.81,2021-04-09 03:59:55
0,1664.172,0.909,756.37,2021-04-09 04:06:19
0,1391.151,0.268,756.88,2021-04-09 04:12:25
0,1755.26,0.09,757.45,2021-04-09 04:18:28
0,1753.423,0.53,757.97,2021-04-09 04:24:29
0,1491.098,1.09,758.52,2021-04-09 04:30:56
0,1528.859,0.222,759.11,2021-04-09 04:36:59
0,1623.636,0.129,759.74,2021-04-09 04:43:04
0,1579.128,0.069,760.4,2021-04-09 04:49:38
0,1649.548,0.085,761.04,2021-04-09 04:55:49
0,1615.893,0.089,761.59,2021-04-09 05:02:03
0,1423.578,0.052,762.21,2021-04-09 05:08:11
0,1597.961,0.145,762.83,2021-04-09 05:14:12
0,1604.961,1.305,763.38,2021-04-09 05:20:15
0,1561.537,1.387,763.93,2021-04-09 05:26:10
0,1780.132,0.688,764.49,2021-04-09 05:32:31
0,1549.001,0.432,765.08,2021-04-09 05:38:30
0,1639.818,0.45,765.65,2021-04-09 05:44:30
0,1653.842,0.616,766.21,2021-04-09 05:50:35
0,1674.308,1.194,766.78,2021-04-09 05:56:28
0,1791.458,1.0,767.32,2021-04-09 06:02:28
0,1581.509,0.641,767.9,2021-04-09 06:08:38
0,1626.728,0.281,768.49,2021-04-09 06:14:52
0,1602.23,0.509,769.09,2021-04-09 06:20:59
0,1660.249,0.609,769.66,2021-04-09 06:26:59
0,1580.398,0.309,770.25,2021-04-09 06:33:16
0,1482.088,0.101,770.86,2021-04-09 06:39:21
0,1630.374,0.108,771.48,2021-04-09 06:45:19
0,1814.97,0.347,772.1,2021-04-09 06:51:35
0,1701.675,0.237,772.71,2021-04-09 06:57:34
0,1640.504,0.151,773.34,2021-04-09 07:03:38
0,1757.623,0.051,773.96,2021-04-09 07:09:43
0,1458.418,0.486,774.52,2021-04-09 07:15:51
0,1453.742,0.178,775.11,2021-04-09 07:21:49
0,1385.782,1.381,775.66,2021-04-09 07:27:46
0,1418.422,0.618,776.23,2021-04-09 07:33:59
0,1584.931,1.801,776.82,2021-04-09 07:40:00
0,1531.136,1.255,777.4,2021-04-09 07:45:56
0,1678.828,0.509,777.95,2021-04-09 07:51:54
0,1670.931,3.023,778.49,2021-04-09 07:58:04
0,1630.556,0.629,779.05,2021-04-09 08:04:03
0,1651.097,0.184,779.65,2021-04-09 08:10:01
0,1419.95,0.256,780.24,2021-04-09 08:16:38
0,1593.758,0.307,780.84,2021-04-09 08:22:40
0,1669.869,1.254,781.41,2021-04-09 08:28:48
0,1412.168,1.047,781.97,2021-04-09 08:34:48
0,1773.338,0.131,782.6,2021-04-09 08:41:04
0,1482.805,0.53,783.16,2021-04-09 08:47:06
0,1485.063,0.136,783.76,2021-04-09 08:53:08
0,1739.634,0.086,784.37,2021-04-09 08:59:21
0,1741.743,0.192,784.98,2021-04-09 09:05:14
0,1417.211,0.654,785.54,2021-04-09 09:11:11
0,1562.321,0.103,786.17,2021-04-09 09:17:10
0,1487.249,0.113,786.78,2021-04-09 09:23:04
0,1644.248,0.563,787.33,2021-04-09 09:28:56
0,1867.244,0.267,787.92,2021-04-09 09:34:47
0,1632.424,0.371,788.49,2021-04-09 09:40:49
0,1480.782,0.268,789.1,2021-04-09 09:46:42
0,1574.32,5.765,789.64,2021-04-09 09:52:34
0,1724.745,0.569,790.21,2021-04-09 09:58:45
0,1678.992,0.806,790.78,2021-04-09 10:04:42
0,1466.798,2.415,791.32,2021-04-09 10:10:48
0,1905.313,0.407,791.94,2021-04-09 10:16:48
0,1418.761,0.282,792.57,2021-04-09 10:23:05
0,1585.493,1.062,793.16,2021-04-09 10:29:12
0,1714.801,0.422,793.73,2021-04-09 10:35:16
0,1546.891,2.19,794.3,2021-04-09 10:41:37
0,1733.362,0.179,794.86,2021-04-09 10:47:49
0,1649.659,0.257,795.44,2021-04-09 10:53:49
0,1562.528,0.156,795.97,2021-04-09 10:59:54
0,1484.631,0.885,796.53,2021-04-09 11:06:11
0,1656.964,0.571,797.11,2021-04-09 11:12:09
0,1655.506,0.488,797.65,2021-04-09 11:18:14
0,1701.88,0.205,798.22,2021-04-09 11:24:34
0,1522.672,0.645,798.79,2021-04-09 11:30:42
0,1768.899,0.176,799.38,2021-04-09 11:36:50
0,1774.54,0.494,799.99,2021-04-09 11:42:55
0,1688.238,0.295,800.59,2021-04-09 11:49:17
0,1747.08,0.109,801.22,2021-04-09 11:55:25
0,1598.1,0.073,801.86,2021-04-09 12:01:28
0,1628.689,0.029,802.47,2021-04-09 12:07:46
0,1611.85,0.344,803.03,2021-04-09 12:13:43
0,1588.51,0.036,803.6,2021-04-09 12:19:42
0,1709.975,0.246,804.18,2021-04-09 12:26:00
0,1625.804,0.153,804.76,2021-04-09 12:31:52
0,1611.581,0.433,805.4,2021-04-09 12:37:46
0,1524.261,2.172,805.97,2021-04-09 12:43:38
0,1765.251,0.506,806.52,2021-04-09 12:49:39
0,1721.875,2.062,807.06,2021-04-09 12:55:37
0,1645.984,1.346,807.63,2021-04-09 13:01:40
0,1471.776,2.429,808.19,2021-04-09 13:07:52
0,1516.121,0.456,808.78,2021-04-09 13:14:00
0,1571.817,0.421,809.41,2021-04-09 13:20:08
0,1364.877,5.616,809.94,2021-04-09 13:26:06
0,1632.376,0.61,810.55,2021-04-09 13:32:31
0,1599.045,4.529,811.06,2021-04-09 13:38:31
0,1627.09,0.567,811.62,2021-04-09 13:44:30
0,1706.794,1.05,812.24,2021-04-09 13:50:48
0,1492.283,0.872,812.83,2021-04-09 13:56:56
0,1784.292,0.204,813.41,2021-04-09 14:03:02
0,1746.332,0.135,814.02,2021-04-09 14:09:17
0,1679.97,0.259,814.6,2021-04-09 14:15:16
0,1813.464,0.189,815.22,2021-04-09 14:21:23
0,1542.535,0.541,815.72,2021-04-09 14:27:31
0,1724.375,0.091,816.31,2021-04-09 14:33:52
0,1643.435,0.906,816.84,2021-04-09 14:39:58
0,1606.02,0.21,817.44,2021-04-09 14:46:05
0,1483.76,0.236,818.02,2021-04-09 14:52:18
0,1834.79,0.132,818.59,2021-04-09 14:58:19
0,1664.038,0.386,819.16,2021-04-09 15:04:18
0,1699.243,0.175,819.71,2021-04-09 15:10:26
0,1601.903,0.799,820.29,2021-04-09 15:16:40
0,1651.105,0.627,820.82,2021-04-09 15:22:46
0,1700.811,0.603,821.32,2021-04-09 15:28:47
0,1494.073,0.678,821.86,2021-04-09 15:34:52
0,1598.458,0.09,822.42,2021-04-09 15:41:05
0,1785.736,0.934,822.94,2021-04-09 15:47:05
0,1568.987,0.335,823.53,2021-04-09 15:53:05
0,1526.036,1.076,824.06,2021-04-09 15:59:23
0,1448.42,0.195,824.59,2021-04-09 16:05:28
0,1749.249,0.886,825.17,2021-04-09 16:11:32
0,1712.668,0.688,825.72,2021-04-09 16:17:35
0,1567.999,0.164,826.32,2021-04-09 16:24:26
0,1614.573,0.457,826.88,2021-04-09 16:30:30
0,1685.42,0.165,827.45,2021-04-09 16:36:35
0,1537.743,0.562,827.94,2021-04-09 16:42:39
0,1845.275,0.321,828.5,2021-04-09 16:48:52
0,1617.552,0.571,829.06,2021-04-09 16:55:04
0,1557.031,1.068,829.63,2021-04-09 17:01:08
0,1682.384,0.257,830.22,2021-04-09 17:07:34
0,1591.901,0.319,830.81,2021-04-09 17:13:35
0,1762.348,0.202,831.37,2021-04-09 17:19:33
0,1622.708,0.106,831.93,2021-04-09 17:25:31
0,1702.293,0.333,832.48,2021-04-09 17:31:38
0,1537.226,0.171,833.04,2021-04-09 17:37:39
0,1495.031,0.156,833.62,2021-04-09 17:43:30
0,1499.812,0.098,834.18,2021-04-09 17:49:34
0,1540.623,1.59,834.77,2021-04-09 17:55:28
0,1541.534,0.734,835.3,2021-04-09 18:01:24
0,1645.452,0.14,835.9,2021-04-09 18:07:21
0,1499.605,0.176,836.52,2021-04-09 18:13:29
0,1687.946,0.146,837.09,2021-04-09 18:19:17
0,1521.51,1.85,837.61,2021-04-09 18:25:07
0,1633.786,0.199,838.18,2021-04-09 18:31:07
0,1572.071,0.609,838.78,2021-04-09 18:36:57
0,1504.318,2.826,839.34,2021-04-09 18:42:47
0,1662.724,0.495,839.92,2021-04-09 18:48:50
0,1333.945,1.443,840.46,2021-04-09 18:55:09
0,1666.883,0.697,841.05,2021-04-09 19:01:08
0,1585.527,0.793,841.58,2021-04-09 19:07:09
0,1665.372,0.357,842.17,2021-04-09 19:13:20
0,1498.643,0.26,842.77,2021-04-09 19:19:24
0,1658.105,0.339,843.31,2021-04-09 19:25:36
0,1873.618,0.424,843.82,2021-04-09 19:31:37
0,1480.201,0.154,844.37,2021-04-09 19:37:52
0,1868.379,0.438,844.95,2021-04-09 19:43:53
0,1581.177,0.447,845.57,2021-04-09 19:50:03
0,1486.634,1.027,846.14,2021-04-09 19:56:25
0,1774.499,0.686,846.66,2021-04-09 20:02:31
0,1694.968,0.35,847.27,2021-04-09 20:08:30
0,1420.905,0.18,847.85,2021-04-09 20:14:27
0,1656.601,2.131,848.4,2021-04-09 20:21:20
0,1568.678,2.03,848.98,2021-04-09 20:27:22
0,1692.946,1.055,849.57,2021-04-09 20:33:20
0,1716.552,1.306,850.14,2021-04-09 20:39:27
0,1645.85,0.829,850.7,2021-04-09 20:45:29
0,1374.545,1.657,851.28,2021-04-09 20:51:20
0,1705.669,3.484,851.84,2021-04-09 20:57:18
0,1693.787,0.987,852.39,2021-04-09 21:03:32
0,1579.143,0.273,852.99,2021-04-09 21:09:33
0,1619.395,0.193,853.54,2021-04-09 21:15:27
0,1508.487,0.295,854.11,2021-04-09 21:21:46
0,1418.195,2.569,854.66,2021-04-09 21:27:40
0,1590.795,0.936,855.22,2021-04-09 21:33:45
0,1536.222,0.149,855.85,2021-04-09 21:39:44
0,1593.255,0.265,856.42,2021-04-09 21:46:01
0,1619.152,0.035,857.06,2021-04-09 21:51:59
0,1582.156,0.294,857.64,2021-04-09 21:57:57
0,1556.986,0.098,858.25,2021-04-09 22:04:01
0,1647.983,0.073,858.88,2021-04-09 22:09:53
0,1616.726,0.538,859.48,2021-04-09 22:15:46
0,1390.735,1.878,860.0,2021-04-09 22:21:56
0,1529.507,1.496,860.56,2021-04-09 22:27:49
0,1875.115,1.122,861.12,2021-04-09 22:33:47
0,1674.254,0.964,861.66,2021-04-09 22:39:53
0,1514.023,0.834,862.24,2021-04-09 22:46:12
0,1631.482,1.327,862.8,2021-04-09 22:52:15
0,1547.215,1.038,863.36,2021-04-09 22:58:19
0,1635.74,1.143,863.96,2021-04-09 23:04:28
0,1707.7,0.43,864.54,2021-04-09 23:10:47
0,1685.037,0.673,865.11,2021-04-09 23:16:51
0,1755.626,0.497,865.65,2021-04-09 23:22:52
0,1622.171,0.469,866.23,2021-04-09 23:29:03
0,1594.943,1.048,866.76,2021-04-09 23:35:04
0,1657.252,0.355,867.34,2021-04-09 23:41:05
0,1599.134,1.875,867.91,2021-04-09 23:47:03
0,1466.295,0.24,868.49,2021-04-09 23:53:11
0,1556.503,0.801,869.07,2021-04-09 23:59:11
0,1859.146,0.666,869.63,2021-04-10 00:05:20
0,1818.269,0.662,870.21,2021-04-10 00:11:40
0,1360.464,0.763,870.79,2021-04-10 00:17:38
0,1520.766,0.21,871.37,2021-04-10 00:23:33
0,1478.99,0.356,871.92,2021-04-10 00:29:45
0,1566.633,0.279,872.51,2021-04-10 00:36:08
0,1794.758,0.172,873.13,2021-04-10 00:42:16
0,1495.13,0.088,873.8,2021-04-10 00:48:31
0,1652.417,0.291,874.43,2021-04-10 00:54:38
0,1696.537,0.071,875.06,2021-04-10 01:00:35
0,1466.368,0.049,875.72,2021-04-10 01:06:28
0,1747.926,0.142,876.33,2021-04-10 01:12:35
0,1546.943,0.511,876.92,2021-04-10 01:18:32
0,1555.522,2.268,877.48,2021-04-10 01:24:37
0,1890.95,4.484,878.01,2021-04-10 01:30:45
0,1588.026,1.481,878.55,2021-04-10 01:36:41
0,1563.889,0.477,879.15,2021-04-10 01:42:39
0,1721.962,1.168,879.68,2021-04-10 01:48:38
0,1583.51,5.492,880.17,2021-04-10 01:54:43
0,1592.658,5.754,880.72,2021-04-10 02:00:41
0,1574.798,1.44,881.25,2021-04-10 02:06:37
0,1578.196,0.225,881.84,2021-04-10 02:12:45
0,1544.345,0.918,882.4,2021-04-10 02:18:55
0,1879.335,0.164,882.98,2021-04-10 02:24:55
0,1576.372,0.405,883.56,2021-04-10 02:30:57
0,1573.273,0.801,884.13,2021-04-10 02:37:10
0,1587.837,0.217,884.72,2021-04-10 02:43:10
0,1761.336,0.472,885.24,2021-04-10 02:49:11
0,1581.786,0.811,885.8,2021-04-10 02:55:15
0,1374.346,0.195,886.38,2021-04-10 03:01:32
0,1629.667,0.201,887.01,2021-04-10 03:07:38
0,1718.975,1.284,887.57,2021-04-10 03:13:47
0,1506.166,0.201,888.17,2021-04-10 03:20:02
0,1356.533,0.46,888.75,2021-04-10 03:26:11
0,1533.416,0.181,889.33,2021-04-10 03:32:16
0,1619.572,0.617,889.88,2021-04-10 03:38:23
0,1567.19,0.238,890.47,2021-04-10 03:44:35
0,1640.595,0.05,891.06,2021-04-10 03:50:36
0,1477.741,0.074,891.63,2021-04-10 03:56:38
0,1511.75,0.489,892.26,2021-04-10 04:02:47
0,1420.191,0.15,892.9,2021-04-10 04:08:37
0,1551.643,0.18,893.54,2021-04-10 04:14:34
0,1661.308,0.036,894.19,2021-04-10 04:20:52
0,1478.468,0.151,894.84,2021-04-10 04:26:40
0,1440.243,0.104,895.44,2021-04-10 04:32:31
0,1445.784,0.402,896.05,2021-04-10 04:38:33
0,1572.262,0.178,896.62,2021-04-10 04:44:26
0,1707.654,0.289,897.2,2021-04-10 04:50:28
0,1494.587,2.032,897.76,2021-04-10 04:56:22
0,1574.109,0.266,898.39,2021-04-10 05:02:30
0,1548.034,0.517,898.95,2021-04-10 05:08:28
0,1532.546,0.168,899.54,2021-04-10 05:14:32
0,1787.289,2.885,900.08,2021-04-10 05:22:45
0,1807.992,0.305,900.67,2021-04-10 05:28:46
0,1768.208,0.388,901.26,2021-04-10 05:34:57
0,1577.666,0.219,901.87,2021-04-10 05:40:53
0,1693.17,0.157,902.46,2021-04-10 05:47:43
0,1885.84,0.264,903.06,2021-04-10 05:53:45
0,1570.069,0.995,903.67,2021-04-10 05:59:52
0,1598.314,0.046,904.29,2021-04-10 06:06:11
0,1547.907,0.014,904.98,2021-04-10 06:12:21
0,1494.426,0.149,905.63,2021-04-10 06:18:30
0,1741.685,0.061,906.24,2021-04-10 06:24:42
0,1478.645,0.034,906.9,2021-04-10 06:30:37
0,1825.188,1.028,907.48,2021-04-10 06:36:34
0,1383.796,0.632,908.05,2021-04-10 06:42:44
0,1620.739,0.234,908.63,2021-04-10 06:48:51
0,1816.667,0.705,909.18,2021-04-10 06:54:54
0,1743.438,0.258,909.78,2021-04-10 07:00:56
0,1523.844,0.897,910.3,2021-04-10 07:07:01
0,1399.628,1.225,910.85,2021-04-10 07:12:55
0,1615.118,1.296,911.39,2021-04-10 07:18:49
0,1657.881,0.552,911.93,2021-04-10 07:24:47
0,1531.117,1.991,912.49,2021-04-10 07:30:54
0,1400.589,0.728,913.09,2021-04-10 07:36:53
0,1478.56,2.284,913.65,2021-04-10 07:42:52
0,1987.358,0.42,914.17,2021-04-10 07:49:05
0,1756.474,0.738,914.76,2021-04-10 07:55:08
0,1691.811,0.127,915.36,2021-04-10 08:01:12
0,1522.133,0.343,915.93,2021-04-10 08:07:19
0,1591.766,0.316,916.54,2021-04-10 08:13:38
0,1700.976,0.372,917.12,2021-04-10 08:19:43
0,1516.932,0.602,917.68,2021-04-10 08:25:48
0,1484.073,0.089,918.28,2021-04-10 08:32:10
0,1605.472,0.768,918.86,2021-04-10 08:38:14
0,1762.467,0.629,919.38,2021-04-10 08:44:16
0,1511.567,0.564,919.92,2021-04-10 08:50:22
0,1693.102,0.334,920.47,2021-04-10 08:56:39
0,1537.78,0.389,921.03,2021-04-10 09:02:39
0,1598.753,0.139,921.65,2021-04-10 09:08:49
0,1903.923,0.091,922.25,2021-04-10 09:15:09
0,1618.934,0.039,922.89,2021-04-10 09:21:11
0,1488.173,0.053,923.48,2021-04-10 09:27:18
0,1567.063,0.025,924.07,2021-04-10 09:33:33
0,1470.953,0.099,924.7,2021-04-10 09:39:35
0,1641.496,0.056,925.34,2021-04-10 09:45:40
0,1387.598,1.1,925.87,2021-04-10 09:51:34
0,1743.119,2.059,926.44,2021-04-10 09:57:46
0,1455.849,1.431,926.96,2021-04-10 10:03:52
0,1668.036,0.455,927.53,2021-04-10 10:10:02
0,1821.129,2.349,928.09,2021-04-10 10:16:21
0,1657.731,1.316,928.65,2021-04-10 10:22:22
0,1666.193,0.694,929.18,2021-04-10 10:28:15
0,1472.148,0.427,929.76,2021-04-10 10:34:11
0,1766.721,0.275,930.35,2021-04-10 10:40:40
0,1460.666,0.527,930.91,2021-04-10 10:46:54
0,1473.428,0.497,931.46,2021-04-10 10:53:01
0,1754.191,1.137,932.11,2021-04-10 10:59:30
0,1795.27,0.263,932.67,2021-04-10 11:05:36
0,1955.839,0.328,933.24,2021-04-10 11:11:34
0,1531.864,0.378,933.86,2021-04-10 11:17:39
0,1607.336,0.308,934.4,2021-04-10 11:23:55
0,1515.594,0.232,934.99,2021-04-10 11:29:55
0,1423.815,0.559,935.52,2021-04-10 11:36:02
0,1743.36,0.354,936.05,2021-04-10 11:42:53
0,1687.162,0.64,936.66,2021-04-10 11:48:51
0,1671.823,1.281,937.24,2021-04-10 11:54:52
0,1673.108,1.349,937.83,2021-04-10 12:01:00
0,1635.601,0.287,938.38,2021-04-10 12:07:08
0,1482.995,0.555,938.94,2021-04-10 12:12:59
0,1498.728,0.864,939.52,2021-04-10 12:19:01
0,1630.047,0.402,940.1,2021-04-10 12:25:14
0,1593.718,0.428,940.71,2021-04-10 12:31:15
0,1543.571,0.36,941.34,2021-04-10 12:37:24
0,1653.413,0.388,941.94,2021-04-10 12:43:23
0,1476.481,0.362,942.52,2021-04-10 12:49:34
0,1552.528,0.228,943.15,2021-04-10 12:55:34
0,1773.95,0.125,943.77,2021-04-10 13:01:41
0,1632.625,0.749,944.36,2021-04-10 13:08:00
0,1519.546,0.181,944.91,2021-04-10 13:14:02
0,1474.634,0.086,945.53,2021-04-10 13:19:57
0,1888.602,0.149,946.15,2021-04-10 13:26:02
0,1588.461,1.445,946.7,2021-04-10 13:31:57
0,1421.403,0.153,947.26,2021-04-10 13:37:53
0,1607.676,0.18,947.83,2021-04-10 13:43:51
0,1502.484,4.167,948.33,2021-04-10 13:50:01
0,1612.938,0.551,948.87,2021-04-10 13:55:52
0,1514.821,4.47,949.44,2021-04-10 14:01:53
0,1400.447,0.261,950.05,2021-04-10 14:08:03
0,1691.836,1.345,950.61,2021-04-10 14:13:54
0,1615.142,1.325,951.14,2021-04-10 14:19:45
0,1605.519,0.619,951.72,2021-04-10 14:25:41
0,1433.525,1.933,952.3,2021-04-10 14:31:53
0,1717.072,0.12,952.87,2021-04-10 14:37:47
0,1598.437,0.363,953.47,2021-04-10 14:43:43
0,1553.304,1.986,954.09,2021-04-10 14:49:49
0,1869.11,1.019,954.68,2021-04-10 14:55:40
0,1555.27,0.276,955.27,2021-04-10 15:01:35
0,1872.826,0.432,955.83,2021-04-10 15:07:29
0,1478.021,0.985,956.37,2021-04-10 15:13:34
0,1727.825,0.536,956.94,2021-04-10 15:19:24
0,1598.126,0.684,957.45,2021-04-10 15:25:18
0,1517.155,0.435,958.04,2021-04-10 15:31:23
0,1527.665,0.608,958.59,2021-04-10 15:37:24
0,1541.8,0.666,959.13,2021-04-10 15:43:20
0,1529.472,0.408,959.64,2021-04-10 15:49:15
0,1730.683,2.069,960.19,2021-04-10 15:55:28
0,1582.191,2.286,960.72,2021-04-10 16:01:21
0,1735.075,0.627,961.31,2021-04-10 16:07:19
0,1778.722,1.382,961.89,2021-04-10 16:13:29
0,1677.81,0.198,962.5,2021-04-10 16:19:46
0,1683.694,1.166,963.09,2021-04-10 16:25:57
0,1504.559,1.19,963.66,2021-04-10 16:32:11
0,1569.709,4.679,964.25,2021-04-10 16:38:22
0,1635.198,3.431,964.84,2021-04-10 16:44:32
0,1615.434,4.838,965.36,2021-04-10 16:50:36
0,1778.203,0.699,965.9,2021-04-10 16:56:34
0,1687.979,1.085,966.43,2021-04-10 17:02:47
0,1637.122,0.375,966.98,2021-04-10 17:08:55
0,1622.171,1.051,967.53,2021-04-10 17:14:55
0,2016.393,0.676,968.11,2021-04-10 17:21:13
0,1466.098,0.334,968.72,2021-04-10 17:27:17
0,1414.677,2.21,969.33,2021-04-10 17:33:28
0,1661.478,0.183,969.92,2021-04-10 17:39:38
0,1532.004,0.547,970.47,2021-04-10 17:45:54
0,1681.72,0.68,970.98,2021-04-10 17:51:56
0,1839.483,1.158,971.51,2021-04-10 17:58:00
0,1582.567,0.195,972.1,2021-04-10 18:04:10
0,1509.172,1.155,972.68,2021-04-10 18:10:13
0,1675.169,0.214,973.29,2021-04-10 18:16:23
0,1509.652,0.514,973.88,2021-04-10 18:22:29
0,1678.358,0.772,974.44,2021-04-10 18:28:45
0,1637.541,0.322,974.99,2021-04-10 18:34:44
0,1617.983,0.107,975.65,2021-04-10 18:40:44
0,1679.474,0.953,976.21,2021-04-10 18:47:00
0,1759.946,1.118,976.76,2021-04-10 18:53:02
0,1596.734,0.286,977.36,2021-04-10 18:59:12
0,1587.414,0.311,977.94,2021-04-10 19:05:22
0,1497.332,0.597,978.54,2021-04-10 19:11:30
0,1827.571,1.154,979.1,2021-04-10 19:17:33
0,1672.641,0.587,979.63,2021-04-10 19:23:38
0,1539.243,0.312,980.24,2021-04-10 19:29:59
0,1513.759,0.722,980.87,2021-04-10 19:36:07
0,1589.301,1.999,981.44,2021-04-10 19:42:11
0,1736.34,1.085,982.03,2021-04-10 19:52:33
0,1716.596,0.471,982.58,2021-04-10 19:58:39
0,1583.648,1.359,983.15,2021-04-10 20:04:42
0,1576.311,0.335,983.7,2021-04-10 20:10:39
0,1545.241,1.49,984.3,2021-04-10 20:16:49
0,1771.799,0.223,984.91,2021-04-10 20:22:50
0,1410.809,1.636,985.46,2021-04-10 20:28:50
0,1490.075,0.134,986.06,2021-04-10 20:35:05
0,1446.344,0.641,986.64,2021-04-10 20:41:14
0,1850.741,0.242,987.24,2021-04-10 20:47:13
0,1734.729,0.224,987.79,2021-04-10 20:53:20
0,1555.05,0.396,988.36,2021-04-10 20:59:35
0,1693.361,0.537,988.92,2021-04-10 21:05:38
0,1448.285,0.578,989.45,2021-04-10 21:11:40
0,1643.569,0.866,989.99,2021-04-10 21:17:40
0,1369.23,1.366,990.51,2021-04-10 21:24:00
0,1867.49,0.218,991.04,2021-04-10 21:30:00
0,1507.38,1.023,991.56,2021-04-10 21:35:59
0,1797.96,0.527,992.09,2021-04-10 21:42:11
0,1527.572,0.367,992.68,2021-04-10 21:48:11
0,1498.251,0.406,993.21,2021-04-10 21:54:08
0,1789.089,0.361,993.74,2021-04-10 22:00:12
0,1605.183,0.256,994.34,2021-04-10 22:06:22
0,1702.875,0.156,994.96,2021-04-10 22:12:18
0,1721.779,0.077,995.56,2021-04-10 22:18:19
0,1721.61,0.313,996.15,2021-04-10 22:24:24
0,1648.84,1.188,996.76,2021-04-10 22:30:23
0,1727.112,0.231,997.37,2021-04-10 22:36:16
0,1796.573,0.962,997.95,2021-04-10 22:42:13
0,1564.508,0.547,998.51,2021-04-10 22:48:24
0,1535.503,0.609,999.12,2021-04-10 22:54:32
0,1677.086,0.23,999.74,2021-04-10 23:00:38
0,1510.892,0.219,1000.37,2021-04-10 23:06:51
0,1632.524,0.209,1001.01,2021-04-10 23:12:50
0,1875.593,0.065,1001.63,2021-04-10 23:18:57
0,1669.074,0.11,1002.25,2021-04-10 23:25:08
0,1639.09,0.137,1002.88,2021-04-10 23:31:02
0,1577.725,0.455,1003.46,2021-04-10 23:37:02
0,1794.009,0.857,1004.03,2021-04-10 23:43:15
0,1493.653,8.167,1004.58,2021-04-10 23:49:18
0,1783.013,0.479,1005.14,2021-04-10 23:55:21
0,1601.855,0.388,1005.72,2021-04-11 00:01:22
0,1785.38,0.822,1006.28,2021-04-11 00:07:31
0,1516.909,2.302,1006.8,2021-04-11 00:13:31
0,1603.057,0.174,1007.41,2021-04-11 00:19:26
0,1378.785,4.418,1007.93,2021-04-11 00:25:22
0,1693.933,1.052,1008.51,2021-04-11 00:31:38
0,1722.082,0.345,1009.13,2021-04-11 00:37:36
0,1410.647,0.33,1009.73,2021-04-11 00:43:40
0,1614.657,0.123,1010.31,2021-04-11 00:50:00
0,1933.78,0.159,1010.92,2021-04-11 00:56:05
0,1533.194,0.248,1011.53,2021-04-11 01:02:12
0,1572.994,0.636,1012.15,2021-04-11 01:08:30
0,1662.589,0.188,1012.71,2021-04-11 01:14:33
0,1652.512,0.26,1013.35,2021-04-11 01:20:40
0,1565.947,0.596,1013.92,2021-04-11 01:26:47
0,1540.426,1.36,1014.54,2021-04-11 01:33:05
0,1525.037,1.047,1015.16,2021-04-11 01:39:17
0,1567.643,0.136,1015.79,2021-04-11 01:45:22
0,1593.969,0.05,1016.44,2021-04-11 01:51:40
0,1585.71,0.063,1017.07,2021-04-11 01:57:37
0,1495.499,0.054,1017.69,2021-04-11 02:03:29
0,1740.381,0.114,1018.29,2021-04-11 02:09:30
0,1481.114,0.23,1018.86,2021-04-11 02:15:29
0,1631.519,0.402,1019.42,2021-04-11 02:21:24
0,1360.566,0.852,1019.98,2021-04-11 02:27:29
0,1669.794,0.258,1020.54,2021-04-11 02:33:43
0,1630.292,0.624,1021.14,2021-04-11 02:39:47
0,1668.423,0.507,1021.75,2021-04-11 02:45:44
0,1814.732,1.862,1022.34,2021-04-11 02:52:07
0,1532.997,1.258,1022.9,2021-04-11 02:58:07
0,1516.916,1.132,1023.51,2021-04-11 03:04:10
0,1521.375,0.697,1024.06,2021-04-11 03:10:19
0,1726.761,0.428,1024.63,2021-04-11 03:16:21
0,1773.557,0.587,1025.2,2021-04-11 03:22:25
0,1441.883,0.513,1025.8,2021-04-11 03:28:25
0,1564.872,0.405,1026.4,2021-04-11 03:34:38
0,1578.95,0.132,1027.04,2021-04-11 03:40:38
0,1641.974,0.203,1027.64,2021-04-11 03:46:39
0,1684.453,0.926,1028.17,2021-04-11 03:52:57
0,1854.256,1.2,1028.79,2021-04-11 03:59:00
0,1674.367,0.659,1029.34,2021-04-11 04:05:03
0,1831.917,0.407,1029.86,2021-04-11 04:11:04
0,1674.205,1.027,1030.44,2021-04-11 04:17:11
0,1497.33,0.486,1031.03,2021-04-11 04:23:16
0,1494.86,0.109,1031.63,2021-04-11 04:29:18
0,1537.746,0.144,1032.24,2021-04-11 04:35:30
0,1780.683,0.792,1032.78,2021-04-11 04:41:36
0,1819.227,0.398,1033.36,2021-04-11 04:47:35
0,1656.376,0.748,1033.9,2021-04-11 04:53:33
0,1541.449,0.484,1034.46,2021-04-11 04:59:37
0,1688.063,6.597,1035.09,2021-04-11 05:05:47
0,1723.488,0.436,1035.72,2021-04-11 05:11:55
0,1502.127,1.979,1036.28,2021-04-11 05:18:04
0,1659.35,0.199,1036.83,2021-04-11 05:23:58
0,1555.274,0.13,1037.44,2021-04-11 05:29:53
0,1706.141,0.233,1038.04,2021-04-11 05:36:07
0,1802.81,0.229,1038.66,2021-04-11 05:42:13
0,1645.683,0.581,1039.24,2021-04-11 05:48:11
0,1508.167,0.514,1039.8,2021-04-11 05:54:01
0,1628.436,0.173,1040.4,2021-04-11 06:00:05
0,1845.442,0.132,1041.01,2021-04-11 06:05:57
0,1747.578,0.465,1041.59,2021-04-11 06:11:50
0,1607.701,2.432,1042.13,2021-04-11 06:17:54
0,1588.535,0.555,1042.7,2021-04-11 06:23:44
0,1724.347,1.504,1043.26,2021-04-11 06:29:47
0,1434.018,0.727,1043.82,2021-04-11 06:35:51
0,1879.68,0.531,1044.42,2021-04-11 06:42:03
0,1691.598,1.441,1044.97,2021-04-11 06:48:00
0,1613.303,0.677,1045.51,2021-04-11 06:54:03
0,1548.162,0.152,1046.08,2021-04-11 07:00:14
0,1523.745,0.103,1046.63,2021-04-11 07:06:21
0,1729.088,0.927,1047.2,2021-04-11 07:12:20
0,1505.289,1.858,1047.76,2021-04-11 07:18:22
0,1541.551,0.2,1048.35,2021-04-11 07:24:34
0,1608.687,0.945,1048.88,2021-04-11 07:30:33
0,1485.18,2.14,1049.42,2021-04-11 07:36:27
0,1796.507,0.289,1050.0,2021-04-11 07:42:26
0,1394.095,0.612,1050.57,2021-04-11 07:48:43
0,1515.819,0.689,1051.14,2021-04-11 07:54:39
0,1726.577,0.33,1051.71,2021-04-11 08:00:38
0,1728.405,0.921,1052.29,2021-04-11 08:06:50
0,1507.168,0.216,1052.85,2021-04-11 08:12:57
0,1813.523,0.052,1053.47,2021-04-11 08:19:12
0,1544.697,0.016,1054.13,2021-04-11 08:25:29
0,1525.963,0.396,1054.73,2021-04-11 08:31:32
0,1329.744,0.712,1055.28,2021-04-11 08:37:35
0,1965.489,0.187,1055.84,2021-04-11 08:43:33
0,1531.164,4.057,1056.38,2021-04-11 08:49:39
0,1711.17,0.361,1056.91,2021-04-11 08:55:40
0,1509.077,3.569,1057.55,2021-04-11 09:01:42
0,1778.129,0.873,1058.08,2021-04-11 09:07:49
0,1497.156,2.296,1058.64,2021-04-11 09:13:47
0,1611.569,2.537,1059.22,2021-04-11 09:19:42
0,1906.353,1.312,1059.78,2021-04-11 09:25:50
0,1474.303,0.678,1060.35,2021-04-11 09:32:01
0,1531.688,2.529,1060.96,2021-04-11 09:38:07
0,1801.55,0.381,1061.52,2021-04-11 09:44:10
0,1626.536,1.843,1062.1,2021-04-11 09:50:24
0,1704.364,1.11,1062.66,2021-04-11 09:56:31
0,1590.521,0.544,1063.22,2021-04-11 10:02:43
0,1569.25,0.602,1063.81,2021-04-11 10:08:47
0,1688.865,0.292,1064.36,2021-04-11 10:15:06
0,1758.3,0.226,1064.89,2021-04-11 10:21:07
0,1407.524,0.752,1065.44,2021-04-11 10:27:09
0,1642.052,1.204,1066.0,2021-04-11 10:33:08
0,1719.136,1.151,1066.51,2021-04-11 10:39:23
0,1532.384,4.421,1067.03,2021-04-11 10:45:28
0,1939.243,0.284,1067.6,2021-04-11 10:51:25
0,1316.603,5.254,1068.09,2021-04-11 10:57:37
0,1737.141,0.226,1068.65,2021-04-11 11:03:31
0,1562.866,1.406,1069.18,2021-04-11 11:09:30
0,1630.297,0.337,1069.7,2021-04-11 11:15:38
0,1738.709,0.155,1070.24,2021-04-11 11:21:42
0,1721.903,0.565,1070.81,2021-04-11 11:27:45
0,1626.787,2.872,1071.37,2021-04-11 11:33:42
0,1743.052,0.696,1071.91,2021-04-11 11:39:51
0,1622.204,0.251,1072.44,2021-04-11 11:46:09
0,1418.464,0.09,1073.01,2021-04-11 11:52:17
0,1563.572,0.125,1073.63,2021-04-11 11:58:28
0,1654.111,0.256,1074.21,2021-04-11 12:04:44
0,1727.487,0.68,1074.82,2021-04-11 12:10:42
0,1609.875,0.164,1075.41,2021-04-11 12:16:51
0,1741.122,0.259,1075.99,2021-04-11 12:22:51
0,1651.997,0.346,1076.59,2021-04-11 12:29:06
0,2006.918,0.238,1077.22,2021-04-11 12:34:59
0,1503.861,0.213,1077.82,2021-04-11 12:40:54
0,1414.381,0.098,1078.48,2021-04-11 12:47:08
0,1675.581,0.157,1079.09,2021-04-11 12:53:15
0,1879.801,0.187,1079.74,2021-04-11 12:59:23
0,1519.217,0.424,1080.36,2021-04-11 13:05:54
0,1603.503,1.328,1080.94,2021-04-11 13:12:01
0,1521.336,0.439,1081.5,2021-04-11 13:18:01
0,1570.656,0.209,1082.06,2021-04-11 13:24:12
0,1718.344,0.258,1082.65,2021-04-11 13:30:10
0,1676.2,0.183,1083.26,2021-04-11 13:36:14
0,1731.631,1.111,1083.83,2021-04-11 13:42:21
0,1554.295,0.76,1084.35,2021-04-11 13:48:32
0,1796.808,0.355,1084.93,2021-04-11 13:54:35
0,1771.641,1.014,1085.51,2021-04-11 14:00:36
0,1393.731,0.638,1086.07,2021-04-11 14:07:55
0,1661.43,0.139,1086.64,2021-04-11 14:13:56
0,1573.838,0.912,1087.17,2021-04-11 14:20:03
0,1569.486,0.642,1087.75,2021-04-11 14:26:06
0,1770.814,0.207,1088.33,2021-04-11 14:32:19
0,1547.359,0.265,1088.9,2021-04-11 14:38:20
0,1620.35,0.181,1089.46,2021-04-11 14:44:23
0,1892.418,0.121,1090.05,2021-04-11 14:50:37
0,1649.227,1.162,1090.56,2021-04-11 14:56:39
0,1502.865,0.313,1091.18,2021-04-11 15:02:44
0,1517.975,1.648,1091.75,2021-04-11 15:08:49
0,1661.978,2.014,1092.31,2021-04-11 15:15:07
0,1506.193,0.316,1092.86,2021-04-11 15:21:14
0,1578.109,0.32,1093.41,2021-04-11 15:27:17
0,1770.508,0.654,1093.97,2021-04-11 15:33:23
0,1395.744,0.629,1094.5,2021-04-11 15:39:49
0,1762.365,0.295,1095.08,2021-04-11 15:45:55
0,1570.266,0.515,1095.66,2021-04-11 15:52:00
0,1323.4,0.056,1096.3,2021-04-11 15:58:18
0,1571.891,4.667,1096.87,2021-04-11 16:04:20
0,1645.481,0.93,1097.43,2021-04-11 16:10:19
0,1706.997,0.642,1097.97,2021-04-11 16:16:22
0,1749.002,0.369,1098.53,2021-04-11 16:22:34
0,1497.991,0.383,1099.1,2021-04-11 16:28:40
0,1485.569,0.693,1099.68,2021-04-11 16:34:41
0,1445.224,0.342,1100.22,2021-04-11 16:40:54
0,1542.672,0.333,1100.82,2021-04-11 16:46:55
0,1534.8,0.141,1101.43,2021-04-11 16:53:01
0,1593.31,0.17,1102.06,2021-04-11 16:59:16
0,1558.305,0.529,1102.69,2021-04-11 17:05:15
0,1679.283,0.298,1103.28,2021-04-11 17:11:08
0,1670.263,0.507,1103.84,2021-04-11 17:17:04
0,1801.236,0.92,1104.46,2021-04-11 17:23:16
0,1570.956,2.3,1105.03,2021-04-11 17:29:09
0,1818.793,1.014,1105.59,2021-04-11 17:34:58
0,1373.883,2.703,1106.16,2021-04-11 17:41:06
0,1947.099,0.197,1106.75,2021-04-11 17:47:01
0,1596.712,1.202,1107.29,2021-04-11 17:52:53
0,1401.987,1.224,1107.88,2021-04-11 17:58:53
0,1637.27,1.22,1108.44,2021-04-11 18:05:09
0,1738.736,1.711,1109.03,2021-04-11 18:11:12
0,1702.178,4.54,1109.59,2021-04-11 18:17:20
0,1673.306,0.263,1110.2,2021-04-11 18:23:37
0,1435.427,0.589,1110.78,2021-04-11 18:29:41
0,1542.048,0.227,1111.36,2021-04-11 18:35:46
0,1547.533,0.291,1111.95,2021-04-11 18:41:49
0,1650.766,1.073,1112.52,2021-04-11 18:47:58
0,1564.49,0.738,1113.07,2021-04-11 18:53:57
0,1657.013,1.885,1113.65,2021-04-11 19:00:05
0,1597.557,0.682,1114.22,2021-04-11 19:06:23
0,1705.846,0.298,1114.8,2021-04-11 19:12:21
0,1672.059,0.867,1115.39,2021-04-11 19:18:16
0,1799.439,0.264,1116.02,2021-04-11 19:24:22
0,1516.679,1.06,1116.59,2021-04-11 19:30:17
0,1541.63,2.35,1117.15,2021-04-11 19:36:15
0,1768.194,0.381,1117.69,2021-04-11 19:42:20
0,1591.769,0.364,1118.23,2021-04-11 19:48:46
0,1513.952,0.171,1118.82,2021-04-11 19:54:54
0,1584.038,0.334,1119.43,2021-04-11 20:00:56
0,1671.569,0.732,1119.96,2021-04-11 20:06:59
0,1603.565,0.481,1120.53,2021-04-11 20:13:17
0,1631.52,0.101,1121.1,2021-04-11 20:19:13
0,1839.972,0.713,1121.67,2021-04-11 20:25:12
0,1439.485,0.516,1122.22,2021-04-11 20:31:18
0,1509.445,1.359,1122.76,2021-04-11 20:37:25
0,1677.925,0.552,1123.37,2021-04-11 20:43:28
0,1717.266,1.441,1123.92,2021-04-11 20:49:27
0,1426.573,1.093,1124.49,2021-04-11 20:55:35
0,1926.101,0.153,1125.12,2021-04-11 21:01:29
0,1491.868,1.032,1125.68,2021-04-11 21:07:25
0,1543.095,0.952,1126.21,2021-04-11 21:13:37
0,1769.244,0.244,1126.8,2021-04-11 21:19:39
0,1444.276,0.129,1127.39,2021-04-11 21:25:33
0,1572.666,0.08,1127.98,2021-04-11 21:31:33
0,1777.637,0.132,1128.6,2021-04-11 21:37:56
0,1627.951,0.165,1129.22,2021-04-11 21:44:06
0,1675.943,0.069,1129.85,2021-04-11 21:50:24
0,1625.23,0.111,1130.45,2021-04-11 21:56:28
0,1658.524,0.159,1131.09,2021-04-11 22:02:22
0,1510.987,1.338,1131.67,2021-04-11 22:08:22
0,1683.538,0.131,1132.3,2021-04-11 22:14:32
0,1815.898,0.35,1132.92,2021-04-11 22:20:42
0,1602.289,0.412,1133.51,2021-04-11 22:26:46
0,1542.543,0.481,1134.1,2021-04-11 22:32:58
0,1419.882,0.088,1134.7,2021-04-11 22:39:00
0,1566.848,0.783,1135.25,2021-04-11 22:45:06
0,1635.28,1.542,1135.8,2021-04-11 22:51:12
0,1630.571,0.632,1136.4,2021-04-11 22:57:34
0,1350.566,0.6,1136.97,2021-04-11 23:03:40
0,1654.814,0.184,1137.54,2021-04-11 23:09:43
0,1727.588,0.431,1138.11,2021-04-11 23:16:27
0,1678.397,0.829,1138.68,2021-04-11 23:22:33
0,1512.072,0.334,1139.23,2021-04-11 23:28:36
0,1685.219,0.713,1139.8,2021-04-11 23:34:43
0,1429.794,0.27,1140.32,2021-04-11 23:40:59
0,1460.182,0.707,1140.87,2021-04-11 23:47:07
0,1747.983,0.41,1141.39,2021-04-11 23:53:16
0,1481.929,0.058,1142.01,2021-04-11 23:59:27
0,1771.514,0.079,1142.6,2021-04-12 00:05:37
0,1404.881,0.778,1143.18,2021-04-12 00:11:47
0,1750.743,0.236,1143.75,2021-04-12 00:17:44
0,1608.763,0.791,1144.33,2021-04-12 00:24:01
0,1548.342,1.168,1144.88,2021-04-12 00:30:04
0,1743.722,0.242,1145.43,2021-04-12 00:36:04
0,1458.424,0.779,1146.03,2021-04-12 00:42:17
0,1623.487,1.117,1146.56,2021-04-12 00:48:18
0,1750.798,0.393,1147.13,2021-04-12 00:54:14
0,1543.457,2.696,1147.66,2021-04-12 01:00:15
0,1737.801,0.387,1148.23,2021-04-12 01:06:30
0,1486.574,0.45,1148.8,2021-04-12 01:12:29
0,1669.859,0.081,1149.38,2021-04-12 01:18:26
0,1680.052,0.179,1149.95,2021-04-12 01:24:26
0,1676.336,0.226,1150.54,2021-04-12 01:30:36
0,1730.323,0.242,1151.16,2021-04-12 01:36:34
0,1588.43,0.315,1151.72,2021-04-12 01:42:30
0,1650.341,2.45,1152.32,2021-04-12 01:48:34
0,1644.654,1.822,1152.86,2021-04-12 01:54:29
0,1557.988,0.418,1153.44,2021-04-12 02:00:27
0,1825.997,0.365,1154.05,2021-04-12 02:06:39
0,1642.725,0.506,1154.6,2021-04-12 02:12:36
0,1639.8,0.335,1155.2,2021-04-12 02:18:34
0,1825.158,0.953,1155.8,2021-04-12 02:24:29
0,1497.998,0.166,1156.39,2021-04-12 02:30:44
0,1610.923,1.584,1156.93,2021-04-12 02:36:45
0,1732.359,14.004,1157.52,2021-04-12 02:42:55
0,1651.099,1.67,1158.1,2021-04-12 02:49:05
0,1631.501,0.635,1158.75,2021-04-12 02:55:02
0,1506.836,0.494,1159.35,2021-04-12 03:00:57
0,1738.598,0.372,1159.92,2021-04-12 03:06:55
0,1855.038,0.618,1160.48,2021-04-12 03:13:21
0,1482.486,1.205,1161.07,2021-04-12 03:19:15
0,1601.123,2.454,1161.64,2021-04-12 03:25:20
0,1770.504,0.877,1162.16,2021-04-12 03:31:40
0,1756.9,0.145,1162.75,2021-04-12 03:37:46
0,1571.522,0.506,1163.31,2021-04-12 03:43:55
0,1610.16,0.682,1163.91,2021-04-12 03:50:03
0,1669.448,2.131,1164.44,2021-04-12 03:56:27
0,1640.049,1.019,1164.97,2021-04-12 04:02:26
0,1565.506,0.763,1165.52,2021-04-12 04:08:25
0,1802.248,1.054,1166.07,2021-04-12 04:14:31
0,1658.27,1.774,1166.61,2021-04-12 04:20:29
0,1594.168,0.213,1167.19,2021-04-12 04:26:28
0,1592.839,0.216,1167.76,2021-04-12 04:32:20
0,1732.885,0.663,1168.32,2021-04-12 04:38:35
0,1567.217,3.658,1168.85,2021-04-12 04:44:42
0,1661.864,2.545,1169.43,2021-04-12 04:50:42
0,1359.526,1.21,1169.99,2021-04-12 04:56:44
0,1690.102,3.636,1170.58,2021-04-12 05:03:04
0,1454.502,3.578,1171.11,2021-04-12 05:09:00
0,1571.172,0.902,1171.73,2021-04-12 05:15:09
0,1606.866,0.59,1172.33,2021-04-12 05:21:36
0,1684.712,0.216,1172.92,2021-04-12 05:27:37
0,1591.079,0.104,1173.51,2021-04-12 05:33:39
0,1709.484,1.031,1174.04,2021-04-12 05:39:50
0,1781.809,1.099,1174.6,2021-04-12 05:46:02
0,1671.629,0.161,1175.23,2021-04-12 05:52:12
0,1452.16,1.55,1175.78,2021-04-12 05:58:13
0,1620.788,1.447,1176.32,2021-04-12 06:04:31
0,1509.581,0.19,1176.9,2021-04-12 06:10:31
0,1405.556,0.784,1177.49,2021-04-12 06:16:28
0,1796.332,0.133,1178.07,2021-04-12 06:22:35
0,1728.023,0.062,1178.69,2021-04-12 06:28:34
0,1855.856,0.185,1179.31,2021-04-12 06:34:41
0,1668.805,0.144,1179.93,2021-04-12 06:40:36
0,1712.048,0.065,1180.59,2021-04-12 06:46:41
0,1672.747,0.245,1181.22,2021-04-12 06:52:36
0,1472.224,0.172,1181.85,2021-04-12 06:58:29
0,1416.585,3.105,1182.43,2021-04-12 07:04:40
0,1449.134,0.375,1182.98,2021-04-12 07:10:45
0,1503.456,0.484,1183.54,2021-04-12 07:16:47
0,1479.754,17.005,1184.08,2021-04-12 07:23:09
0,1730.951,5.71,1184.63,2021-04-12 07:29:08
0,1788.951,1.023,1185.22,2021-04-12 07:35:06
0,1443.579,1.293,1185.77,2021-04-12 07:41:09
0,1604.443,7.299,1186.39,2021-04-12 07:47:21
0,1606.87,11.108,1186.92,2021-04-12 07:53:23
0,1697.442,0.409,1187.52,2021-04-12 07:59:28
0,1666.029,0.743,1188.11,2021-04-12 08:05:41
0,1554.41,0.428,1188.66,2021-04-12 08:11:39
0,1463.594,1.397,1189.2,2021-04-12 08:17:40
0,1440.682,0.86,1189.79,2021-04-12 08:23:42
0,1878.706,3.571,1190.42,2021-04-12 08:30:03
0,1493.377,1.353,1190.98,2021-04-12 08:36:11
0,1563.408,0.186,1191.56,2021-04-12 08:42:17
0,1592.818,0.129,1192.15,2021-04-12 08:48:33
0,1608.85,0.357,1192.7,2021-04-12 08:54:34
0,1703.705,0.34,1193.29,2021-04-12 09:00:36
0,1669.475,0.113,1193.87,2021-04-12 09:06:36
0,1605.258,0.163,1194.5,2021-04-12 09:12:48
0,1523.161,0.225,1195.05,2021-04-12 09:18:48
0,1500.911,0.221,1195.64,2021-04-12 09:24:45
0,1577.467,0.24,1196.16,2021-04-12 09:30:59
0,1515.049,0.144,1196.72,2021-04-12 09:37:00
0,1690.148,0.173,1197.24,2021-04-12 09:43:00
0,1506.381,0.175,1197.8,2021-04-12 09:49:03
0,1741.273,0.12,1198.41,2021-04-12 09:55:16
0,1594.175,0.482,1198.96,2021-04-12 10:01:15
0,1608.789,0.133,1199.56,2021-04-12 10:07:11
0,1552.052,0.617,1200.0,2021-04-12 10:12:07
