ctrl,m2,m1,m3,sim_time,log_time
0,,,,0.03,2021-04-01 16:52:42
0,,,,0.06,2021-04-01 16:52:48
0,,,,0.08,2021-04-01 16:52:54
0,,,,0.11,2021-04-01 16:53:01
0,,,,0.14,2021-04-01 16:53:06
0,,,,0.17,2021-04-01 16:53:12
0,,,,0.19,2021-04-01 16:53:19
0,,,,0.22,2021-04-01 16:53:25
0,,,,0.25,2021-04-01 16:53:30
0,,,,0.28,2021-04-01 16:53:38
0,,,,0.55,2021-04-01 16:54:41
0,,,,0.83,2021-04-01 16:55:43
0,,,,1.1,2021-04-01 16:56:48
0,,,,1.38,2021-04-01 16:57:51
0,,,,1.66,2021-04-01 16:58:52
0,,,,1.93,2021-04-01 16:59:57
0,,,,2.21,2021-04-01 17:01:04
0,,,,2.48,2021-04-01 17:02:07
0,,,,2.76,2021-04-01 17:03:11
0,,,,5.52,2021-04-01 17:13:56
0,,,,8.26,2021-04-01 17:24:53
0,,,,10.66,2021-04-01 17:35:46
0,,,,12.92,2021-04-01 17:46:43
0,,,,15.34,2021-04-01 17:57:44
0,,,,17.7,2021-04-01 18:08:42
0,,,,20.01,2021-04-01 18:20:02
0,,,,22.24,2021-04-01 18:31:13
0,,,,24.53,2021-04-01 18:42:00
0,,,,26.64,2021-04-01 18:52:59
0,,,,28.83,2021-04-01 19:04:03
0,,,,30.8,2021-04-01 19:15:07
0,,,,32.84,2021-04-01 19:26:13
0,,,,34.93,2021-04-01 19:37:21
0,,,,36.91,2021-04-01 19:48:29
0,,,,38.93,2021-04-01 19:59:42
0,,,,40.8,2021-04-01 20:10:46
0,,,,42.78,2021-04-01 20:21:42
0,,,,44.69,2021-04-01 20:32:48
0,,,,46.5,2021-04-01 20:43:56
0,,,,48.34,2021-04-01 20:54:44
0,,,,50.14,2021-04-01 21:05:55
0,,,,51.91,2021-04-01 21:16:52
0,,,,53.62,2021-04-01 21:27:41
0,,,,55.39,2021-04-01 21:38:37
0,,,,56.93,2021-04-01 21:49:38
0,,,,58.51,2021-04-01 22:00:58
0,,,,60.14,2021-04-01 22:12:15
0,,,,61.76,2021-04-01 22:23:04
0,,,,63.34,2021-04-01 22:34:09
0,,,,64.95,2021-04-01 22:45:17
0,,,,66.49,2021-04-01 22:56:19
0,,,,68.05,2021-04-01 23:07:16
0,,,,69.54,2021-04-01 23:18:08
0,,,,70.99,2021-04-01 23:29:27
0,,,,72.41,2021-04-01 23:40:32
0,,,,73.84,2021-04-01 23:51:22
0,,,,75.18,2021-04-02 00:02:50
0,,,,76.63,2021-04-02 00:14:04
0,,,,78.05,2021-04-02 00:24:50
0,,,,79.33,2021-04-02 00:35:43
0,,,,80.58,2021-04-02 00:46:52
0,,,,81.96,2021-04-02 00:57:44
0,,,,83.29,2021-04-02 01:08:47
0,,,,84.61,2021-04-02 01:20:08
0,,,,85.93,2021-04-02 01:31:01
0,,,,87.21,2021-04-02 01:42:08
0,,,,88.58,2021-04-02 01:53:18
0,,,,89.88,2021-04-02 02:04:11
0,,,,91.11,2021-04-02 02:15:11
0,,,,92.39,2021-04-02 02:26:16
0,,,,93.65,2021-04-02 02:37:09
0,,,,94.91,2021-04-02 02:48:14
0,,,,96.12,2021-04-02 02:59:28
0,,,,97.31,2021-04-02 03:10:38
0,,,,98.53,2021-04-02 03:21:48
0,,,,99.71,2021-04-02 03:32:38
0,,,,100.96,2021-04-02 03:43:43
0,,,,102.17,2021-04-02 03:54:50
0,,,,103.4,2021-04-02 04:05:50
0,,,,104.59,2021-04-02 04:17:38
0,,,,105.83,2021-04-02 04:28:37
0,,,,107.0,2021-04-02 04:39:53
0,,,,108.09,2021-04-02 04:51:01
0,,,,109.22,2021-04-02 05:01:47
0,,,,110.34,2021-04-02 05:13:29
0,,,,111.42,2021-04-02 05:24:19
0,,,,112.55,2021-04-02 05:35:20
0,,,,113.7,2021-04-02 05:46:21
0,,,,114.8,2021-04-02 05:57:30
0,,,,115.87,2021-04-02 06:08:00
0,,,,117.02,2021-04-02 06:19:07
0,,,,118.03,2021-04-02 06:30:30
0,,,,119.01,2021-04-02 06:41:26
0,,,,120.03,2021-04-02 06:52:40
0,,,,121.04,2021-04-02 07:03:43
0,,,,122.06,2021-04-02 07:14:45
0,,,,123.07,2021-04-02 07:25:35
0,,,,124.11,2021-04-02 07:36:43
0,,,,125.18,2021-04-02 07:47:44
0,,,,126.24,2021-04-02 07:59:02
0,,,,127.29,2021-04-02 08:09:40
0,,,,128.3,2021-04-02 08:21:14
0,,,,129.39,2021-04-02 08:32:17
0,,,,130.32,2021-04-02 08:43:42
0,,,,131.37,2021-04-02 08:54:37
0,,,,132.42,2021-04-02 09:05:52
0,,,,133.39,2021-04-02 09:17:02
0,,,,134.32,2021-04-02 09:28:23
0,,,,135.28,2021-04-02 09:39:25
0,,,,136.28,2021-04-02 09:50:48
0,,,,137.26,2021-04-02 10:01:54
0,,,,138.24,2021-04-02 10:12:59
0,,,,139.14,2021-04-02 10:24:03
0,,,,140.09,2021-04-02 10:35:20
0,,,,141.01,2021-04-02 10:46:29
0,,,,141.92,2021-04-02 10:57:20
0,,,,142.75,2021-04-02 11:09:03
0,,,,143.65,2021-04-02 11:20:11
0,,,,144.6,2021-04-02 11:31:50
0,,,,145.47,2021-04-02 11:42:45
0,,,,146.41,2021-04-02 11:54:05
0,,,,147.37,2021-04-02 12:05:09
0,,,,148.29,2021-04-02 12:16:32
0,,,,149.21,2021-04-02 12:27:28
0,,,,150.1,2021-04-02 12:39:49
0,,,,151.01,2021-04-02 12:50:58
0,,,,151.92,2021-04-02 13:02:07
0,,,,152.85,2021-04-02 13:13:13
0,,,,153.75,2021-04-02 13:24:20
0,,,,154.61,2021-04-02 13:35:46
0,,,,155.4,2021-04-02 13:46:32
0,,,,156.27,2021-04-02 13:57:53
0,,,,157.2,2021-04-02 14:09:05
0,,,,158.15,2021-04-02 14:20:29
0,,,,159.1,2021-04-02 14:31:24
0,,,,159.97,2021-04-02 14:42:33
0,,,,160.83,2021-04-02 14:54:16
0,,,,161.7,2021-04-02 15:05:30
0,,,,162.54,2021-04-02 15:16:50
0,,,,163.43,2021-04-02 15:27:48
0,,,,164.36,2021-04-02 15:39:06
0,,,,165.31,2021-04-02 15:50:23
0,,,,166.22,2021-04-02 16:01:39
0,,,,167.03,2021-04-02 16:12:27
0,,,,167.9,2021-04-02 16:23:33
0,,,,168.78,2021-04-02 16:34:54
0,,,,169.58,2021-04-02 16:45:26
0,,,,170.42,2021-04-02 16:56:53
0,,,,171.26,2021-04-02 17:08:02
0,,,,172.12,2021-04-02 17:19:28
0,,,,173.01,2021-04-02 17:30:31
0,,,,173.81,2021-04-02 17:41:37
0,,,,174.61,2021-04-02 17:53:04
0,,,,175.37,2021-04-02 18:04:19
0,,,,176.21,2021-04-02 18:15:31
0,,,,177.07,2021-04-02 18:26:42
0,,,,177.94,2021-04-02 18:37:55
0,,,,178.8,2021-04-02 18:50:06
0,,,,179.63,2021-04-02 19:01:06
0,,,,180.43,2021-04-02 19:12:45
0,,,,181.26,2021-04-02 19:23:50
0,,,,182.04,2021-04-02 19:35:06
0,,,,182.88,2021-04-02 19:46:24
0,,,,183.74,2021-04-02 19:57:40
0,,,,184.62,2021-04-02 20:09:20
0,,,,185.45,2021-04-02 20:20:20
0,,,,186.21,2021-04-02 20:31:59
0,,,,186.98,2021-04-02 20:43:13
0,,,,187.87,2021-04-02 20:53:36
0,,,,188.67,2021-04-02 21:05:04
0,,,,189.46,2021-04-02 21:16:19
0,,,,190.22,2021-04-02 21:27:45
0,,,,190.98,2021-04-02 21:38:36
0,,,,191.77,2021-04-02 21:49:43
0,,,,192.51,2021-04-02 22:01:13
0,,,,193.35,2021-04-02 22:12:30
0,,,,194.12,2021-04-02 22:23:48
0,,,,195.01,2021-04-02 22:34:57
0,,,,195.89,2021-04-02 22:46:18
0,,,,196.71,2021-04-02 22:57:42
0,,,,197.57,2021-04-02 23:08:52
0,,,,198.39,2021-04-02 23:20:25
0,,,,199.18,2021-04-02 23:31:37
0,,,,199.92,2021-04-02 23:42:48
0,,,,200.69,2021-04-02 23:53:53
0,,,,201.51,2021-04-03 00:05:08
0,,,,202.25,2021-04-03 00:16:44
0,,,,202.98,2021-04-03 00:28:19
0,,,,203.81,2021-04-03 00:39:27
0,,,,204.58,2021-04-03 00:51:03
0,,,,205.36,2021-04-03 01:02:13
0,,,,206.04,2021-04-03 01:13:42
0,,,,206.83,2021-04-03 01:24:04
0,,,,207.59,2021-04-03 01:35:12
0,,,,208.36,2021-04-03 01:46:44
0,,,,209.13,2021-04-03 01:57:44
0,,,,209.9,2021-04-03 02:08:56
0,,,,210.6,2021-04-03 02:20:35
0,,,,211.3,2021-04-03 02:32:01
0,,,,212.04,2021-04-03 02:43:20
0,,,,212.76,2021-04-03 02:54:30
0,,,,213.46,2021-04-03 03:05:45
0,,,,214.2,2021-04-03 03:17:34
0,,,,214.94,2021-04-03 03:28:36
0,,,,215.64,2021-04-03 03:39:58
0,,,,216.37,2021-04-03 03:51:17
0,,,,217.11,2021-04-03 04:02:26
0,,,,217.83,2021-04-03 04:13:46
0,,,,218.55,2021-04-03 04:25:07
0,,,,219.3,2021-04-03 04:36:22
0,,,,220.02,2021-04-03 04:47:38
0,,,,220.73,2021-04-03 04:58:51
0,,,,221.47,2021-04-03 05:10:07
0,,,,222.18,2021-04-03 05:22:01
0,,,,222.9,2021-04-03 05:33:27
0,,,,223.61,2021-04-03 05:44:42
0,,,,224.33,2021-04-03 05:56:26
0,,,,225.03,2021-04-03 06:07:41
0,,,,225.75,2021-04-03 06:18:46
0,,,,226.48,2021-04-03 06:30:25
0,,,,227.21,2021-04-03 06:41:42
0,,,,227.96,2021-04-03 06:52:47
0,,,,228.66,2021-04-03 07:04:21
0,,,,229.36,2021-04-03 07:15:47
0,,,,230.03,2021-04-03 07:27:15
0,,,,230.66,2021-04-03 07:38:47
0,,,,231.42,2021-04-03 07:50:28
0,,,,232.15,2021-04-03 08:01:58
0,,,,232.88,2021-04-03 08:13:07
0,,,,233.6,2021-04-03 08:24:24
0,,,,234.31,2021-04-03 08:36:07
0,,,,235.02,2021-04-03 08:47:31
0,,,,235.7,2021-04-03 08:58:47
0,,,,236.34,2021-04-03 09:10:27
0,,,,237.02,2021-04-03 09:21:52
0,,,,237.71,2021-04-03 09:32:57
0,,,,238.42,2021-04-03 09:44:27
0,,,,239.11,2021-04-03 09:55:44
0,,,,239.8,2021-04-03 10:07:06
0,,,,240.46,2021-04-03 10:18:27
0,,,,241.13,2021-04-03 10:29:56
0,,,,241.83,2021-04-03 10:41:31
0,,,,242.43,2021-04-03 10:53:11
0,,,,243.09,2021-04-03 11:04:28
0,,,,243.73,2021-04-03 11:15:57
0,,,,244.41,2021-04-03 11:27:40
0,,,,245.09,2021-04-03 11:38:58
0,,,,245.78,2021-04-03 11:50:19
0,,,,246.47,2021-04-03 12:02:03
0,,,,247.21,2021-04-03 12:13:26
0,,,,247.93,2021-04-03 12:25:06
0,,,,248.61,2021-04-03 12:37:01
0,,,,249.3,2021-04-03 12:48:40
0,,,,250.03,2021-04-03 13:00:16
0,,,,250.72,2021-04-03 13:11:55
0,,,,251.47,2021-04-03 13:23:27
0,,,,252.17,2021-04-03 13:35:17
0,,,,252.88,2021-04-03 13:46:52
0,,,,253.56,2021-04-03 13:58:38
0,,,,254.21,2021-04-03 14:10:27
0,,,,254.93,2021-04-03 14:22:08
0,,,,255.66,2021-04-03 14:33:52
0,,,,256.38,2021-04-03 14:45:43
0,,,,257.0,2021-04-03 14:56:54
0,,,,257.67,2021-04-03 15:08:18
0,,,,258.35,2021-04-03 15:20:04
0,,,,258.98,2021-04-03 15:31:32
0,,,,259.65,2021-04-03 15:42:23
0,,,,260.37,2021-04-03 15:54:01
0,,,,261.15,2021-04-03 16:05:32
0,,,,261.84,2021-04-03 16:17:07
0,,,,262.5,2021-04-03 16:28:52
0,,,,263.16,2021-04-03 16:40:42
0,,,,263.88,2021-04-03 16:52:22
0,,,,264.55,2021-04-03 17:04:06
0,,,,265.3,2021-04-03 17:16:04
0,,,,265.94,2021-04-03 17:27:48
0,,,,266.62,2021-04-03 17:39:31
0,,,,267.35,2021-04-03 17:51:09
0,,,,268.03,2021-04-03 18:02:54
0,,,,268.73,2021-04-03 18:14:25
0,,,,269.38,2021-04-03 18:25:48
0,,,,270.03,2021-04-03 18:37:58
0,,,,270.68,2021-04-03 18:49:38
0,,,,271.3,2021-04-03 19:01:11
0,,,,271.98,2021-04-03 19:12:44
0,,,,272.66,2021-04-03 19:24:47
0,,,,273.41,2021-04-03 19:36:13
0,,,,274.08,2021-04-03 19:47:54
0,,,,274.75,2021-04-03 19:59:22
0,,,,275.44,2021-04-03 20:10:51
0,,,,276.14,2021-04-03 20:22:00
0,,,,276.87,2021-04-03 20:33:35
0,,,,277.6,2021-04-03 20:45:13
0,,,,278.3,2021-04-03 20:56:58
0,,,,278.96,2021-04-03 21:08:18
0,,,,279.66,2021-04-03 21:19:42
0,,,,280.33,2021-04-03 21:31:14
0,,,,281.04,2021-04-03 21:42:27
0,,,,281.73,2021-04-03 21:53:54
0,,,,282.36,2021-04-03 22:05:30
0,,,,283.01,2021-04-03 22:16:52
0,,,,283.66,2021-04-03 22:27:59
0,,,,284.3,2021-04-03 22:39:33
0,,,,284.92,2021-04-03 22:50:48
0,,,,285.56,2021-04-03 23:02:17
0,,,,286.18,2021-04-03 23:13:49
0,,,,286.84,2021-04-03 23:25:20
0,,,,287.45,2021-04-03 23:36:37
0,,,,288.1,2021-04-03 23:48:26
0,,,,288.77,2021-04-03 23:59:57
0,,,,289.44,2021-04-04 00:11:42
0,,,,290.14,2021-04-04 00:23:40
0,,,,290.83,2021-04-04 00:35:16
0,,,,291.47,2021-04-04 00:46:42
0,,,,292.09,2021-04-04 00:58:44
0,,,,292.77,2021-04-04 01:09:51
0,,,,293.44,2021-04-04 01:21:15
0,891.0,,,294.13,2021-04-04 01:33:19
0,4160.0,31.0,,294.79,2021-04-04 01:44:44
0,5770.0,1770.0,,295.46,2021-04-04 01:56:11
0,9036.0,4021.0,,296.15,2021-04-04 02:08:07
0,12956.0,6484.0,,296.79,2021-04-04 02:19:38
0,14798.0,10974.0,,297.42,2021-04-04 02:30:46
0,16323.0,16140.0,,298.09,2021-04-04 02:42:37
0,16941.0,22604.0,,298.8,2021-04-04 02:54:07
0,17938.0,28496.0,,299.49,2021-04-04 03:05:35
0,17717.0,35681.0,,300.18,2021-04-04 03:22:00
0,17710.0,42704.0,,300.89,2021-04-04 03:33:58
0,17956.0,49646.0,,301.61,2021-04-04 03:45:26
0,17748.0,56896.0,,302.32,2021-04-04 03:57:15
0,17906.0,63598.0,,303.03,2021-04-04 04:08:56
0,17897.0,70387.0,,303.73,2021-04-04 04:20:33
0,18119.0,74747.0,,304.43,2021-04-04 04:31:59
0,18195.0,78034.0,2.0,305.13,2021-04-04 04:43:37
0,17833.0,81206.0,3.0,305.82,2021-04-04 04:55:05
0,17688.0,81328.0,,306.5,2021-04-04 05:06:48
0,17622.0,81481.0,,307.18,2021-04-04 05:18:22
0,17525.0,81580.0,,307.91,2021-04-04 05:29:47
0,17088.0,82033.0,,308.62,2021-04-04 05:41:26
0,16975.0,82196.0,1.0,309.33,2021-04-04 05:52:26
0,16884.0,82265.0,2.0,310.03,2021-04-04 06:04:14
0,16912.0,82227.0,4.0,310.73,2021-04-04 06:15:41
0,16941.0,82104.0,,311.44,2021-04-04 06:27:06
0,17116.0,81905.0,1.0,312.15,2021-04-04 06:38:46
0,17110.0,81954.0,,312.86,2021-04-04 06:50:15
0,16923.0,82184.0,3.0,313.52,2021-04-04 07:01:47
0,16948.0,82061.0,1.0,314.19,2021-04-04 07:13:41
0,17015.0,81919.0,1.0,314.84,2021-04-04 07:25:14
0,19343.0,82056.0,1.0,315.51,2021-04-04 07:36:53
0,21944.0,82679.0,8.0,316.17,2021-04-04 07:48:45
0,23509.0,84206.0,35.0,316.83,2021-04-04 08:00:26
0,24813.0,85982.0,30.0,317.49,2021-04-04 08:11:56
0,25611.0,88492.0,13.0,318.16,2021-04-04 08:24:03
0,26536.0,90641.0,10.0,318.81,2021-04-04 08:36:07
0,27338.0,92976.0,19.0,319.49,2021-04-04 08:47:46
0,28022.0,95536.0,54.0,320.18,2021-04-04 08:59:52
0,28564.0,98254.0,49.0,320.85,2021-04-04 09:11:43
0,28632.0,101202.0,36.0,321.52,2021-04-04 09:23:24
0,28657.0,104280.0,33.0,322.21,2021-04-04 09:35:33
0,28272.0,107556.0,36.0,322.83,2021-04-04 09:47:17
0,28251.0,110472.0,34.0,323.49,2021-04-04 09:59:18
0,28491.0,113272.0,31.0,324.18,2021-04-04 10:11:22
0,28674.0,115938.0,29.0,324.84,2021-04-04 10:23:01
0,28777.0,116613.0,27.0,325.38,2021-04-04 10:34:32
0,28940.0,116629.0,30.0,326.0,2021-04-04 10:46:09
0,29759.0,116773.0,80.0,326.63,2021-04-04 10:58:21
0,32574.0,117187.0,94.0,327.24,2021-04-04 11:10:11
0,34378.0,118666.0,88.0,327.86,2021-04-04 11:22:19
0,36420.0,119834.0,76.0,328.47,2021-04-04 11:34:34
0,38190.0,120861.0,59.0,329.01,2021-04-04 11:46:21
0,40036.0,121839.0,50.0,329.58,2021-04-04 11:58:02
0,41510.0,123272.0,46.0,330.17,2021-04-04 12:10:08
0,43141.0,124477.0,42.0,330.76,2021-04-04 12:21:58
0,44356.0,126374.0,45.0,331.36,2021-04-04 12:33:24
0,45308.0,128176.0,40.0,331.91,2021-04-04 12:45:00
0,46549.0,129777.0,41.0,332.48,2021-04-04 12:56:45
0,46821.0,132010.0,41.0,333.02,2021-04-04 13:08:04
0,46925.0,134060.0,38.0,333.54,2021-04-04 13:19:44
0,46823.0,136850.0,39.0,334.12,2021-04-04 13:31:29
0,46844.0,139189.0,47.0,334.65,2021-04-04 13:42:54
0,47030.0,141633.0,29.0,335.2,2021-04-04 13:54:36
0,46942.0,144093.0,7.0,335.78,2021-04-04 14:06:15
0,47584.0,145939.0,7.0,336.33,2021-04-04 14:18:00
0,47084.0,146809.0,3.0,336.87,2021-04-04 14:29:53
0,46886.0,146971.0,2.0,337.44,2021-04-04 14:41:45
0,47246.0,146692.0,6.0,337.96,2021-04-04 14:53:33
0,47169.0,146644.0,4.0,338.5,2021-04-04 15:05:10
0,47316.0,146438.0,3.0,339.04,2021-04-04 15:16:49
0,47145.0,146524.0,3.0,339.63,2021-04-04 15:28:27
0,47160.0,146512.0,3.0,340.19,2021-04-04 15:40:39
0,47251.0,146627.0,4.0,340.76,2021-04-04 15:52:11
0,47409.0,146493.0,1.0,341.3,2021-04-04 16:04:07
0,47458.0,146467.0,1.0,341.87,2021-04-04 16:15:48
0,47644.0,146231.0,5.0,342.44,2021-04-04 16:27:26
0,47027.0,146977.0,2.0,343.01,2021-04-04 16:39:14
0,46776.0,147271.0,1.0,343.52,2021-04-04 16:51:02
0,47271.0,146818.0,3.0,344.02,2021-04-04 17:02:57
0,47870.0,146248.0,2.0,344.52,2021-04-04 17:14:37
0,47970.0,146026.0,1.0,345.06,2021-04-04 17:26:40
0,48273.0,145870.0,5.0,345.57,2021-04-04 17:38:10
0,47849.0,146136.0,3.0,346.13,2021-04-04 17:50:04
0,47434.0,146632.0,,346.71,2021-04-04 18:02:01
0,47256.0,146802.0,2.0,347.32,2021-04-04 18:14:13
0,47206.0,146706.0,3.0,347.89,2021-04-04 18:25:53
0,47065.0,146738.0,4.0,348.44,2021-04-04 18:37:40
0,46840.0,146879.0,1.0,348.95,2021-04-04 18:49:27
0,47163.0,146678.0,3.0,349.47,2021-04-04 19:01:11
0,47385.0,146466.0,1.0,350.01,2021-04-04 19:13:16
0,47031.0,146524.0,2.0,350.58,2021-04-04 19:25:20
0,46743.0,146849.0,4.0,351.11,2021-04-04 19:37:13
0,46304.0,147229.0,1.0,351.67,2021-04-04 19:48:56
0,46353.0,147210.0,,352.22,2021-04-04 20:01:17
0,46324.0,147209.0,,352.78,2021-04-04 20:13:24
0,46565.0,146800.0,,353.33,2021-04-04 20:25:07
0,47163.0,146424.0,,353.91,2021-04-04 20:36:56
0,47296.0,146305.0,2.0,354.47,2021-04-04 20:48:49
0,47155.0,146504.0,1.0,355.06,2021-04-04 21:00:42
0,47165.0,146449.0,1.0,355.62,2021-04-04 21:12:36
0,47467.0,146167.0,1.0,356.19,2021-04-04 21:24:22
0,47776.0,145885.0,2.0,356.81,2021-04-04 21:36:25
0,47983.0,145997.0,4.0,357.39,2021-04-04 21:47:48
0,48403.0,145574.0,2.0,357.97,2021-04-04 22:00:03
0,48594.0,145641.0,3.0,358.59,2021-04-04 22:12:18
0,48165.0,146119.0,3.0,359.18,2021-04-04 22:24:31
0,47951.0,146362.0,3.0,359.77,2021-04-04 22:36:41
0,47694.0,146606.0,14.0,360.38,2021-04-04 22:49:06
0,47658.0,146533.0,23.0,360.98,2021-04-04 23:01:00
0,47446.0,146869.0,38.0,361.59,2021-04-04 23:12:49
0,47750.0,146501.0,35.0,362.15,2021-04-04 23:25:15
0,47542.0,146704.0,67.0,362.73,2021-04-04 23:37:13
0,47440.0,146694.0,75.0,363.33,2021-04-04 23:48:53
0,47329.0,146530.0,100.0,363.9,2021-04-05 00:00:56
0,47321.0,146336.0,145.0,364.48,2021-04-05 00:13:15
0,46886.0,146689.0,134.0,365.01,2021-04-05 00:25:15
0,46915.0,146522.0,121.0,365.5,2021-04-05 00:37:01
0,47377.0,146228.0,1245.0,366.03,2021-04-05 00:49:00
0,47433.0,146269.0,3971.0,366.57,2021-04-05 01:01:05
0,47155.0,146422.0,6420.0,367.07,2021-04-05 01:12:45
0,47073.0,146496.0,9116.0,367.61,2021-04-05 01:24:37
0,47356.0,146364.0,11883.0,368.16,2021-04-05 01:36:35
0,47333.0,146191.0,14374.0,368.66,2021-04-05 01:48:40
0,47010.0,146218.0,16850.0,369.17,2021-04-05 02:00:28
0,46939.0,146255.0,20113.0,369.71,2021-04-05 02:12:25
0,47385.0,146043.0,25431.0,370.25,2021-04-05 02:24:42
0,47544.0,146000.0,30473.0,370.76,2021-04-05 02:36:32
0,47580.0,145952.0,35810.0,371.31,2021-04-05 02:47:58
0,47662.0,145904.0,41013.0,371.84,2021-04-05 02:59:42
0,47754.0,145950.0,45855.0,372.34,2021-04-05 03:11:41
0,47463.0,146097.0,50682.0,372.86,2021-04-05 03:23:44
0,47666.0,146016.0,55707.0,373.4,2021-04-05 03:35:33
0,47415.0,146169.0,60644.0,373.94,2021-04-05 03:47:22
0,47129.0,146774.0,65642.0,374.5,2021-04-05 03:59:32
0,47031.0,146970.0,70268.0,375.02,2021-04-05 04:11:20
0,47228.0,146916.0,74902.0,375.53,2021-04-05 04:23:12
0,47381.0,146691.0,78362.0,376.04,2021-04-05 04:34:57
0,47798.0,146297.0,80637.0,376.54,2021-04-05 04:46:34
0,47462.0,146635.0,83032.0,377.08,2021-04-05 04:58:25
0,46969.0,146986.0,85406.0,377.62,2021-04-05 05:10:07
0,47148.0,146582.0,87751.0,378.14,2021-04-05 05:22:10
0,47597.0,146220.0,90266.0,378.69,2021-04-05 05:33:47
0,47153.0,146775.0,92553.0,379.21,2021-04-05 05:45:43
0,47116.0,146864.0,94077.0,379.73,2021-04-05 05:57:48
0,47492.0,146407.0,94014.0,380.25,2021-04-05 06:09:47
0,47495.0,146457.0,94083.0,380.81,2021-04-05 06:21:43
0,47245.0,146581.0,94208.0,381.36,2021-04-05 06:33:41
0,47308.0,146505.0,94362.0,381.92,2021-04-05 06:45:52
0,47200.0,146748.0,94520.0,382.49,2021-04-05 06:58:31
0,46738.0,147316.0,94595.0,383.04,2021-04-05 07:10:57
0,46609.0,147571.0,94797.0,383.6,2021-04-05 07:22:49
0,46687.0,147642.0,94906.0,384.19,2021-04-05 07:34:56
0,46413.0,148106.0,95071.0,384.81,2021-04-05 07:47:09
0,46606.0,147784.0,95128.0,385.41,2021-04-05 07:59:12
0,46623.0,147723.0,95227.0,385.91,2021-04-05 08:11:05
0,46664.0,147558.0,95397.0,386.5,2021-04-05 08:23:05
0,46838.0,147375.0,95581.0,387.06,2021-04-05 08:34:47
0,46880.0,147275.0,95750.0,387.63,2021-04-05 08:46:42
0,46835.0,147265.0,95878.0,388.16,2021-04-05 08:59:07
0,47067.0,147014.0,96072.0,388.72,2021-04-05 09:11:05
0,46653.0,147281.0,96156.0,389.29,2021-04-05 09:22:45
0,46313.0,147388.0,96156.0,389.84,2021-04-05 09:34:28
0,46177.0,147459.0,96328.0,390.41,2021-04-05 09:46:51
0,45610.0,147555.0,96341.0,390.98,2021-04-05 09:58:31
0,45832.0,147230.0,96556.0,391.56,2021-04-05 10:10:32
0,46153.0,146762.0,96633.0,392.16,2021-04-05 10:22:23
0,46183.0,146629.0,96659.0,392.77,2021-04-05 10:34:25
0,46067.0,146539.0,96637.0,393.35,2021-04-05 10:46:20
0,46600.0,145858.0,96594.0,393.94,2021-04-05 10:58:11
0,46811.0,145779.0,96632.0,394.56,2021-04-05 11:10:27
0,47188.0,145573.0,96597.0,395.18,2021-04-05 11:22:44
0,47354.0,145553.0,96506.0,395.74,2021-04-05 11:34:31
0,47471.0,145621.0,96509.0,396.31,2021-04-05 11:46:52
0,46787.0,146145.0,96374.0,396.88,2021-04-05 11:59:02
0,46824.0,146002.0,96265.0,397.49,2021-04-05 12:11:01
0,47143.0,145709.0,96204.0,398.1,2021-04-05 12:23:15
0,47056.0,145845.0,96194.0,398.69,2021-04-05 12:35:30
0,46695.0,146110.0,96144.0,399.31,2021-04-05 12:47:21
0,46792.0,146003.0,96114.0,399.89,2021-04-05 12:58:59
0,46920.0,145975.0,96116.0,400.5,2021-04-05 13:11:03
0,47313.0,145956.0,96180.0,401.12,2021-04-05 13:22:55
0,47664.0,145619.0,96152.0,401.74,2021-04-05 13:34:18
0,47648.0,145711.0,96103.0,402.39,2021-04-05 13:46:11
0,47775.0,145555.0,96070.0,402.99,2021-04-05 13:57:53
0,47706.0,145743.0,96137.0,403.59,2021-04-05 14:09:38
0,47591.0,145737.0,96081.0,404.14,2021-04-05 14:21:31
0,47398.0,145871.0,96020.0,404.71,2021-04-05 14:33:29
0,47348.0,146059.0,96018.0,405.19,2021-04-05 14:45:15
0,47528.0,146010.0,96049.0,405.74,2021-04-05 14:56:54
0,47112.0,146297.0,96055.0,406.3,2021-04-05 15:09:08
0,47046.0,146442.0,96057.0,406.85,2021-04-05 15:20:58
0,46913.0,146550.0,96016.0,407.43,2021-04-05 15:33:05
0,46790.0,146678.0,96030.0,408.0,2021-04-05 15:45:02
0,46954.0,146560.0,96202.0,408.59,2021-04-05 15:57:14
0,46814.0,146735.0,96360.0,409.12,2021-04-05 16:09:25
0,46602.0,147026.0,96416.0,409.67,2021-04-05 16:21:25
0,46306.0,147379.0,96554.0,410.27,2021-04-05 16:33:36
0,46124.0,147402.0,96723.0,410.8,2021-04-05 16:45:31
0,45837.0,147488.0,96754.0,411.4,2021-04-05 16:57:48
0,45668.0,147506.0,96781.0,411.92,2021-04-05 17:09:50
0,45734.0,147253.0,96735.0,412.48,2021-04-05 17:22:22
0,45812.0,147226.0,96775.0,413.08,2021-04-05 17:34:30
0,45752.0,147071.0,96717.0,413.68,2021-04-05 17:46:25
0,45615.0,147205.0,96591.0,414.3,2021-04-05 17:59:03
0,46057.0,146761.0,96587.0,414.82,2021-04-05 18:11:03
0,46461.0,146270.0,96387.0,415.43,2021-04-05 18:23:17
0,46572.0,146237.0,96273.0,416.0,2021-04-05 18:35:27
0,46690.0,146413.0,96349.0,416.58,2021-04-05 18:47:46
0,46573.0,146637.0,96402.0,417.18,2021-04-05 18:59:33
0,46540.0,146885.0,96445.0,417.8,2021-04-05 19:11:16
0,46396.0,147000.0,96527.0,418.44,2021-04-05 19:23:18
0,46406.0,146849.0,96550.0,419.0,2021-04-05 19:35:14
0,46372.0,146944.0,96652.0,419.54,2021-04-05 19:46:58
0,46447.0,146893.0,96663.0,420.07,2021-04-05 19:58:41
0,46842.0,146485.0,96765.0,420.62,2021-04-05 20:10:20
0,46707.0,146649.0,96809.0,421.16,2021-04-05 20:22:24
0,46327.0,147238.0,96973.0,421.73,2021-04-05 20:33:46
0,46363.0,147310.0,97051.0,422.28,2021-04-05 20:46:19
0,46059.0,147696.0,97054.0,422.89,2021-04-05 20:58:16
0,46105.0,147661.0,97030.0,423.44,2021-04-05 21:10:04
0,46606.0,147174.0,96951.0,424.01,2021-04-05 21:22:06
0,46345.0,147363.0,96887.0,424.59,2021-04-05 21:34:15
0,46401.0,147385.0,96835.0,425.19,2021-04-05 21:46:21
0,47176.0,146669.0,96860.0,425.75,2021-04-05 21:58:25
0,47171.0,146345.0,96789.0,426.33,2021-04-05 22:10:08
0,46916.0,146412.0,96724.0,426.86,2021-04-05 22:22:09
0,46888.0,146406.0,96760.0,427.39,2021-04-05 22:34:19
0,46540.0,146639.0,96822.0,427.97,2021-04-05 22:46:24
0,46685.0,146620.0,96839.0,428.5,2021-04-05 22:58:58
0,46576.0,146641.0,96720.0,429.09,2021-04-05 23:11:17
0,46622.0,146561.0,96636.0,429.65,2021-04-05 23:23:21
0,46741.0,146627.0,96617.0,430.2,2021-04-05 23:35:53
0,46663.0,146660.0,96498.0,430.75,2021-04-05 23:48:02
0,46697.0,146343.0,96445.0,431.36,2021-04-06 00:00:14
0,46776.0,146322.0,96436.0,431.9,2021-04-06 00:12:10
0,46821.0,146376.0,96356.0,432.44,2021-04-06 00:24:19
0,47178.0,146091.0,96344.0,432.97,2021-04-06 00:36:09
0,47400.0,146124.0,96319.0,433.5,2021-04-06 00:47:44
0,47406.0,146183.0,96174.0,434.03,2021-04-06 00:59:58
0,47476.0,146283.0,96063.0,434.66,2021-04-06 01:12:00
0,47135.0,146603.0,95903.0,435.24,2021-04-06 01:23:55
0,47274.0,146476.0,95840.0,435.85,2021-04-06 01:36:13
0,47115.0,146677.0,95861.0,436.45,2021-04-06 01:48:48
0,46668.0,147128.0,95901.0,437.06,2021-04-06 02:00:40
0,46652.0,146946.0,95914.0,437.63,2021-04-06 02:12:49
0,46837.0,146926.0,96026.0,438.17,2021-04-06 02:24:43
0,46497.0,147201.0,96024.0,438.79,2021-04-06 02:36:47
0,46288.0,147493.0,96048.0,439.32,2021-04-06 02:48:15
0,46551.0,147299.0,96097.0,439.85,2021-04-06 03:00:02
0,46920.0,146773.0,96039.0,440.41,2021-04-06 03:12:06
0,47355.0,146483.0,96185.0,440.95,2021-04-06 03:23:58
0,47421.0,146427.0,96131.0,441.47,2021-04-06 03:35:50
0,47662.0,145932.0,96140.0,442.05,2021-04-06 03:48:35
0,47763.0,145724.0,96134.0,442.6,2021-04-06 04:00:53
0,47390.0,145886.0,96120.0,443.17,2021-04-06 04:12:57
0,47665.0,145527.0,96207.0,443.75,2021-04-06 04:24:58
0,47199.0,145958.0,96230.0,444.33,2021-04-06 04:37:03
0,47060.0,146064.0,96318.0,444.93,2021-04-06 04:48:50
0,46880.0,146133.0,96301.0,445.57,2021-04-06 05:01:03
0,46628.0,146151.0,96241.0,446.17,2021-04-06 05:13:33
0,46460.0,146626.0,96348.0,446.76,2021-04-06 05:25:53
0,46230.0,147154.0,96513.0,447.39,2021-04-06 05:38:10
0,46620.0,146726.0,96398.0,447.99,2021-04-06 05:49:59
0,46908.0,146399.0,96342.0,448.61,2021-04-06 06:02:16
0,47046.0,146591.0,96339.0,449.22,2021-04-06 06:14:39
0,47074.0,146600.0,96308.0,449.71,2021-04-06 06:26:52
0,47106.0,146639.0,96296.0,450.26,2021-04-06 06:39:40
0,46571.0,147042.0,96198.0,450.95,2021-04-06 06:51:38
0,46451.0,147083.0,96141.0,451.55,2021-04-06 07:03:31
0,46016.0,147301.0,96134.0,452.19,2021-04-06 07:16:10
0,46240.0,147055.0,96141.0,452.78,2021-04-06 07:28:02
0,46476.0,146903.0,96116.0,453.34,2021-04-06 07:40:22
0,46948.0,146507.0,96038.0,453.95,2021-04-06 07:52:41
0,46940.0,146530.0,95994.0,454.48,2021-04-06 08:04:41
0,47102.0,146378.0,95925.0,455.07,2021-04-06 08:16:25
0,46998.0,146622.0,95957.0,455.68,2021-04-06 08:28:12
0,47010.0,146520.0,95976.0,456.29,2021-04-06 08:40:10
0,46882.0,146707.0,95967.0,456.82,2021-04-06 08:51:54
0,46779.0,146818.0,95974.0,457.42,2021-04-06 09:03:49
0,46800.0,147011.0,96164.0,458.06,2021-04-06 09:15:48
0,46567.0,147326.0,96254.0,458.66,2021-04-06 09:27:29
0,46333.0,147552.0,96290.0,459.23,2021-04-06 09:39:15
0,45872.0,147822.0,96347.0,459.81,2021-04-06 09:51:15
0,45802.0,147882.0,96501.0,460.38,2021-04-06 10:03:15
0,46052.0,147696.0,96555.0,460.95,2021-04-06 10:14:59
0,46467.0,147540.0,96728.0,461.51,2021-04-06 10:27:09
0,46862.0,147313.0,96955.0,462.1,2021-04-06 10:39:57
0,46710.0,147418.0,97040.0,462.7,2021-04-06 10:52:03
0,46662.0,147353.0,97017.0,463.29,2021-04-06 11:04:18
0,46892.0,147030.0,97023.0,463.85,2021-04-06 11:16:31
0,47215.0,146909.0,97092.0,464.46,2021-04-06 11:28:35
0,47182.0,146891.0,97057.0,465.05,2021-04-06 11:40:45
0,47361.0,146734.0,97069.0,465.6,2021-04-06 11:52:56
0,47406.0,146828.0,97162.0,466.25,2021-04-06 12:05:25
0,47760.0,146305.0,97098.0,466.85,2021-04-06 12:17:36
0,48127.0,145701.0,96941.0,467.39,2021-04-06 12:29:44
0,48206.0,145537.0,96893.0,467.93,2021-04-06 12:41:41
0,48105.0,145597.0,96742.0,468.54,2021-04-06 12:54:03
0,47865.0,145958.0,96709.0,469.03,2021-04-06 13:06:07
0,47913.0,145977.0,96696.0,469.63,2021-04-06 13:18:18
0,47829.0,146106.0,96759.0,470.23,2021-04-06 13:30:58
0,47548.0,146235.0,96758.0,470.85,2021-04-06 13:42:54
0,47699.0,146200.0,96837.0,471.41,2021-04-06 13:55:11
0,47263.0,146464.0,96801.0,471.96,2021-04-06 14:07:09
0,47123.0,146688.0,96802.0,472.51,2021-04-06 14:19:37
0,47033.0,146660.0,96704.0,473.11,2021-04-06 14:31:51
0,47219.0,146447.0,96762.0,473.71,2021-04-06 14:43:40
0,47571.0,145750.0,96700.0,474.34,2021-04-06 14:55:39
0,47902.0,145450.0,96674.0,474.92,2021-04-06 15:07:42
0,47463.0,145811.0,96709.0,475.48,2021-04-06 15:19:45
0,47096.0,146099.0,96627.0,476.06,2021-04-06 15:31:49
0,47151.0,146238.0,96562.0,476.63,2021-04-06 15:43:48
0,46921.0,146522.0,96520.0,477.21,2021-04-06 15:55:33
0,46836.0,146573.0,96421.0,477.81,2021-04-06 16:07:55
0,46872.0,146494.0,96268.0,478.42,2021-04-06 16:20:37
0,47034.0,146278.0,96279.0,479.01,2021-04-06 16:33:02
0,46923.0,146274.0,96294.0,479.62,2021-04-06 16:44:49
0,46760.0,146326.0,96253.0,480.22,2021-04-06 16:57:23
0,46767.0,146420.0,96332.0,480.78,2021-04-06 17:09:27
0,46941.0,146053.0,96280.0,481.34,2021-04-06 17:21:09
0,47226.0,145715.0,96242.0,481.91,2021-04-06 17:32:57
0,47811.0,145184.0,96330.0,482.45,2021-04-06 17:45:13
0,47550.0,145497.0,96363.0,482.98,2021-04-06 17:57:07
0,47051.0,145804.0,96395.0,483.54,2021-04-06 18:09:13
0,46653.0,146390.0,96535.0,484.11,2021-04-06 18:21:40
0,46633.0,146434.0,96501.0,484.67,2021-04-06 18:34:04
0,46999.0,146143.0,96459.0,485.22,2021-04-06 18:45:55
0,47203.0,145823.0,96280.0,485.72,2021-04-06 18:58:15
0,47512.0,145527.0,96130.0,486.28,2021-04-06 19:10:55
0,47692.0,145199.0,96021.0,486.83,2021-04-06 19:22:48
0,47668.0,145376.0,95998.0,487.43,2021-04-06 19:34:44
0,47438.0,145623.0,95937.0,487.95,2021-04-06 19:46:59
0,47477.0,145460.0,95859.0,488.53,2021-04-06 19:58:58
0,47350.0,145562.0,95877.0,489.13,2021-04-06 20:10:59
0,47306.0,145500.0,95861.0,489.71,2021-04-06 20:23:01
0,46977.0,146280.0,95946.0,490.3,2021-04-06 20:35:09
0,46755.0,146704.0,96034.0,490.94,2021-04-06 20:46:43
0,46623.0,147043.0,95967.0,491.58,2021-04-06 20:58:43
0,46805.0,146703.0,95814.0,492.2,2021-04-06 21:10:50
0,47091.0,146328.0,95696.0,492.83,2021-04-06 21:22:27
0,47515.0,145797.0,95588.0,493.42,2021-04-06 21:34:21
0,47218.0,146101.0,95494.0,494.01,2021-04-06 21:46:32
0,47423.0,145917.0,95263.0,494.59,2021-04-06 21:58:08
0,47308.0,146062.0,95198.0,495.18,2021-04-06 22:09:58
0,47244.0,146282.0,95150.0,495.77,2021-04-06 22:21:53
0,47192.0,146592.0,95085.0,496.4,2021-04-06 22:34:04
0,47033.0,146793.0,95058.0,496.97,2021-04-06 22:45:57
0,46678.0,146964.0,95002.0,497.56,2021-04-06 22:57:42
0,46682.0,147086.0,95164.0,498.14,2021-04-06 23:10:00
0,46482.0,147242.0,95350.0,498.71,2021-04-06 23:22:15
0,46502.0,147368.0,95511.0,499.29,2021-04-06 23:34:35
0,46494.0,147312.0,95638.0,499.88,2021-04-06 23:46:46
0,46484.0,146922.0,95657.0,500.49,2021-04-06 23:58:44
0,46658.0,146725.0,95715.0,501.06,2021-04-07 00:10:55
0,47174.0,146274.0,95743.0,501.6,2021-04-07 00:22:48
0,46825.0,146759.0,95974.0,502.16,2021-04-07 00:34:34
0,46558.0,146986.0,96173.0,502.68,2021-04-07 00:46:30
0,46209.0,147221.0,96242.0,503.19,2021-04-07 00:58:39
0,46234.0,147168.0,96434.0,503.76,2021-04-07 01:10:40
0,46051.0,147143.0,96613.0,504.34,2021-04-07 01:23:08
0,45728.0,147325.0,96740.0,504.87,2021-04-07 01:35:19
0,45922.0,147024.0,96870.0,505.42,2021-04-07 01:47:26
0,46258.0,146674.0,96934.0,506.0,2021-04-07 01:59:49
0,46223.0,146627.0,96922.0,506.54,2021-04-07 02:11:51
0,46187.0,146757.0,97099.0,507.11,2021-04-07 02:23:25
0,46330.0,146606.0,97200.0,507.61,2021-04-07 02:35:24
0,46522.0,146498.0,97251.0,508.18,2021-04-07 02:47:23
0,46399.0,146631.0,97187.0,508.76,2021-04-07 02:59:26
0,46484.0,146378.0,97029.0,509.3,2021-04-07 03:11:29
0,46643.0,146321.0,96968.0,509.88,2021-04-07 03:23:22
0,46226.0,146988.0,96893.0,510.48,2021-04-07 03:35:33
0,46196.0,146949.0,96727.0,511.05,2021-04-07 03:47:19
0,46601.0,146428.0,96611.0,511.62,2021-04-07 03:59:29
0,46965.0,146150.0,96577.0,512.21,2021-04-07 04:11:47
0,47011.0,146131.0,96616.0,512.74,2021-04-07 04:23:51
0,47101.0,146221.0,96582.0,513.33,2021-04-07 04:35:59
0,47683.0,145695.0,96608.0,513.93,2021-04-07 04:47:54
0,47811.0,145590.0,96704.0,514.54,2021-04-07 05:00:02
0,47774.0,145868.0,96813.0,515.15,2021-04-07 05:11:42
0,47898.0,145916.0,96908.0,515.77,2021-04-07 05:23:44
0,47570.0,146206.0,96827.0,516.35,2021-04-07 05:35:59
0,47217.0,146439.0,96772.0,516.91,2021-04-07 05:47:46
0,47183.0,146443.0,96890.0,517.48,2021-04-07 06:00:02
0,47317.0,146149.0,96936.0,518.06,2021-04-07 06:12:12
0,46824.0,146427.0,97001.0,518.67,2021-04-07 06:24:11
0,46686.0,146480.0,96946.0,519.26,2021-04-07 06:36:27
0,46229.0,146944.0,96961.0,519.8,2021-04-07 06:48:32
0,46033.0,147069.0,96926.0,520.44,2021-04-07 07:01:08
0,46191.0,146975.0,96996.0,521.07,2021-04-07 07:13:18
0,46576.0,146912.0,97176.0,521.69,2021-04-07 07:25:55
0,46570.0,146781.0,97129.0,522.32,2021-04-07 07:38:28
0,46478.0,146940.0,97124.0,522.94,2021-04-07 07:50:11
0,46184.0,147380.0,97024.0,523.52,2021-04-07 08:01:58
0,46363.0,147204.0,96964.0,524.07,2021-04-07 08:14:08
0,46914.0,146885.0,97046.0,524.59,2021-04-07 08:26:06
0,46864.0,146707.0,96904.0,525.12,2021-04-07 08:38:10
0,47018.0,146477.0,96787.0,525.7,2021-04-07 08:50:03
0,47580.0,145864.0,96763.0,526.32,2021-04-07 09:02:32
0,47642.0,145967.0,96878.0,526.87,2021-04-07 09:14:18
0,47009.0,146431.0,96815.0,527.48,2021-04-07 09:26:44
0,46697.0,146622.0,96751.0,528.1,2021-04-07 09:39:24
0,46712.0,146858.0,96876.0,528.72,2021-04-07 09:51:39
0,46991.0,146593.0,96761.0,529.3,2021-04-07 10:03:58
0,46789.0,146799.0,96800.0,529.87,2021-04-07 10:16:08
0,46624.0,147064.0,96841.0,530.42,2021-04-07 10:28:27
0,46602.0,146899.0,96592.0,530.99,2021-04-07 10:40:29
0,46607.0,146557.0,96433.0,531.56,2021-04-07 10:52:31
0,46839.0,146387.0,96468.0,532.06,2021-04-07 11:04:37
0,46928.0,146094.0,96374.0,532.63,2021-04-07 11:16:16
0,46916.0,146013.0,96425.0,533.17,2021-04-07 11:28:17
0,47358.0,145443.0,96535.0,533.68,2021-04-07 11:40:15
0,47573.0,145231.0,96579.0,534.26,2021-04-07 11:52:30
0,47676.0,144997.0,96620.0,534.81,2021-04-07 12:04:20
0,47557.0,145013.0,96561.0,535.34,2021-04-07 12:16:22
0,47630.0,144511.0,96276.0,535.89,2021-04-07 12:28:02
0,47340.0,144606.0,96103.0,536.44,2021-04-07 12:40:19
0,46823.0,144883.0,95926.0,537.0,2021-04-07 12:52:17
0,46787.0,144983.0,95950.0,537.6,2021-04-07 13:04:10
0,47149.0,144480.0,96043.0,538.2,2021-04-07 13:16:04
0,46872.0,144887.0,96133.0,538.81,2021-04-07 13:28:00
0,47067.0,144761.0,96218.0,539.36,2021-04-07 13:40:01
0,46968.0,144856.0,96344.0,539.87,2021-04-07 13:51:49
0,47071.0,144717.0,96415.0,540.43,2021-04-07 14:00:55
0,46588.0,145399.0,96427.0,541.09,2021-04-07 14:06:50
0,46760.0,145687.0,96367.0,541.72,2021-04-07 14:12:48
0,46457.0,146421.0,96253.0,542.33,2021-04-07 14:19:01
0,46658.0,146707.0,96113.0,542.9,2021-04-07 14:24:55
0,46851.0,146762.0,96066.0,543.45,2021-04-07 14:30:50
0,46994.0,146745.0,95906.0,544.01,2021-04-07 14:38:13
0,47251.0,146593.0,95798.0,544.65,2021-04-07 14:44:22
0,47058.0,146781.0,95780.0,545.24,2021-04-07 14:50:34
0,47024.0,146985.0,95797.0,545.83,2021-04-07 14:56:33
0,46952.0,147295.0,95739.0,546.38,2021-04-07 15:07:08
0,46493.0,147931.0,95628.0,546.89,2021-04-07 15:13:07
0,46096.0,148479.0,95467.0,547.46,2021-04-07 15:19:03
0,46324.0,148290.0,95454.0,548.07,2021-04-07 15:26:30
0,46447.0,148040.0,95537.0,548.66,2021-04-07 15:32:26
0,46419.0,148038.0,95514.0,549.25,2021-04-07 15:38:17
0,46131.0,148193.0,95451.0,549.81,2021-04-07 15:44:09
0,46088.0,148146.0,95506.0,550.39,2021-04-07 15:50:47
0,46162.0,147999.0,95599.0,550.92,2021-04-07 15:56:37
0,46164.0,147938.0,95714.0,551.46,2021-04-07 16:02:31
0,45911.0,148146.0,95792.0,551.97,2021-04-07 16:08:24
0,46465.0,147561.0,95879.0,552.51,2021-04-07 16:16:16
0,46789.0,147073.0,95919.0,553.01,2021-04-07 16:22:09
0,46475.0,147258.0,95981.0,553.65,2021-04-07 16:28:08
0,46431.0,147356.0,95957.0,554.23,2021-04-07 16:35:30
0,46526.0,147184.0,96106.0,554.87,2021-04-07 16:41:31
0,46801.0,147089.0,96460.0,555.49,2021-04-07 16:47:29
0,47120.0,146684.0,96578.0,556.09,2021-04-07 16:54:44
0,47163.0,146757.0,96587.0,556.7,2021-04-07 17:00:43
0,46622.0,147245.0,96616.0,557.27,2021-04-07 17:06:55
0,47144.0,146605.0,96595.0,557.83,2021-04-07 17:12:55
0,47806.0,145958.0,96633.0,558.4,2021-04-07 17:19:38
0,47437.0,146382.0,96684.0,558.97,2021-04-07 17:25:36
0,47158.0,146677.0,96565.0,559.49,2021-04-07 17:31:40
0,47296.0,146587.0,96452.0,560.04,2021-04-07 17:38:33
0,47723.0,145989.0,96256.0,560.61,2021-04-07 17:44:35
0,48212.0,145577.0,96187.0,561.22,2021-04-07 17:50:38
0,48095.0,145868.0,96161.0,561.8,2021-04-07 17:56:46
0,48303.0,145395.0,96013.0,562.38,2021-04-07 18:03:30
0,48152.0,145425.0,95896.0,562.91,2021-04-07 18:09:23
0,48063.0,145569.0,95904.0,563.53,2021-04-07 18:15:17
0,48189.0,145462.0,95799.0,564.1,2021-04-07 18:21:30
0,48181.0,145299.0,95641.0,564.74,2021-04-07 18:27:29
0,47497.0,145916.0,95525.0,565.37,2021-04-07 18:33:39
0,46713.0,146544.0,95473.0,565.96,2021-04-07 18:39:40
0,46798.0,146510.0,95593.0,566.57,2021-04-07 18:45:46
0,46924.0,146345.0,95701.0,567.21,2021-04-07 18:51:45
0,46492.0,146710.0,95816.0,567.83,2021-04-07 18:57:48
0,46561.0,146617.0,95889.0,568.39,2021-04-07 19:04:05
0,47162.0,145980.0,95835.0,568.99,2021-04-07 19:10:11
0,47265.0,146121.0,95819.0,569.57,2021-04-07 19:16:19
0,46846.0,146508.0,95712.0,570.2,2021-04-07 19:22:32
0,46659.0,146890.0,95646.0,570.76,2021-04-07 19:28:30
0,46869.0,146644.0,95573.0,571.31,2021-04-07 19:34:29
0,46861.0,146613.0,95541.0,571.86,2021-04-07 19:40:34
0,46909.0,146684.0,95649.0,572.4,2021-04-07 19:46:45
0,47176.0,146353.0,95787.0,572.96,2021-04-07 19:52:55
0,47347.0,146144.0,95883.0,573.55,2021-04-07 19:59:00
0,47327.0,146041.0,95890.0,574.1,2021-04-07 20:05:18
0,47298.0,146229.0,96068.0,574.72,2021-04-07 20:11:16
0,47403.0,146046.0,96006.0,575.27,2021-04-07 20:17:13
0,47375.0,146060.0,96048.0,575.84,2021-04-07 20:23:15
0,47548.0,145720.0,96090.0,576.45,2021-04-07 20:29:36
0,47571.0,145613.0,96168.0,577.01,2021-04-07 20:35:36
0,47810.0,145459.0,96295.0,577.6,2021-04-07 20:41:38
0,48284.0,145190.0,96464.0,578.19,2021-04-07 20:47:54
0,48397.0,145121.0,96540.0,578.69,2021-04-07 20:53:53
0,48013.0,145554.0,96562.0,579.35,2021-04-07 20:59:59
0,48214.0,145563.0,96578.0,579.95,2021-04-07 21:06:09
0,47695.0,146030.0,96499.0,580.52,2021-04-07 21:12:24
0,47634.0,146026.0,96250.0,581.13,2021-04-07 21:18:19
0,47538.0,146179.0,96066.0,581.71,2021-04-07 21:24:17
0,47659.0,146134.0,96056.0,582.3,2021-04-07 21:30:24
0,47677.0,146076.0,96053.0,582.94,2021-04-07 21:36:24
0,47212.0,146661.0,96058.0,583.59,2021-04-07 21:42:22
0,46889.0,146784.0,96011.0,584.2,2021-04-07 21:48:37
0,46798.0,146864.0,96102.0,584.79,2021-04-07 21:54:32
0,47443.0,146249.0,96279.0,585.39,2021-04-07 22:00:24
0,47538.0,146288.0,96345.0,585.95,2021-04-07 22:06:17
0,47118.0,146650.0,96430.0,586.51,2021-04-07 22:12:20
0,47057.0,146636.0,96397.0,587.11,2021-04-07 22:18:09
0,47048.0,146620.0,96408.0,587.62,2021-04-07 22:23:58
0,47101.0,146433.0,96279.0,588.17,2021-04-07 22:29:58
0,46903.0,146722.0,96262.0,588.7,2021-04-07 22:35:47
0,46746.0,146824.0,96287.0,589.24,2021-04-07 22:41:44
0,46433.0,146718.0,96152.0,589.8,2021-04-07 22:47:40
0,46527.0,146682.0,96185.0,590.36,2021-04-07 22:53:58
0,46527.0,146744.0,96139.0,590.93,2021-04-07 23:00:00
0,46499.0,146871.0,96178.0,591.48,2021-04-07 23:06:01
0,46490.0,146942.0,96202.0,592.04,2021-04-07 23:12:12
0,46456.0,146892.0,96086.0,592.67,2021-04-07 23:18:23
0,46192.0,147331.0,96110.0,593.21,2021-04-07 23:24:30
0,46216.0,147405.0,96140.0,593.79,2021-04-07 23:30:38
0,46401.0,147391.0,96223.0,594.36,2021-04-07 23:36:52
0,46371.0,147334.0,96288.0,594.93,2021-04-07 23:42:53
0,46559.0,147047.0,96332.0,595.48,2021-04-07 23:48:59
0,46721.0,146733.0,96366.0,596.13,2021-04-07 23:55:07
0,46909.0,146515.0,96446.0,596.68,2021-04-08 00:01:09
0,47338.0,145984.0,96472.0,597.27,2021-04-08 00:07:14
0,47005.0,146182.0,96553.0,597.87,2021-04-08 00:13:12
0,46564.0,146197.0,96596.0,598.45,2021-04-08 00:19:16
0,46444.0,146302.0,96591.0,599.09,2021-04-08 00:25:19
0,46837.0,146110.0,96647.0,599.74,2021-04-08 00:31:17
0,46960.0,146175.0,96784.0,600.37,2021-04-08 00:42:58
0,46725.0,146453.0,96857.0,600.97,2021-04-08 00:48:56
0,46825.0,146205.0,96738.0,601.57,2021-04-08 00:54:53
0,46366.0,146836.0,96756.0,602.21,2021-04-08 01:01:11
0,46483.0,146695.0,96780.0,602.77,2021-04-08 01:07:00
0,46264.0,146837.0,96761.0,603.28,2021-04-08 01:13:00
0,46751.0,146361.0,96804.0,603.88,2021-04-08 01:18:59
0,47052.0,145906.0,96782.0,604.41,2021-04-08 01:25:12
0,47576.0,145425.0,96887.0,604.93,2021-04-08 01:31:06
0,47525.0,145418.0,96915.0,605.44,2021-04-08 01:36:58
0,47559.0,145476.0,96807.0,605.98,2021-04-08 01:42:49
0,47385.0,145674.0,96686.0,606.51,2021-04-08 01:49:03
0,47605.0,145544.0,96744.0,607.06,2021-04-08 01:54:52
0,47022.0,146088.0,96575.0,607.64,2021-04-08 02:00:47
0,46711.0,146575.0,96563.0,608.18,2021-04-08 02:06:54
0,46716.0,146589.0,96604.0,608.76,2021-04-08 02:12:50
0,47308.0,146083.0,96606.0,609.34,2021-04-08 02:18:47
0,47303.0,145966.0,96583.0,609.95,2021-04-08 02:24:50
0,47861.0,145137.0,96492.0,610.57,2021-04-08 02:30:52
0,47790.0,145264.0,96550.0,611.14,2021-04-08 02:36:53
0,47082.0,146149.0,96657.0,611.75,2021-04-08 02:42:58
0,46941.0,146261.0,96647.0,612.31,2021-04-08 02:49:21
0,46362.0,146768.0,96572.0,612.92,2021-04-08 02:55:30
0,46352.0,146809.0,96523.0,613.45,2021-04-08 03:01:29
0,46597.0,146537.0,96457.0,614.02,2021-04-08 03:07:40
0,46989.0,146259.0,96518.0,614.61,2021-04-08 03:13:38
0,46821.0,146491.0,96542.0,615.23,2021-04-08 03:19:39
0,46725.0,146687.0,96556.0,615.77,2021-04-08 03:25:43
0,46826.0,146580.0,96595.0,616.26,2021-04-08 03:31:56
0,46715.0,146656.0,96577.0,616.86,2021-04-08 03:38:00
0,47047.0,146247.0,96506.0,617.39,2021-04-08 03:43:54
0,47175.0,146229.0,96403.0,617.95,2021-04-08 03:49:51
0,47554.0,146099.0,96375.0,618.57,2021-04-08 03:56:03
0,47552.0,146213.0,96326.0,619.23,2021-04-08 04:02:14
0,46883.0,146826.0,96173.0,619.88,2021-04-08 04:08:20
0,47153.0,146851.0,96231.0,620.51,2021-04-08 04:14:39
0,46742.0,147387.0,96156.0,621.12,2021-04-08 04:20:33
0,46306.0,147531.0,96001.0,621.67,2021-04-08 04:26:27
0,45899.0,147816.0,95981.0,622.17,2021-04-08 04:32:38
0,45628.0,148046.0,95888.0,622.74,2021-04-08 04:38:42
0,45556.0,148230.0,95882.0,623.31,2021-04-08 04:44:41
0,45468.0,148376.0,96024.0,623.85,2021-04-08 04:50:37
0,45705.0,148061.0,96072.0,624.42,2021-04-08 04:56:42
0,45771.0,148145.0,96119.0,624.99,2021-04-08 05:02:47
0,46107.0,147648.0,96150.0,625.51,2021-04-08 05:08:45
0,46131.0,147750.0,96350.0,626.11,2021-04-08 05:14:53
0,46195.0,147652.0,96497.0,626.66,2021-04-08 05:20:49
0,46334.0,147475.0,96633.0,627.21,2021-04-08 05:26:46
0,46747.0,146997.0,96769.0,627.79,2021-04-08 05:32:51
0,47278.0,146106.0,96815.0,628.43,2021-04-08 05:39:01
0,47819.0,145158.0,96787.0,628.99,2021-04-08 05:45:10
0,47035.0,145888.0,96852.0,629.56,2021-04-08 05:51:08
0,47192.0,145756.0,97025.0,630.14,2021-04-08 05:57:18
0,47369.0,145296.0,97058.0,630.73,2021-04-08 06:03:17
0,46636.0,145951.0,97164.0,631.34,2021-04-08 06:09:15
0,46508.0,146211.0,97334.0,631.99,2021-04-08 06:15:14
0,46493.0,146290.0,97343.0,632.58,2021-04-08 06:21:48
0,46474.0,146146.0,97276.0,633.18,2021-04-08 06:27:58
0,46517.0,146064.0,97232.0,633.8,2021-04-08 06:33:57
0,46383.0,146117.0,97224.0,634.38,2021-04-08 06:40:09
0,46464.0,146030.0,97212.0,634.97,2021-04-08 06:46:12
0,46767.0,145764.0,97259.0,635.6,2021-04-08 06:52:22
0,46925.0,145570.0,97275.0,636.15,2021-04-08 06:58:29
0,47067.0,145291.0,97151.0,636.75,2021-04-08 07:04:27
0,47394.0,145019.0,97084.0,637.37,2021-04-08 07:10:21
0,47834.0,144603.0,97077.0,637.97,2021-04-08 07:16:22
0,47742.0,144695.0,97011.0,638.55,2021-04-08 07:22:35
0,47669.0,144676.0,96929.0,639.12,2021-04-08 07:28:30
0,47125.0,145187.0,96778.0,639.68,2021-04-08 07:34:26
0,46717.0,145552.0,96548.0,640.25,2021-04-08 07:40:36
0,46810.0,145733.0,96384.0,640.89,2021-04-08 07:46:46
0,46348.0,146539.0,96275.0,641.49,2021-04-08 07:52:44
0,46257.0,146524.0,96034.0,642.1,2021-04-08 07:58:48
0,46315.0,146710.0,95994.0,642.68,2021-04-08 08:04:45
0,46665.0,146602.0,95902.0,643.26,2021-04-08 08:10:47
0,46403.0,146947.0,95831.0,643.78,2021-04-08 08:16:39
0,46377.0,147051.0,95797.0,644.34,2021-04-08 08:22:53
0,46597.0,146791.0,95903.0,644.95,2021-04-08 08:28:50
0,46588.0,146715.0,95831.0,645.51,2021-04-08 08:34:50
0,46591.0,146681.0,95827.0,646.11,2021-04-08 08:41:00
0,46807.0,146690.0,95957.0,646.7,2021-04-08 08:47:00
0,46617.0,146868.0,96007.0,647.26,2021-04-08 08:52:57
0,46769.0,146811.0,96194.0,647.83,2021-04-08 08:58:58
0,46543.0,147117.0,96285.0,648.42,2021-04-08 09:05:19
0,46688.0,147050.0,96401.0,649.01,2021-04-08 09:11:25
0,46802.0,146917.0,96588.0,649.53,2021-04-08 09:17:29
0,46775.0,146984.0,96671.0,650.11,2021-04-08 09:23:49
0,47178.0,146539.0,96842.0,650.66,2021-04-08 09:29:50
0,47543.0,145927.0,96923.0,651.25,2021-04-08 09:35:55
0,47698.0,145574.0,96877.0,651.76,2021-04-08 09:41:57
0,47592.0,145591.0,96928.0,652.35,2021-04-08 09:48:11
0,47713.0,145445.0,96859.0,652.92,2021-04-08 09:54:06
0,47394.0,145595.0,96701.0,653.49,2021-04-08 10:00:05
0,47676.0,145187.0,96548.0,654.08,2021-04-08 10:06:17
0,47438.0,145325.0,96435.0,654.68,2021-04-08 10:12:09
0,46833.0,145712.0,96243.0,655.31,2021-04-08 10:18:04
0,46683.0,145667.0,96160.0,655.94,2021-04-08 10:23:59
0,46911.0,145438.0,96162.0,656.54,2021-04-08 10:30:03
0,46641.0,145767.0,96168.0,657.14,2021-04-08 10:35:57
0,46682.0,145783.0,96139.0,657.67,2021-04-08 10:41:52
0,46730.0,145628.0,95909.0,658.25,2021-04-08 10:48:01
0,46715.0,145598.0,95838.0,658.76,2021-04-08 10:53:54
0,46824.0,145533.0,95782.0,659.3,2021-04-08 10:59:46
0,46950.0,145360.0,95766.0,659.83,2021-04-08 11:05:38
0,46548.0,145706.0,95713.0,660.39,2021-04-08 11:12:17
0,46560.0,145791.0,95794.0,660.94,2021-04-08 11:18:11
0,46331.0,146034.0,95827.0,661.51,2021-04-08 11:24:06
0,46629.0,145902.0,95897.0,662.08,2021-04-08 11:30:19
0,46837.0,145795.0,95870.0,662.65,2021-04-08 11:36:20
0,47092.0,145655.0,95858.0,663.24,2021-04-08 11:42:14
0,47404.0,145534.0,95894.0,663.82,2021-04-08 11:48:20
0,47595.0,145377.0,96010.0,664.38,2021-04-08 11:54:34
0,47519.0,145481.0,96069.0,665.0,2021-04-08 12:00:43
0,47370.0,145594.0,96107.0,665.55,2021-04-08 12:06:50
0,47007.0,146056.0,96270.0,666.19,2021-04-08 12:12:55
0,47043.0,146273.0,96414.0,666.76,2021-04-08 12:19:01
0,47111.0,146213.0,96437.0,667.26,2021-04-08 12:25:04
0,46837.0,146332.0,96439.0,667.83,2021-04-08 12:31:07
0,46851.0,146405.0,96581.0,668.36,2021-04-08 12:37:18
0,46979.0,146314.0,96621.0,668.93,2021-04-08 12:43:21
0,47182.0,146131.0,96474.0,669.47,2021-04-08 12:49:23
0,47715.0,145759.0,96447.0,670.06,2021-04-08 12:55:40
0,47765.0,145621.0,96386.0,670.6,2021-04-08 13:01:45
0,47380.0,146013.0,96456.0,671.17,2021-04-08 13:07:46
0,46949.0,146591.0,96551.0,671.74,2021-04-08 13:13:43
0,47145.0,146582.0,96571.0,672.31,2021-04-08 13:19:52
0,46791.0,146809.0,96487.0,672.93,2021-04-08 13:25:47
0,46976.0,146600.0,96485.0,673.49,2021-04-08 13:31:42
0,47067.0,146340.0,96444.0,674.03,2021-04-08 13:37:47
0,47114.0,146334.0,96526.0,674.62,2021-04-08 13:43:53
0,47089.0,146307.0,96371.0,675.22,2021-04-08 13:49:59
0,47053.0,146530.0,96132.0,675.82,2021-04-08 13:56:04
0,47227.0,146407.0,95906.0,676.41,2021-04-08 14:02:11
0,47094.0,146571.0,95839.0,677.01,2021-04-08 14:08:14
0,47153.0,146557.0,95867.0,677.59,2021-04-08 14:14:19
0,46594.0,146925.0,95844.0,678.16,2021-04-08 14:20:24
0,46272.0,147017.0,95647.0,678.75,2021-04-08 14:26:30
0,46195.0,147170.0,95686.0,679.35,2021-04-08 14:32:30
0,46204.0,147062.0,95608.0,679.93,2021-04-08 14:38:24
0,46237.0,146864.0,95464.0,680.53,2021-04-08 14:44:27
0,46012.0,147079.0,95427.0,681.15,2021-04-08 14:50:20
0,46049.0,147167.0,95465.0,681.71,2021-04-08 14:56:15
0,46419.0,146770.0,95473.0,682.28,2021-04-08 15:02:22
0,46343.0,146816.0,95534.0,682.81,2021-04-08 15:08:24
0,45995.0,147024.0,95623.0,683.42,2021-04-08 15:14:19
0,45849.0,147205.0,95786.0,683.98,2021-04-08 15:20:17
0,45783.0,147050.0,95734.0,684.6,2021-04-08 15:26:40
0,46272.0,146549.0,95851.0,685.2,2021-04-08 15:32:46
0,46157.0,146580.0,95990.0,685.79,2021-04-08 15:38:50
0,46548.0,145999.0,96070.0,686.33,2021-04-08 15:44:58
0,47090.0,145355.0,96200.0,686.86,2021-04-08 15:51:03
0,47115.0,145389.0,96208.0,687.47,2021-04-08 15:57:11
0,47104.0,145496.0,96285.0,688.07,2021-04-08 16:03:24
0,47150.0,145505.0,96374.0,688.64,2021-04-08 16:09:24
0,46902.0,145618.0,96502.0,689.15,2021-04-08 16:15:29
0,47331.0,145046.0,96612.0,689.75,2021-04-08 16:21:30
0,47543.0,144775.0,96511.0,690.29,2021-04-08 16:27:45
0,47257.0,145139.0,96408.0,690.88,2021-04-08 16:33:52
0,47166.0,145171.0,96256.0,691.48,2021-04-08 16:39:50
0,47164.0,145304.0,96218.0,692.08,2021-04-08 16:46:08
0,46768.0,145694.0,96078.0,692.68,2021-04-08 16:52:11
0,46586.0,145900.0,96032.0,693.29,2021-04-08 16:58:16
0,46242.0,146362.0,95920.0,693.91,2021-04-08 17:04:19
0,46342.0,146479.0,95924.0,694.52,2021-04-08 17:10:43
0,46498.0,146314.0,95866.0,695.06,2021-04-08 17:16:42
0,46358.0,146532.0,95953.0,695.64,2021-04-08 17:22:34
0,45971.0,146971.0,96033.0,696.2,2021-04-08 17:28:37
0,46300.0,146647.0,96021.0,696.77,2021-04-08 17:34:32
0,46408.0,146474.0,96057.0,697.36,2021-04-08 17:40:26
0,46665.0,146358.0,95967.0,697.93,2021-04-08 17:46:28
0,46536.0,146407.0,95948.0,698.49,2021-04-08 17:52:42
0,46387.0,146471.0,95898.0,699.06,2021-04-08 17:58:42
0,46578.0,146217.0,95713.0,699.66,2021-04-08 18:04:51
0,46667.0,146145.0,95726.0,700.12,2021-04-08 18:10:57
0,46911.0,146066.0,95792.0,700.7,2021-04-08 18:17:03
0,46544.0,146317.0,95681.0,701.32,2021-04-08 18:23:05
0,46437.0,146306.0,95715.0,701.93,2021-04-08 18:29:15
0,46732.0,146262.0,95927.0,702.51,2021-04-08 18:35:34
0,46670.0,146424.0,95978.0,703.12,2021-04-08 18:41:42
0,46771.0,146449.0,96033.0,703.72,2021-04-08 18:47:48
0,47120.0,146050.0,96099.0,704.27,2021-04-08 18:53:55
0,46713.0,146332.0,96110.0,704.85,2021-04-08 19:00:06
0,47055.0,145986.0,96288.0,705.44,2021-04-08 19:06:11
0,47570.0,145419.0,96401.0,705.94,2021-04-08 19:12:16
0,47480.0,145512.0,96611.0,706.5,2021-04-08 19:18:27
0,47055.0,145675.0,96658.0,707.08,2021-04-08 19:24:30
0,47203.0,145371.0,96700.0,707.68,2021-04-08 19:30:31
0,47713.0,144778.0,96759.0,708.25,2021-04-08 19:36:48
0,47617.0,144786.0,96854.0,708.73,2021-04-08 19:42:58
0,47413.0,145050.0,96927.0,709.27,2021-04-08 19:48:59
0,47181.0,145226.0,96969.0,709.84,2021-04-08 19:54:57
0,47128.0,145271.0,96965.0,710.4,2021-04-08 20:01:04
0,47531.0,145096.0,97011.0,710.99,2021-04-08 20:07:06
0,47186.0,145770.0,97141.0,711.58,2021-04-08 20:13:04
0,46823.0,146178.0,97140.0,712.14,2021-04-08 20:19:15
0,47093.0,146205.0,97127.0,712.69,2021-04-08 20:25:17
0,47258.0,146335.0,97070.0,713.27,2021-04-08 20:31:21
0,46729.0,146915.0,96916.0,713.85,2021-04-08 20:37:22
0,47065.0,146680.0,96823.0,714.4,2021-04-08 20:44:00
0,47329.0,146339.0,96640.0,714.98,2021-04-08 20:49:51
0,47269.0,146331.0,96492.0,715.56,2021-04-08 20:55:47
0,47339.0,146256.0,96341.0,716.06,2021-04-08 21:01:52
0,47019.0,146542.0,96166.0,716.62,2021-04-08 21:07:46
0,47083.0,146594.0,96023.0,717.18,2021-04-08 21:13:37
0,47395.0,146349.0,96038.0,717.76,2021-04-08 21:19:27
0,47342.0,146485.0,96101.0,718.28,2021-04-08 21:25:26
0,46838.0,146972.0,96077.0,718.84,2021-04-08 21:31:20
0,46865.0,147068.0,96265.0,719.39,2021-04-08 21:37:19
0,46693.0,147210.0,96277.0,719.97,2021-04-08 21:43:24
0,46579.0,147356.0,96325.0,720.55,2021-04-08 21:49:36
0,46714.0,147086.0,96356.0,721.11,2021-04-08 21:55:28
0,46900.0,146881.0,96413.0,721.67,2021-04-08 22:01:22
0,46783.0,146824.0,96417.0,722.19,2021-04-08 22:07:29
0,46949.0,146602.0,96430.0,722.76,2021-04-08 22:13:30
0,46783.0,146628.0,96473.0,723.35,2021-04-08 22:19:38
0,46707.0,146746.0,96505.0,723.92,2021-04-08 22:25:42
0,46975.0,146574.0,96528.0,724.53,2021-04-08 22:32:00
0,47103.0,146415.0,96510.0,725.08,2021-04-08 22:38:08
0,46995.0,146576.0,96637.0,725.66,2021-04-08 22:44:12
0,46956.0,146650.0,96615.0,726.23,2021-04-08 22:50:35
0,46783.0,146925.0,96599.0,726.84,2021-04-08 22:56:33
0,46527.0,147300.0,96574.0,727.36,2021-04-08 23:02:39
0,46559.0,147081.0,96439.0,727.92,2021-04-08 23:08:41
0,46546.0,147097.0,96451.0,728.55,2021-04-08 23:15:03
0,46907.0,146784.0,96505.0,729.11,2021-04-08 23:21:00
0,47472.0,146307.0,96635.0,729.68,2021-04-08 23:27:03
0,47769.0,146191.0,96765.0,730.17,2021-04-08 23:33:16
0,47676.0,146314.0,96739.0,730.78,2021-04-08 23:39:14
0,47975.0,146148.0,96646.0,731.38,2021-04-08 23:45:12
0,48229.0,145948.0,96709.0,731.96,2021-04-08 23:51:04
0,47976.0,146093.0,96641.0,732.54,2021-04-08 23:57:08
0,47742.0,146579.0,96616.0,733.09,2021-04-09 00:02:59
0,47676.0,146462.0,96445.0,733.67,2021-04-09 00:08:53
0,47263.0,146777.0,96429.0,734.22,2021-04-09 00:14:58
0,47483.0,146649.0,96385.0,734.82,2021-04-09 00:20:54
0,47487.0,146541.0,96402.0,735.37,2021-04-09 00:26:52
0,47579.0,146654.0,96438.0,735.94,2021-04-09 00:32:48
0,47888.0,146396.0,96455.0,736.45,2021-04-09 00:38:53
0,47444.0,146713.0,96391.0,737.01,2021-04-09 00:44:48
0,47071.0,146987.0,96361.0,737.56,2021-04-09 00:50:46
0,46995.0,147047.0,96310.0,738.15,2021-04-09 00:56:57
0,47087.0,146712.0,96207.0,738.81,2021-04-09 01:02:51
0,47179.0,146699.0,96343.0,739.36,2021-04-09 01:08:52
0,47213.0,146507.0,96340.0,739.97,2021-04-09 01:14:54
0,46983.0,146446.0,96308.0,740.52,2021-04-09 01:21:03
0,46567.0,146972.0,96302.0,741.1,2021-04-09 01:27:03
0,46204.0,147175.0,96337.0,741.65,2021-04-09 01:33:10
0,45932.0,147170.0,96310.0,742.22,2021-04-09 01:39:18
0,45986.0,146860.0,96379.0,742.84,2021-04-09 01:45:27
0,46170.0,146815.0,96413.0,743.39,2021-04-09 01:51:28
0,45802.0,147161.0,96393.0,744.02,2021-04-09 01:57:50
0,45506.0,147295.0,96073.0,744.65,2021-04-09 02:03:54
0,45468.0,147254.0,95719.0,745.36,2021-04-09 02:10:00
0,45754.0,146969.0,95598.0,745.98,2021-04-09 02:15:58
0,45972.0,146739.0,95627.0,746.64,2021-04-09 02:22:11
0,45758.0,147138.0,95692.0,747.2,2021-04-09 02:28:08
0,45556.0,147457.0,95860.0,747.82,2021-04-09 02:34:01
0,45516.0,147691.0,95963.0,748.39,2021-04-09 02:40:30
0,45971.0,147155.0,95938.0,748.95,2021-04-09 02:46:37
0,46470.0,146697.0,96020.0,749.55,2021-04-09 02:52:35
0,46548.0,146672.0,96115.0,750.04,2021-04-09 02:58:48
0,46421.0,146835.0,96187.0,750.66,2021-04-09 03:04:49
0,46400.0,146849.0,96313.0,751.21,2021-04-09 03:10:51
0,46285.0,146831.0,96295.0,751.75,2021-04-09 03:16:47
0,46837.0,146467.0,96401.0,752.25,2021-04-09 03:23:08
0,46903.0,146238.0,96428.0,752.83,2021-04-09 03:29:08
0,46887.0,146119.0,96356.0,753.43,2021-04-09 03:35:07
0,47021.0,145979.0,96454.0,754.01,2021-04-09 03:41:28
0,46725.0,146136.0,96441.0,754.61,2021-04-09 03:47:34
0,46922.0,145927.0,96363.0,755.19,2021-04-09 03:53:37
0,47019.0,145852.0,96399.0,755.81,2021-04-09 03:59:55
0,46937.0,145917.0,96280.0,756.37,2021-04-09 04:06:19
0,47105.0,145639.0,96222.0,756.88,2021-04-09 04:12:25
0,47182.0,145576.0,96111.0,757.45,2021-04-09 04:18:28
0,47252.0,145301.0,96031.0,757.97,2021-04-09 04:24:29
0,47611.0,144892.0,96017.0,758.52,2021-04-09 04:30:56
0,47244.0,145241.0,96022.0,759.11,2021-04-09 04:36:59
0,47041.0,145397.0,95971.0,759.74,2021-04-09 04:43:04
0,46947.0,145586.0,95986.0,760.4,2021-04-09 04:49:38
0,47158.0,145522.0,96130.0,761.04,2021-04-09 04:55:49
0,47411.0,145458.0,96324.0,761.59,2021-04-09 05:02:03
0,46997.0,145812.0,96435.0,762.21,2021-04-09 05:08:11
0,47222.0,145756.0,96489.0,762.83,2021-04-09 05:14:12
0,47118.0,146032.0,96491.0,763.38,2021-04-09 05:20:15
0,47236.0,145824.0,96464.0,763.93,2021-04-09 05:26:10
0,47138.0,146052.0,96533.0,764.49,2021-04-09 05:32:31
0,47059.0,146289.0,96579.0,765.08,2021-04-09 05:38:30
0,47625.0,145857.0,96566.0,765.65,2021-04-09 05:44:30
0,47640.0,145769.0,96566.0,766.21,2021-04-09 05:50:35
0,47376.0,145958.0,96548.0,766.78,2021-04-09 05:56:28
0,47480.0,145705.0,96531.0,767.32,2021-04-09 06:02:28
0,47232.0,145933.0,96558.0,767.9,2021-04-09 06:08:38
0,46986.0,146037.0,96637.0,768.49,2021-04-09 06:14:52
0,46434.0,146524.0,96672.0,769.09,2021-04-09 06:20:59
0,46083.0,146771.0,96550.0,769.66,2021-04-09 06:26:59
0,46048.0,146884.0,96568.0,770.25,2021-04-09 06:33:16
0,46062.0,146980.0,96684.0,770.86,2021-04-09 06:39:21
0,46172.0,146621.0,96758.0,771.48,2021-04-09 06:45:19
0,46157.0,146272.0,96839.0,772.1,2021-04-09 06:51:35
0,46360.0,146164.0,96988.0,772.71,2021-04-09 06:57:34
0,46747.0,145569.0,96922.0,773.34,2021-04-09 07:03:38
0,46628.0,145637.0,96973.0,773.96,2021-04-09 07:09:43
0,47018.0,145342.0,96993.0,774.52,2021-04-09 07:15:51
0,47144.0,145111.0,96926.0,775.11,2021-04-09 07:21:49
0,47188.0,144968.0,96886.0,775.66,2021-04-09 07:27:46
0,47438.0,145032.0,96873.0,776.23,2021-04-09 07:33:59
0,47303.0,145083.0,96845.0,776.82,2021-04-09 07:40:00
0,47201.0,145223.0,96846.0,777.4,2021-04-09 07:45:56
0,47617.0,144860.0,96800.0,777.95,2021-04-09 07:51:54
0,47664.0,144862.0,96836.0,778.49,2021-04-09 07:58:04
0,47629.0,144895.0,96840.0,779.05,2021-04-09 08:04:03
0,47321.0,145485.0,97003.0,779.65,2021-04-09 08:10:01
0,47373.0,145609.0,97056.0,780.24,2021-04-09 08:16:38
0,47174.0,145935.0,97115.0,780.84,2021-04-09 08:22:40
0,47061.0,146136.0,97114.0,781.41,2021-04-09 08:28:48
0,46955.0,146419.0,97161.0,781.97,2021-04-09 08:34:48
0,47372.0,146136.0,97234.0,782.6,2021-04-09 08:41:04
0,47529.0,146001.0,97182.0,783.16,2021-04-09 08:47:06
0,47087.0,146504.0,97005.0,783.76,2021-04-09 08:53:08
0,47177.0,146538.0,96744.0,784.37,2021-04-09 08:59:21
0,47273.0,146310.0,96442.0,784.98,2021-04-09 09:05:14
0,46970.0,146578.0,96331.0,785.54,2021-04-09 09:11:11
0,47088.0,146434.0,96231.0,786.17,2021-04-09 09:17:10
0,47164.0,146394.0,96011.0,786.78,2021-04-09 09:23:04
0,47326.0,146003.0,95875.0,787.33,2021-04-09 09:28:56
0,47106.0,146347.0,95752.0,787.92,2021-04-09 09:34:47
0,46728.0,146761.0,95676.0,788.49,2021-04-09 09:40:49
0,46375.0,147073.0,95627.0,789.1,2021-04-09 09:46:42
0,46008.0,147120.0,95492.0,789.64,2021-04-09 09:52:34
0,46177.0,146737.0,95485.0,790.21,2021-04-09 09:58:45
0,46404.0,146522.0,95487.0,790.78,2021-04-09 10:04:42
0,46527.0,146395.0,95570.0,791.32,2021-04-09 10:10:48
0,46718.0,146132.0,95781.0,791.94,2021-04-09 10:16:48
0,46636.0,146037.0,95932.0,792.57,2021-04-09 10:23:05
0,46716.0,146053.0,96180.0,793.16,2021-04-09 10:29:12
0,46998.0,145923.0,96371.0,793.73,2021-04-09 10:35:16
0,46807.0,146036.0,96332.0,794.3,2021-04-09 10:41:37
0,46836.0,146120.0,96473.0,794.86,2021-04-09 10:47:49
0,46616.0,146382.0,96540.0,795.44,2021-04-09 10:53:49
0,46891.0,146130.0,96547.0,795.97,2021-04-09 10:59:54
0,47190.0,145654.0,96458.0,796.53,2021-04-09 11:06:11
0,47232.0,145724.0,96547.0,797.11,2021-04-09 11:12:09
0,47220.0,145663.0,96492.0,797.65,2021-04-09 11:18:14
0,47029.0,145808.0,96448.0,798.22,2021-04-09 11:24:34
0,46952.0,146149.0,96564.0,798.79,2021-04-09 11:30:42
0,46854.0,146345.0,96586.0,799.38,2021-04-09 11:36:50
0,46796.0,146401.0,96608.0,799.99,2021-04-09 11:42:55
0,46775.0,146306.0,96641.0,800.59,2021-04-09 11:49:17
0,47169.0,146142.0,96745.0,801.22,2021-04-09 11:55:25
0,46862.0,146398.0,96761.0,801.86,2021-04-09 12:01:28
0,47199.0,146106.0,96845.0,802.47,2021-04-09 12:07:46
0,47653.0,145757.0,96896.0,803.03,2021-04-09 12:13:43
0,47607.0,145845.0,96903.0,803.6,2021-04-09 12:19:42
0,47521.0,146013.0,96825.0,804.18,2021-04-09 12:26:00
0,47162.0,146349.0,96525.0,804.76,2021-04-09 12:31:52
0,47241.0,146380.0,96235.0,805.4,2021-04-09 12:37:46
0,47318.0,146426.0,96000.0,805.97,2021-04-09 12:43:38
0,47275.0,146689.0,95852.0,806.52,2021-04-09 12:49:39
0,47013.0,146885.0,95734.0,807.06,2021-04-09 12:55:37
0,47075.0,146916.0,95626.0,807.63,2021-04-09 13:01:40
0,47061.0,146965.0,95672.0,808.19,2021-04-09 13:07:52
0,46911.0,147038.0,95621.0,808.78,2021-04-09 13:14:00
0,46896.0,147182.0,95618.0,809.41,2021-04-09 13:20:08
0,46850.0,147277.0,95718.0,809.94,2021-04-09 13:26:06
0,46741.0,147486.0,95807.0,810.55,2021-04-09 13:32:31
0,46524.0,147726.0,95848.0,811.06,2021-04-09 13:38:31
0,46231.0,148103.0,96033.0,811.62,2021-04-09 13:44:30
0,46494.0,147817.0,96213.0,812.24,2021-04-09 13:50:48
0,46444.0,147637.0,96292.0,812.83,2021-04-09 13:56:56
0,46362.0,147367.0,96302.0,813.41,2021-04-09 14:03:02
0,46783.0,146787.0,96349.0,814.02,2021-04-09 14:09:17
0,46627.0,146728.0,96428.0,814.6,2021-04-09 14:15:16
0,46597.0,146905.0,96598.0,815.22,2021-04-09 14:21:23
0,46418.0,147016.0,96652.0,815.72,2021-04-09 14:27:31
0,46698.0,146736.0,96745.0,816.31,2021-04-09 14:33:52
0,46773.0,146506.0,96750.0,816.84,2021-04-09 14:39:58
0,46919.0,146234.0,96794.0,817.44,2021-04-09 14:46:05
0,46805.0,146339.0,96799.0,818.02,2021-04-09 14:52:18
0,46329.0,146613.0,96736.0,818.59,2021-04-09 14:58:19
0,46798.0,146055.0,96666.0,819.16,2021-04-09 15:04:18
0,46579.0,146155.0,96740.0,819.71,2021-04-09 15:10:26
0,47042.0,145704.0,96799.0,820.29,2021-04-09 15:16:40
0,47635.0,145196.0,96978.0,820.82,2021-04-09 15:22:46
0,47768.0,145086.0,96920.0,821.32,2021-04-09 15:28:47
0,47554.0,145363.0,96948.0,821.86,2021-04-09 15:34:52
0,47466.0,145500.0,96999.0,822.42,2021-04-09 15:41:05
0,47376.0,145655.0,97069.0,822.94,2021-04-09 15:47:05
0,47152.0,145953.0,97196.0,823.53,2021-04-09 15:53:05
0,46861.0,146269.0,97255.0,824.06,2021-04-09 15:59:23
0,46148.0,146940.0,97216.0,824.59,2021-04-09 16:05:28
0,46181.0,146831.0,97089.0,825.17,2021-04-09 16:11:32
0,46510.0,146471.0,96978.0,825.72,2021-04-09 16:17:35
0,46590.0,146370.0,96880.0,826.32,2021-04-09 16:24:26
0,46949.0,146054.0,96776.0,826.88,2021-04-09 16:30:30
0,47393.0,145846.0,96802.0,827.45,2021-04-09 16:36:35
0,47141.0,146254.0,96715.0,827.94,2021-04-09 16:42:39
0,47088.0,146547.0,96762.0,828.5,2021-04-09 16:48:52
0,47423.0,146330.0,96796.0,829.06,2021-04-09 16:55:04
0,47087.0,146845.0,96785.0,829.63,2021-04-09 17:01:08
0,46992.0,146651.0,96638.0,830.22,2021-04-09 17:07:34
0,47280.0,146149.0,96394.0,830.81,2021-04-09 17:13:35
0,47447.0,145873.0,96162.0,831.37,2021-04-09 17:19:33
0,47426.0,146050.0,96141.0,831.93,2021-04-09 17:25:31
0,47363.0,146012.0,95949.0,832.48,2021-04-09 17:31:38
0,47246.0,145902.0,95805.0,833.04,2021-04-09 17:37:39
0,47192.0,145859.0,95757.0,833.62,2021-04-09 17:43:30
0,47140.0,145902.0,95655.0,834.18,2021-04-09 17:49:34
0,47102.0,146024.0,95542.0,834.77,2021-04-09 17:55:28
0,47372.0,145669.0,95468.0,835.3,2021-04-09 18:01:24
0,47229.0,145676.0,95326.0,835.9,2021-04-09 18:07:21
0,46993.0,145905.0,95193.0,836.52,2021-04-09 18:13:29
0,47057.0,145875.0,95049.0,837.09,2021-04-09 18:19:17
0,46429.0,146424.0,94947.0,837.61,2021-04-09 18:25:07
0,46372.0,146489.0,94968.0,838.18,2021-04-09 18:31:07
0,46608.0,146114.0,95015.0,838.78,2021-04-09 18:36:57
0,47091.0,145819.0,95128.0,839.34,2021-04-09 18:42:47
0,46925.0,146016.0,95219.0,839.92,2021-04-09 18:48:50
0,46776.0,146359.0,95435.0,840.46,2021-04-09 18:55:09
0,46997.0,146304.0,95542.0,841.05,2021-04-09 19:01:08
0,47118.0,146379.0,95536.0,841.58,2021-04-09 19:07:09
0,47278.0,146228.0,95606.0,842.17,2021-04-09 19:13:20
0,47557.0,146378.0,95915.0,842.77,2021-04-09 19:19:24
0,47081.0,146930.0,96062.0,843.31,2021-04-09 19:25:36
0,46746.0,147296.0,96114.0,843.82,2021-04-09 19:31:37
0,46731.0,147322.0,96204.0,844.37,2021-04-09 19:37:52
0,46842.0,147323.0,96337.0,844.95,2021-04-09 19:43:53
0,46202.0,147824.0,96397.0,845.57,2021-04-09 19:50:03
0,46275.0,147943.0,96480.0,846.14,2021-04-09 19:56:25
0,46440.0,147656.0,96451.0,846.66,2021-04-09 20:02:31
0,46435.0,147602.0,96503.0,847.27,2021-04-09 20:08:30
0,46426.0,147719.0,96585.0,847.85,2021-04-09 20:14:27
0,46930.0,147183.0,96558.0,848.4,2021-04-09 20:21:20
0,46891.0,147211.0,96521.0,848.98,2021-04-09 20:27:22
0,47350.0,146598.0,96328.0,849.57,2021-04-09 20:33:20
0,47675.0,146175.0,96368.0,850.14,2021-04-09 20:39:27
0,47594.0,146346.0,96384.0,850.7,2021-04-09 20:45:29
0,47775.0,146257.0,96316.0,851.28,2021-04-09 20:51:20
0,47513.0,146557.0,96280.0,851.84,2021-04-09 20:57:18
0,47288.0,146562.0,96167.0,852.39,2021-04-09 21:03:32
0,46942.0,146601.0,96108.0,852.99,2021-04-09 21:09:33
0,47251.0,146231.0,96121.0,853.54,2021-04-09 21:15:27
0,47015.0,146389.0,96115.0,854.11,2021-04-09 21:21:46
0,46731.0,146483.0,96083.0,854.66,2021-04-09 21:27:40
0,46886.0,146197.0,96074.0,855.22,2021-04-09 21:33:45
0,47002.0,146092.0,96094.0,855.85,2021-04-09 21:39:44
0,46805.0,146297.0,96118.0,856.42,2021-04-09 21:46:01
0,46422.0,146535.0,96119.0,857.06,2021-04-09 21:51:59
0,46405.0,146711.0,96151.0,857.64,2021-04-09 21:57:57
0,46316.0,146763.0,96083.0,858.25,2021-04-09 22:04:01
0,46867.0,146431.0,96128.0,858.88,2021-04-09 22:09:53
0,46839.0,146551.0,96119.0,859.48,2021-04-09 22:15:46
0,46730.0,146628.0,96182.0,860.0,2021-04-09 22:21:56
0,47077.0,146333.0,96223.0,860.56,2021-04-09 22:27:49
0,46772.0,146464.0,96130.0,861.12,2021-04-09 22:33:47
0,46618.0,146721.0,96152.0,861.66,2021-04-09 22:39:53
0,46548.0,146746.0,96103.0,862.24,2021-04-09 22:46:12
0,46354.0,147019.0,96217.0,862.8,2021-04-09 22:52:15
0,46292.0,147061.0,96279.0,863.36,2021-04-09 22:58:19
0,46584.0,146927.0,96423.0,863.96,2021-04-09 23:04:28
0,46799.0,146645.0,96381.0,864.54,2021-04-09 23:10:47
0,47086.0,146333.0,96361.0,865.11,2021-04-09 23:16:51
0,46619.0,146712.0,96333.0,865.65,2021-04-09 23:22:52
0,47023.0,146181.0,96428.0,866.23,2021-04-09 23:29:03
0,46988.0,146190.0,96538.0,866.76,2021-04-09 23:35:04
0,46775.0,146461.0,96533.0,867.34,2021-04-09 23:41:05
0,46826.0,146670.0,96587.0,867.91,2021-04-09 23:47:03
0,47085.0,146495.0,96404.0,868.49,2021-04-09 23:53:11
0,47044.0,146622.0,96280.0,869.07,2021-04-09 23:59:11
0,47027.0,146532.0,96085.0,869.63,2021-04-10 00:05:20
0,47015.0,146450.0,95914.0,870.21,2021-04-10 00:11:40
0,47195.0,146402.0,95842.0,870.79,2021-04-10 00:17:38
0,47165.0,146447.0,95823.0,871.37,2021-04-10 00:23:33
0,47052.0,146677.0,95843.0,871.92,2021-04-10 00:29:45
0,46802.0,146693.0,95823.0,872.51,2021-04-10 00:36:08
0,46998.0,146530.0,95932.0,873.13,2021-04-10 00:42:16
0,47084.0,146304.0,95967.0,873.8,2021-04-10 00:48:31
0,47017.0,146251.0,95975.0,874.43,2021-04-10 00:54:38
0,47310.0,145999.0,95991.0,875.06,2021-04-10 01:00:35
0,46800.0,146600.0,95906.0,875.72,2021-04-10 01:06:28
0,46588.0,146714.0,95885.0,876.33,2021-04-10 01:12:35
0,46510.0,146855.0,95985.0,876.92,2021-04-10 01:18:32
0,46284.0,147025.0,96031.0,877.48,2021-04-10 01:24:37
0,46381.0,146716.0,95874.0,878.01,2021-04-10 01:30:45
0,46755.0,146435.0,95871.0,878.55,2021-04-10 01:36:41
0,46662.0,146597.0,95699.0,879.15,2021-04-10 01:42:39
0,46962.0,146408.0,95712.0,879.68,2021-04-10 01:48:38
0,47089.0,146371.0,95827.0,880.17,2021-04-10 01:54:43
0,46805.0,146584.0,95854.0,880.72,2021-04-10 02:00:41
0,46688.0,146639.0,95923.0,881.25,2021-04-10 02:06:37
0,46752.0,146448.0,96020.0,881.84,2021-04-10 02:12:45
0,46649.0,146610.0,96187.0,882.4,2021-04-10 02:18:55
0,46853.0,146572.0,96439.0,882.98,2021-04-10 02:24:55
0,47267.0,146147.0,96506.0,883.56,2021-04-10 02:30:57
0,47323.0,146073.0,96709.0,884.13,2021-04-10 02:37:10
0,47198.0,146151.0,96795.0,884.72,2021-04-10 02:43:10
0,47094.0,146006.0,96747.0,885.24,2021-04-10 02:49:11
0,47537.0,145646.0,96731.0,885.8,2021-04-10 02:55:15
0,47554.0,145585.0,96694.0,886.38,2021-04-10 03:01:32
0,47338.0,145787.0,96568.0,887.01,2021-04-10 03:07:38
0,47219.0,145890.0,96491.0,887.57,2021-04-10 03:13:47
0,47402.0,145625.0,96479.0,888.17,2021-04-10 03:20:02
0,47148.0,145864.0,96422.0,888.75,2021-04-10 03:26:11
0,46726.0,146302.0,96387.0,889.33,2021-04-10 03:32:16
0,46660.0,146212.0,96288.0,889.88,2021-04-10 03:38:23
0,46681.0,146173.0,96167.0,890.47,2021-04-10 03:44:35
0,46804.0,146084.0,96260.0,891.06,2021-04-10 03:50:36
0,47128.0,145915.0,96289.0,891.63,2021-04-10 03:56:38
0,47327.0,145786.0,96321.0,892.26,2021-04-10 04:02:47
0,47391.0,145620.0,96264.0,892.9,2021-04-10 04:08:37
0,47651.0,145510.0,96302.0,893.54,2021-04-10 04:14:34
0,47735.0,145496.0,96196.0,894.19,2021-04-10 04:20:52
0,47781.0,145602.0,96081.0,894.84,2021-04-10 04:26:40
0,47312.0,146146.0,95974.0,895.44,2021-04-10 04:32:31
0,47148.0,146195.0,95821.0,896.05,2021-04-10 04:38:33
0,46921.0,146562.0,95757.0,896.62,2021-04-10 04:44:26
0,46584.0,146859.0,95758.0,897.2,2021-04-10 04:50:28
0,46872.0,146726.0,95813.0,897.76,2021-04-10 04:56:22
0,47008.0,146892.0,95944.0,898.39,2021-04-10 05:02:30
0,47025.0,146947.0,96109.0,898.95,2021-04-10 05:08:28
0,46757.0,147203.0,96148.0,899.54,2021-04-10 05:14:32
0,46687.0,147364.0,96277.0,900.08,2021-04-10 05:22:45
0,46942.0,146985.0,96284.0,900.67,2021-04-10 05:28:46
0,47095.0,146817.0,96347.0,901.26,2021-04-10 05:34:57
0,46974.0,146987.0,96438.0,901.87,2021-04-10 05:40:53
0,46543.0,147371.0,96650.0,902.46,2021-04-10 05:47:43
0,46677.0,147221.0,96819.0,903.06,2021-04-10 05:53:45
0,46938.0,146847.0,96851.0,903.67,2021-04-10 05:59:52
0,46623.0,147031.0,96764.0,904.29,2021-04-10 06:06:11
0,46364.0,147149.0,96751.0,904.98,2021-04-10 06:12:21
0,46118.0,147379.0,96666.0,905.63,2021-04-10 06:18:30
0,45891.0,147602.0,96516.0,906.24,2021-04-10 06:24:42
0,45737.0,147632.0,96436.0,906.9,2021-04-10 06:30:37
0,45797.0,147660.0,96521.0,907.48,2021-04-10 06:36:34
0,45693.0,147642.0,96568.0,908.05,2021-04-10 06:42:44
0,45681.0,147673.0,96596.0,908.63,2021-04-10 06:48:51
0,45421.0,147935.0,96613.0,909.18,2021-04-10 06:54:54
0,46073.0,147373.0,96607.0,909.78,2021-04-10 07:00:56
0,46410.0,146871.0,96600.0,910.3,2021-04-10 07:07:01
0,46903.0,146492.0,96751.0,910.85,2021-04-10 07:12:55
0,47118.0,146155.0,96783.0,911.39,2021-04-10 07:18:49
0,46930.0,146121.0,96642.0,911.93,2021-04-10 07:24:47
0,46847.0,146083.0,96590.0,912.49,2021-04-10 07:30:54
0,47103.0,145771.0,96577.0,913.09,2021-04-10 07:36:53
0,47061.0,145760.0,96565.0,913.65,2021-04-10 07:42:52
0,46913.0,145982.0,96537.0,914.17,2021-04-10 07:49:05
0,46379.0,146586.0,96532.0,914.76,2021-04-10 07:55:08
0,46300.0,146829.0,96454.0,915.36,2021-04-10 08:01:12
0,47058.0,146126.0,96271.0,915.93,2021-04-10 08:07:19
0,46889.0,146512.0,96158.0,916.54,2021-04-10 08:13:38
0,47277.0,146133.0,96117.0,917.12,2021-04-10 08:19:43
0,47519.0,145839.0,96090.0,917.68,2021-04-10 08:25:48
0,47455.0,145752.0,96059.0,918.28,2021-04-10 08:32:10
0,47327.0,145776.0,96035.0,918.86,2021-04-10 08:38:14
0,47454.0,145549.0,95929.0,919.38,2021-04-10 08:44:16
0,47588.0,145581.0,95853.0,919.92,2021-04-10 08:50:22
0,47477.0,145780.0,95848.0,920.47,2021-04-10 08:56:39
0,47170.0,146065.0,95718.0,921.03,2021-04-10 09:02:39
0,46897.0,146371.0,95536.0,921.65,2021-04-10 09:08:49
0,47369.0,146084.0,95596.0,922.25,2021-04-10 09:15:09
0,47694.0,145781.0,95661.0,922.89,2021-04-10 09:21:11
0,47554.0,145863.0,95819.0,923.48,2021-04-10 09:27:18
0,47260.0,146132.0,95937.0,924.07,2021-04-10 09:33:33
0,46990.0,146167.0,95987.0,924.7,2021-04-10 09:39:35
0,47158.0,146192.0,96073.0,925.34,2021-04-10 09:45:40
0,47293.0,145867.0,96078.0,925.87,2021-04-10 09:51:34
0,47190.0,146098.0,96098.0,926.44,2021-04-10 09:57:46
0,46569.0,146699.0,96035.0,926.96,2021-04-10 10:03:52
0,46018.0,147343.0,95985.0,927.53,2021-04-10 10:10:02
0,46118.0,147285.0,96032.0,928.09,2021-04-10 10:16:21
0,46191.0,147240.0,96144.0,928.65,2021-04-10 10:22:22
0,46456.0,146936.0,96184.0,929.18,2021-04-10 10:28:15
0,46385.0,146807.0,96188.0,929.76,2021-04-10 10:34:11
0,46622.0,146571.0,96247.0,930.35,2021-04-10 10:40:40
0,46481.0,146720.0,96279.0,930.91,2021-04-10 10:46:54
0,46465.0,146746.0,96353.0,931.46,2021-04-10 10:53:01
0,47072.0,145999.0,96404.0,932.11,2021-04-10 10:59:30
0,47160.0,145996.0,96537.0,932.67,2021-04-10 11:05:36
0,47478.0,145557.0,96608.0,933.24,2021-04-10 11:11:34
0,47330.0,145763.0,96794.0,933.86,2021-04-10 11:17:39
0,47257.0,145858.0,96898.0,934.4,2021-04-10 11:23:55
0,47111.0,146053.0,96921.0,934.99,2021-04-10 11:29:55
0,47186.0,145792.0,96874.0,935.52,2021-04-10 11:36:02
0,47542.0,145510.0,96780.0,936.05,2021-04-10 11:42:53
0,47284.0,145920.0,96805.0,936.66,2021-04-10 11:48:51
0,47056.0,146147.0,96743.0,937.24,2021-04-10 11:54:52
0,47649.0,145629.0,96741.0,937.83,2021-04-10 12:01:00
0,47566.0,145394.0,96679.0,938.38,2021-04-10 12:07:08
0,47306.0,145471.0,96626.0,938.94,2021-04-10 12:12:59
0,47079.0,145567.0,96676.0,939.52,2021-04-10 12:19:01
0,47322.0,145261.0,96669.0,940.1,2021-04-10 12:25:14
0,46992.0,145428.0,96488.0,940.71,2021-04-10 12:31:15
0,47042.0,145387.0,96411.0,941.34,2021-04-10 12:37:24
0,47277.0,145174.0,96384.0,941.94,2021-04-10 12:43:23
0,47550.0,144827.0,96231.0,942.52,2021-04-10 12:49:34
0,47261.0,145071.0,95947.0,943.15,2021-04-10 12:55:34
0,47445.0,144792.0,95784.0,943.77,2021-04-10 13:01:41
0,47519.0,144781.0,95650.0,944.36,2021-04-10 13:08:00
0,47317.0,144913.0,95591.0,944.91,2021-04-10 13:14:02
0,47139.0,145210.0,95628.0,945.53,2021-04-10 13:19:57
0,47475.0,144895.0,95630.0,946.15,2021-04-10 13:26:02
0,47354.0,145250.0,95658.0,946.7,2021-04-10 13:31:57
0,47713.0,145062.0,95545.0,947.26,2021-04-10 13:37:53
0,47923.0,144778.0,95446.0,947.83,2021-04-10 13:43:51
0,47844.0,144789.0,95376.0,948.33,2021-04-10 13:50:01
0,47628.0,145020.0,95400.0,948.87,2021-04-10 13:55:52
0,47769.0,144773.0,95417.0,949.44,2021-04-10 14:01:53
0,47682.0,144829.0,95546.0,950.05,2021-04-10 14:08:03
0,47572.0,145051.0,95626.0,950.61,2021-04-10 14:13:54
0,47304.0,145318.0,95668.0,951.14,2021-04-10 14:19:45
0,47132.0,145422.0,95584.0,951.72,2021-04-10 14:25:41
0,47333.0,145356.0,95738.0,952.3,2021-04-10 14:31:53
0,47164.0,145678.0,95912.0,952.87,2021-04-10 14:37:47
0,46811.0,146120.0,96158.0,953.47,2021-04-10 14:43:43
0,47175.0,145593.0,96241.0,954.09,2021-04-10 14:49:49
0,47137.0,145608.0,96353.0,954.68,2021-04-10 14:55:40
0,46975.0,146046.0,96514.0,955.27,2021-04-10 15:01:35
0,46961.0,146050.0,96584.0,955.83,2021-04-10 15:07:29
0,47119.0,145862.0,96627.0,956.37,2021-04-10 15:13:34
0,47254.0,145673.0,96554.0,956.94,2021-04-10 15:19:24
0,46921.0,146065.0,96441.0,957.45,2021-04-10 15:25:18
0,46856.0,146161.0,96343.0,958.04,2021-04-10 15:31:23
0,46998.0,145960.0,96251.0,958.59,2021-04-10 15:37:24
0,47167.0,145783.0,96256.0,959.13,2021-04-10 15:43:20
0,46972.0,146022.0,96217.0,959.64,2021-04-10 15:49:15
0,46658.0,146243.0,96057.0,960.19,2021-04-10 15:55:28
0,46231.0,146457.0,95868.0,960.72,2021-04-10 16:01:21
0,46218.0,146571.0,96015.0,961.31,2021-04-10 16:07:19
0,46667.0,146059.0,96026.0,961.89,2021-04-10 16:13:29
0,46730.0,145886.0,96032.0,962.5,2021-04-10 16:19:46
0,46732.0,145915.0,96131.0,963.09,2021-04-10 16:25:57
0,46893.0,145928.0,96191.0,963.66,2021-04-10 16:32:11
0,46760.0,146370.0,96283.0,964.25,2021-04-10 16:38:22
0,46653.0,146723.0,96225.0,964.84,2021-04-10 16:44:32
0,46352.0,146846.0,96091.0,965.36,2021-04-10 16:50:36
0,46780.0,146473.0,96134.0,965.9,2021-04-10 16:56:34
0,47332.0,146095.0,96213.0,966.43,2021-04-10 17:02:47
0,47394.0,146079.0,96270.0,966.98,2021-04-10 17:08:55
0,47263.0,146206.0,96343.0,967.53,2021-04-10 17:14:55
0,47265.0,146202.0,96341.0,968.11,2021-04-10 17:21:13
0,46892.0,146760.0,96417.0,968.72,2021-04-10 17:27:17
0,46352.0,147250.0,96464.0,969.33,2021-04-10 17:33:28
0,46283.0,147226.0,96525.0,969.92,2021-04-10 17:39:38
0,46311.0,147229.0,96553.0,970.47,2021-04-10 17:45:54
0,46284.0,147094.0,96464.0,970.98,2021-04-10 17:51:56
0,46176.0,147119.0,96352.0,971.51,2021-04-10 17:58:00
0,46105.0,147416.0,96423.0,972.1,2021-04-10 18:04:10
0,46735.0,146897.0,96615.0,972.68,2021-04-10 18:10:13
0,46799.0,146583.0,96557.0,973.29,2021-04-10 18:16:23
0,47066.0,146274.0,96580.0,973.88,2021-04-10 18:22:29
0,47311.0,146215.0,96699.0,974.44,2021-04-10 18:28:45
0,47161.0,146474.0,96635.0,974.99,2021-04-10 18:34:44
0,47204.0,146500.0,96596.0,975.65,2021-04-10 18:40:44
0,47210.0,146374.0,96576.0,976.21,2021-04-10 18:47:00
0,47464.0,146098.0,96573.0,976.76,2021-04-10 18:53:02
0,47429.0,146128.0,96541.0,977.36,2021-04-10 18:59:12
0,47177.0,146422.0,96476.0,977.94,2021-04-10 19:05:22
0,47127.0,146346.0,96376.0,978.54,2021-04-10 19:11:30
0,47272.0,146086.0,96263.0,979.1,2021-04-10 19:17:33
0,47596.0,145800.0,96210.0,979.63,2021-04-10 19:23:38
0,47354.0,145999.0,96144.0,980.24,2021-04-10 19:29:59
0,47439.0,146140.0,96163.0,980.87,2021-04-10 19:36:07
0,47719.0,146072.0,96227.0,981.44,2021-04-10 19:42:11
0,47587.0,146222.0,96218.0,982.03,2021-04-10 19:52:33
0,47390.0,146094.0,96152.0,982.58,2021-04-10 19:58:39
0,47410.0,146258.0,96214.0,983.15,2021-04-10 20:04:42
0,47391.0,146227.0,96185.0,983.7,2021-04-10 20:10:39
0,47168.0,146319.0,96169.0,984.3,2021-04-10 20:16:49
0,47085.0,146428.0,96199.0,984.91,2021-04-10 20:22:50
0,47092.0,146573.0,96300.0,985.46,2021-04-10 20:28:50
0,46900.0,146769.0,96363.0,986.06,2021-04-10 20:35:05
0,46688.0,146831.0,96354.0,986.64,2021-04-10 20:41:14
0,46802.0,146619.0,96301.0,987.24,2021-04-10 20:47:13
0,46801.0,146518.0,96262.0,987.79,2021-04-10 20:53:20
0,46589.0,146876.0,96253.0,988.36,2021-04-10 20:59:35
0,46799.0,146785.0,96333.0,988.92,2021-04-10 21:05:38
0,47321.0,146121.0,96245.0,989.45,2021-04-10 21:11:40
0,47430.0,146160.0,96352.0,989.99,2021-04-10 21:17:40
0,48045.0,145608.0,96372.0,990.51,2021-04-10 21:24:00
0,48115.0,145457.0,96383.0,991.04,2021-04-10 21:30:00
0,47423.0,146148.0,96370.0,991.56,2021-04-10 21:35:59
0,47107.0,146394.0,96413.0,992.09,2021-04-10 21:42:11
0,47513.0,146106.0,96395.0,992.68,2021-04-10 21:48:11
0,47393.0,145983.0,96298.0,993.21,2021-04-10 21:54:08
0,47093.0,146127.0,96271.0,993.74,2021-04-10 22:00:12
0,46740.0,146599.0,96362.0,994.34,2021-04-10 22:06:22
0,46671.0,146692.0,96357.0,994.96,2021-04-10 22:12:18
0,46899.0,146584.0,96454.0,995.56,2021-04-10 22:18:19
0,46819.0,146460.0,96338.0,996.15,2021-04-10 22:24:24
0,46569.0,146798.0,96404.0,996.76,2021-04-10 22:30:23
0,46579.0,146805.0,96401.0,997.37,2021-04-10 22:36:16
0,46532.0,146827.0,96346.0,997.95,2021-04-10 22:42:13
0,46510.0,146929.0,96376.0,998.51,2021-04-10 22:48:24
0,46527.0,146904.0,96398.0,999.12,2021-04-10 22:54:32
0,46297.0,147092.0,96406.0,999.74,2021-04-10 23:00:38
0,46380.0,146891.0,96254.0,1000.37,2021-04-10 23:06:51
0,46466.0,146783.0,96289.0,1001.01,2021-04-10 23:12:50
0,46584.0,146648.0,96230.0,1001.63,2021-04-10 23:18:57
0,46012.0,147213.0,96209.0,1002.25,2021-04-10 23:25:08
0,46197.0,146934.0,96160.0,1002.88,2021-04-10 23:31:02
0,46522.0,146835.0,96219.0,1003.46,2021-04-10 23:37:02
0,46801.0,146649.0,96207.0,1004.03,2021-04-10 23:43:15
0,46365.0,147097.0,96182.0,1004.58,2021-04-10 23:49:18
0,46154.0,147203.0,96108.0,1005.14,2021-04-10 23:55:21
0,46340.0,147095.0,96198.0,1005.72,2021-04-11 00:01:22
0,46805.0,146551.0,96215.0,1006.28,2021-04-11 00:07:31
0,46587.0,146723.0,96235.0,1006.8,2021-04-11 00:13:31
0,46492.0,146831.0,96326.0,1007.41,2021-04-11 00:19:26
0,46753.0,146459.0,96313.0,1007.93,2021-04-11 00:25:22
0,46827.0,146324.0,96283.0,1008.51,2021-04-11 00:31:38
0,46736.0,146331.0,96219.0,1009.13,2021-04-11 00:37:36
0,46333.0,146625.0,96156.0,1009.73,2021-04-11 00:43:40
0,46846.0,146151.0,96178.0,1010.31,2021-04-11 00:50:00
0,47112.0,145680.0,96005.0,1010.92,2021-04-11 00:56:05
0,47094.0,145770.0,96036.0,1011.53,2021-04-11 01:02:12
0,47482.0,145436.0,96027.0,1012.15,2021-04-11 01:08:30
0,47643.0,145468.0,96070.0,1012.71,2021-04-11 01:14:33
0,47405.0,145688.0,96047.0,1013.35,2021-04-11 01:20:40
0,47499.0,145476.0,96025.0,1013.92,2021-04-11 01:26:47
0,47556.0,145331.0,96005.0,1014.54,2021-04-11 01:33:05
0,47285.0,145633.0,96026.0,1015.16,2021-04-11 01:39:17
0,46787.0,146086.0,96037.0,1015.79,2021-04-11 01:45:22
0,46896.0,145964.0,96021.0,1016.44,2021-04-11 01:51:40
0,46969.0,145834.0,96182.0,1017.07,2021-04-11 01:57:37
0,46680.0,145952.0,96152.0,1017.69,2021-04-11 02:03:29
0,46784.0,145963.0,96241.0,1018.29,2021-04-11 02:09:30
0,47197.0,145590.0,96211.0,1018.86,2021-04-11 02:15:29
0,47413.0,145493.0,96198.0,1019.42,2021-04-11 02:21:24
0,47717.0,145162.0,96110.0,1019.98,2021-04-11 02:27:29
0,47799.0,145078.0,96061.0,1020.54,2021-04-11 02:33:43
0,47112.0,145481.0,95990.0,1021.14,2021-04-11 02:39:47
0,46712.0,145845.0,95924.0,1021.75,2021-04-11 02:45:44
0,46895.0,145778.0,95891.0,1022.34,2021-04-11 02:52:07
0,46886.0,145923.0,95840.0,1022.9,2021-04-11 02:58:07
0,46523.0,146152.0,95620.0,1023.51,2021-04-11 03:04:10
0,47030.0,145717.0,95612.0,1024.06,2021-04-11 03:10:19
0,47526.0,145345.0,95604.0,1024.63,2021-04-11 03:16:21
0,47141.0,145743.0,95533.0,1025.2,2021-04-11 03:22:25
0,47027.0,146111.0,95594.0,1025.8,2021-04-11 03:28:25
0,47241.0,146239.0,95635.0,1026.4,2021-04-11 03:34:38
0,47034.0,146634.0,95687.0,1027.04,2021-04-11 03:40:38
0,46744.0,146931.0,95750.0,1027.64,2021-04-11 03:46:39
0,46487.0,147196.0,95915.0,1028.17,2021-04-11 03:52:57
0,46808.0,146737.0,96037.0,1028.79,2021-04-11 03:59:00
0,47084.0,146582.0,96262.0,1029.34,2021-04-11 04:05:03
0,47312.0,146323.0,96371.0,1029.86,2021-04-11 04:11:04
0,47164.0,146199.0,96478.0,1030.44,2021-04-11 04:17:11
0,47186.0,146024.0,96588.0,1031.03,2021-04-11 04:23:16
0,47317.0,145819.0,96704.0,1031.63,2021-04-11 04:29:18
0,46853.0,146209.0,96697.0,1032.24,2021-04-11 04:35:30
0,46614.0,146401.0,96706.0,1032.78,2021-04-11 04:41:36
0,46792.0,146175.0,96749.0,1033.36,2021-04-11 04:47:35
0,46956.0,146072.0,96650.0,1033.9,2021-04-11 04:53:33
0,47304.0,145627.0,96435.0,1034.46,2021-04-11 04:59:37
0,47683.0,145229.0,96352.0,1035.09,2021-04-11 05:05:47
0,47745.0,144941.0,96222.0,1035.72,2021-04-11 05:11:55
0,47594.0,145046.0,96223.0,1036.28,2021-04-11 05:18:04
0,47441.0,145156.0,96197.0,1036.83,2021-04-11 05:23:58
0,47121.0,145492.0,96165.0,1037.44,2021-04-11 05:29:53
0,46918.0,145928.0,96107.0,1038.04,2021-04-11 05:36:07
0,46933.0,145924.0,96030.0,1038.66,2021-04-11 05:42:13
0,46470.0,146317.0,95986.0,1039.24,2021-04-11 05:48:11
0,46610.0,146267.0,95984.0,1039.8,2021-04-11 05:54:01
0,46659.0,146453.0,96049.0,1040.4,2021-04-11 06:00:05
0,46620.0,146702.0,96168.0,1041.01,2021-04-11 06:05:57
0,46570.0,146997.0,96175.0,1041.59,2021-04-11 06:11:50
0,46455.0,147156.0,96257.0,1042.13,2021-04-11 06:17:54
0,46869.0,146835.0,96227.0,1042.7,2021-04-11 06:23:44
0,46836.0,146735.0,96290.0,1043.26,2021-04-11 06:29:47
0,46745.0,146864.0,96354.0,1043.82,2021-04-11 06:35:51
0,46776.0,146928.0,96493.0,1044.42,2021-04-11 06:42:03
0,47174.0,146674.0,96575.0,1044.97,2021-04-11 06:48:00
0,47402.0,146518.0,96540.0,1045.51,2021-04-11 06:54:03
0,47010.0,146999.0,96553.0,1046.08,2021-04-11 07:00:14
0,46914.0,146877.0,96404.0,1046.63,2021-04-11 07:06:21
0,46896.0,146896.0,96377.0,1047.2,2021-04-11 07:12:20
0,46823.0,147067.0,96355.0,1047.76,2021-04-11 07:18:22
0,46695.0,147134.0,96283.0,1048.35,2021-04-11 07:24:34
0,46997.0,146989.0,96384.0,1048.88,2021-04-11 07:30:33
0,47391.0,146634.0,96458.0,1049.42,2021-04-11 07:36:27
0,47405.0,146403.0,96523.0,1050.0,2021-04-11 07:42:26
0,47590.0,146127.0,96544.0,1050.57,2021-04-11 07:48:43
0,47708.0,145795.0,96358.0,1051.14,2021-04-11 07:54:39
0,47181.0,146214.0,96187.0,1051.71,2021-04-11 08:00:38
0,47037.0,146206.0,96071.0,1052.29,2021-04-11 08:06:50
0,47396.0,145602.0,96080.0,1052.85,2021-04-11 08:12:57
0,47249.0,145606.0,96100.0,1053.47,2021-04-11 08:19:12
0,46903.0,145969.0,96184.0,1054.13,2021-04-11 08:25:29
0,46452.0,146212.0,96192.0,1054.73,2021-04-11 08:31:32
0,46265.0,146332.0,96227.0,1055.28,2021-04-11 08:37:35
0,46171.0,146397.0,96420.0,1055.84,2021-04-11 08:43:33
0,46433.0,146404.0,96678.0,1056.38,2021-04-11 08:49:39
0,46771.0,146193.0,96811.0,1056.91,2021-04-11 08:55:40
0,46476.0,146525.0,96780.0,1057.55,2021-04-11 09:01:42
0,46040.0,146889.0,96667.0,1058.08,2021-04-11 09:07:49
0,46382.0,146573.0,96608.0,1058.64,2021-04-11 09:13:47
0,46496.0,146583.0,96424.0,1059.22,2021-04-11 09:19:42
0,46695.0,146585.0,96222.0,1059.78,2021-04-11 09:25:50
0,46697.0,146597.0,96057.0,1060.35,2021-04-11 09:32:01
0,46636.0,146680.0,95967.0,1060.96,2021-04-11 09:38:07
0,47274.0,146114.0,95951.0,1061.52,2021-04-11 09:44:10
0,47072.0,146294.0,96032.0,1062.1,2021-04-11 09:50:24
0,47093.0,146353.0,96062.0,1062.66,2021-04-11 09:56:31
0,46918.0,146583.0,96074.0,1063.22,2021-04-11 10:02:43
0,46585.0,146879.0,96094.0,1063.81,2021-04-11 10:08:47
0,47546.0,146063.0,96130.0,1064.36,2021-04-11 10:15:06
0,47631.0,146183.0,96141.0,1064.89,2021-04-11 10:21:07
0,47756.0,145915.0,96091.0,1065.44,2021-04-11 10:27:09
0,47925.0,145815.0,96154.0,1066.0,2021-04-11 10:33:08
0,48056.0,145633.0,96196.0,1066.51,2021-04-11 10:39:23
0,47707.0,145813.0,96145.0,1067.03,2021-04-11 10:45:28
0,47643.0,145855.0,96072.0,1067.6,2021-04-11 10:51:25
0,47599.0,145879.0,96114.0,1068.09,2021-04-11 10:57:37
0,47805.0,145505.0,95992.0,1068.65,2021-04-11 11:03:31
0,47532.0,145917.0,96058.0,1069.18,2021-04-11 11:09:30
0,47564.0,145801.0,96012.0,1069.7,2021-04-11 11:15:38
0,47809.0,145478.0,95951.0,1070.24,2021-04-11 11:21:42
0,47724.0,145661.0,95986.0,1070.81,2021-04-11 11:27:45
0,47646.0,145857.0,95905.0,1071.37,2021-04-11 11:33:42
0,47341.0,146600.0,96022.0,1071.91,2021-04-11 11:39:51
0,47443.0,146512.0,95887.0,1072.44,2021-04-11 11:46:09
0,47753.0,146471.0,95864.0,1073.01,2021-04-11 11:52:17
0,47467.0,146625.0,95692.0,1073.63,2021-04-11 11:58:28
0,46626.0,147219.0,95547.0,1074.21,2021-04-11 12:04:44
0,46872.0,146887.0,95363.0,1074.82,2021-04-11 12:10:42
0,47312.0,146462.0,95302.0,1075.41,2021-04-11 12:16:51
0,47883.0,145887.0,95257.0,1075.99,2021-04-11 12:22:51
0,47896.0,146009.0,95283.0,1076.59,2021-04-11 12:29:06
0,47920.0,146303.0,95308.0,1077.22,2021-04-11 12:34:59
0,47443.0,146862.0,95245.0,1077.82,2021-04-11 12:40:54
0,47539.0,146853.0,95252.0,1078.48,2021-04-11 12:47:08
0,47089.0,146957.0,95131.0,1079.09,2021-04-11 12:53:15
0,47051.0,146941.0,95163.0,1079.74,2021-04-11 12:59:23
0,47089.0,146858.0,95201.0,1080.36,2021-04-11 13:05:54
0,46590.0,147253.0,95310.0,1080.94,2021-04-11 13:12:01
0,46528.0,147151.0,95415.0,1081.5,2021-04-11 13:18:01
0,46566.0,146858.0,95415.0,1082.06,2021-04-11 13:24:12
0,46644.0,146600.0,95540.0,1082.65,2021-04-11 13:30:10
0,46401.0,146409.0,95489.0,1083.26,2021-04-11 13:36:14
0,46389.0,146686.0,95592.0,1083.83,2021-04-11 13:42:21
0,46102.0,146862.0,95636.0,1084.35,2021-04-11 13:48:32
0,45955.0,147148.0,95777.0,1084.93,2021-04-11 13:54:35
0,45930.0,147072.0,95850.0,1085.51,2021-04-11 14:00:36
0,46109.0,146808.0,95943.0,1086.07,2021-04-11 14:07:55
0,46262.0,146443.0,96070.0,1086.64,2021-04-11 14:13:56
0,46621.0,146060.0,96113.0,1087.17,2021-04-11 14:20:03
0,47047.0,145469.0,96157.0,1087.75,2021-04-11 14:26:06
0,47377.0,145090.0,96094.0,1088.33,2021-04-11 14:32:19
0,47650.0,144851.0,96264.0,1088.9,2021-04-11 14:38:20
0,47679.0,144831.0,96353.0,1089.46,2021-04-11 14:44:23
0,47389.0,145408.0,96389.0,1090.05,2021-04-11 14:50:37
0,47419.0,145294.0,96283.0,1090.56,2021-04-11 14:56:39
0,47562.0,145169.0,96193.0,1091.18,2021-04-11 15:02:44
0,47725.0,145282.0,96331.0,1091.75,2021-04-11 15:08:49
0,47719.0,145505.0,96293.0,1092.31,2021-04-11 15:15:07
0,47570.0,145952.0,96407.0,1092.86,2021-04-11 15:21:14
0,47743.0,145806.0,96360.0,1093.41,2021-04-11 15:27:17
0,47626.0,145872.0,96300.0,1093.97,2021-04-11 15:33:23
0,47932.0,145741.0,96304.0,1094.5,2021-04-11 15:39:49
0,47949.0,145753.0,96237.0,1095.08,2021-04-11 15:45:55
0,48003.0,145754.0,96171.0,1095.66,2021-04-11 15:52:00
0,47881.0,145897.0,96217.0,1096.3,2021-04-11 15:58:18
0,48109.0,145708.0,96135.0,1096.87,2021-04-11 16:04:20
0,48028.0,145776.0,96002.0,1097.43,2021-04-11 16:10:19
0,48013.0,145857.0,95923.0,1097.97,2021-04-11 16:16:22
0,48013.0,145657.0,95749.0,1098.53,2021-04-11 16:22:34
0,48071.0,145747.0,95699.0,1099.1,2021-04-11 16:28:40
0,47646.0,146387.0,95734.0,1099.68,2021-04-11 16:34:41
0,47424.0,146495.0,95689.0,1100.22,2021-04-11 16:40:54
0,47157.0,146813.0,95715.0,1100.82,2021-04-11 16:46:55
0,47504.0,146570.0,95718.0,1101.43,2021-04-11 16:53:01
0,47809.0,146315.0,95680.0,1102.06,2021-04-11 16:59:16
0,47948.0,146155.0,95649.0,1102.69,2021-04-11 17:05:15
0,47556.0,146506.0,95524.0,1103.28,2021-04-11 17:11:08
0,47431.0,146501.0,95423.0,1103.84,2021-04-11 17:17:04
0,47740.0,146182.0,95447.0,1104.46,2021-04-11 17:23:16
0,47944.0,145980.0,95572.0,1105.03,2021-04-11 17:29:09
0,47204.0,146595.0,95541.0,1105.59,2021-04-11 17:34:58
0,47078.0,146656.0,95537.0,1106.16,2021-04-11 17:41:06
0,47171.0,146454.0,95513.0,1106.75,2021-04-11 17:47:01
0,47287.0,146317.0,95583.0,1107.29,2021-04-11 17:52:53
0,47222.0,146231.0,95620.0,1107.88,2021-04-11 17:58:53
0,47426.0,146043.0,95678.0,1108.44,2021-04-11 18:05:09
0,47096.0,145991.0,95503.0,1109.03,2021-04-11 18:11:12
0,47213.0,145765.0,95508.0,1109.59,2021-04-11 18:17:20
0,47387.0,145402.0,95433.0,1110.2,2021-04-11 18:23:37
0,47434.0,145464.0,95532.0,1110.78,2021-04-11 18:29:41
0,47203.0,145526.0,95493.0,1111.36,2021-04-11 18:35:46
0,46883.0,145865.0,95466.0,1111.95,2021-04-11 18:41:49
0,46645.0,146092.0,95417.0,1112.52,2021-04-11 18:47:58
0,46648.0,146122.0,95441.0,1113.07,2021-04-11 18:53:57
0,46909.0,145953.0,95550.0,1113.65,2021-04-11 19:00:05
0,47209.0,145788.0,95625.0,1114.22,2021-04-11 19:06:23
0,46954.0,145924.0,95671.0,1114.8,2021-04-11 19:12:21
0,46527.0,146257.0,95797.0,1115.39,2021-04-11 19:18:16
0,46955.0,145766.0,95775.0,1116.02,2021-04-11 19:24:22
0,46780.0,146011.0,95758.0,1116.59,2021-04-11 19:30:17
0,46678.0,145914.0,95709.0,1117.15,2021-04-11 19:36:15
0,46635.0,145840.0,95748.0,1117.69,2021-04-11 19:42:20
0,46704.0,145566.0,95724.0,1118.23,2021-04-11 19:48:46
0,47252.0,145023.0,95866.0,1118.82,2021-04-11 19:54:54
0,47165.0,145062.0,95908.0,1119.43,2021-04-11 20:00:56
0,47431.0,144934.0,96035.0,1119.96,2021-04-11 20:06:59
0,47540.0,144817.0,96097.0,1120.53,2021-04-11 20:13:17
0,47218.0,145197.0,96253.0,1121.1,2021-04-11 20:19:13
0,47136.0,145380.0,96312.0,1121.67,2021-04-11 20:25:12
0,47232.0,145164.0,96356.0,1122.22,2021-04-11 20:31:18
0,47544.0,145082.0,96432.0,1122.76,2021-04-11 20:37:25
0,47757.0,145075.0,96458.0,1123.37,2021-04-11 20:43:28
0,47636.0,145368.0,96466.0,1123.92,2021-04-11 20:49:27
0,47432.0,145588.0,96424.0,1124.49,2021-04-11 20:55:35
0,46793.0,146200.0,96424.0,1125.12,2021-04-11 21:01:29
0,47085.0,145989.0,96511.0,1125.68,2021-04-11 21:07:25
0,47008.0,145858.0,96544.0,1126.21,2021-04-11 21:13:37
0,46297.0,146688.0,96529.0,1126.8,2021-04-11 21:19:39
0,46362.0,146631.0,96373.0,1127.39,2021-04-11 21:25:33
0,46541.0,146666.0,96295.0,1127.98,2021-04-11 21:31:33
0,46344.0,146706.0,96187.0,1128.6,2021-04-11 21:37:56
0,45855.0,147534.0,96249.0,1129.22,2021-04-11 21:44:06
0,45774.0,147508.0,96048.0,1129.85,2021-04-11 21:50:24
0,46033.0,147267.0,95906.0,1130.45,2021-04-11 21:56:28
0,46267.0,147105.0,95921.0,1131.09,2021-04-11 22:02:22
0,46711.0,146838.0,96052.0,1131.67,2021-04-11 22:08:22
0,47014.0,146462.0,95976.0,1132.3,2021-04-11 22:14:32
0,46759.0,146671.0,95887.0,1132.92,2021-04-11 22:20:42
0,46426.0,147061.0,95869.0,1133.51,2021-04-11 22:26:46
0,46647.0,146710.0,95847.0,1134.1,2021-04-11 22:32:58
0,46412.0,146868.0,95872.0,1134.7,2021-04-11 22:39:00
0,46288.0,147003.0,95950.0,1135.25,2021-04-11 22:45:06
0,46342.0,146787.0,95854.0,1135.8,2021-04-11 22:51:12
0,45983.0,147031.0,95878.0,1136.4,2021-04-11 22:57:34
0,46139.0,146959.0,95998.0,1136.97,2021-04-11 23:03:40
0,46252.0,146866.0,96034.0,1137.54,2021-04-11 23:09:43
0,46306.0,146774.0,95936.0,1138.11,2021-04-11 23:16:27
0,45997.0,146876.0,95933.0,1138.68,2021-04-11 23:22:33
0,46391.0,146439.0,96002.0,1139.23,2021-04-11 23:28:36
0,46481.0,146555.0,96030.0,1139.8,2021-04-11 23:34:43
0,46344.0,146763.0,95987.0,1140.32,2021-04-11 23:40:59
0,46159.0,146691.0,95884.0,1140.87,2021-04-11 23:47:07
0,46070.0,146598.0,95861.0,1141.39,2021-04-11 23:53:16
0,46406.0,146162.0,95769.0,1142.01,2021-04-11 23:59:27
0,46464.0,146348.0,95690.0,1142.6,2021-04-12 00:05:37
0,46725.0,146229.0,95614.0,1143.18,2021-04-12 00:11:47
0,46848.0,146212.0,95602.0,1143.75,2021-04-12 00:17:44
0,46857.0,146222.0,95631.0,1144.33,2021-04-12 00:24:01
0,46900.0,146361.0,95737.0,1144.88,2021-04-12 00:30:04
0,47525.0,145686.0,95776.0,1145.43,2021-04-12 00:36:04
0,47755.0,145531.0,95928.0,1146.03,2021-04-12 00:42:17
0,47898.0,145528.0,96042.0,1146.56,2021-04-12 00:48:18
0,47875.0,145508.0,96134.0,1147.13,2021-04-12 00:54:14
0,47827.0,145290.0,96172.0,1147.66,2021-04-12 01:00:15
0,47917.0,145396.0,96475.0,1148.23,2021-04-12 01:06:30
0,47461.0,146049.0,96754.0,1148.8,2021-04-12 01:12:29
0,47286.0,146169.0,96872.0,1149.38,2021-04-12 01:18:26
0,47384.0,145945.0,96873.0,1149.95,2021-04-12 01:24:26
0,47264.0,146116.0,96896.0,1150.54,2021-04-12 01:30:36
0,47287.0,146228.0,96885.0,1151.16,2021-04-12 01:36:34
0,47390.0,146032.0,96757.0,1151.72,2021-04-12 01:42:30
0,47540.0,145765.0,96606.0,1152.32,2021-04-12 01:48:34
0,47355.0,145948.0,96597.0,1152.86,2021-04-12 01:54:29
0,47052.0,146092.0,96427.0,1153.44,2021-04-12 02:00:27
0,46834.0,146288.0,96170.0,1154.05,2021-04-12 02:06:39
0,46872.0,146474.0,95954.0,1154.6,2021-04-12 02:12:36
0,46754.0,146706.0,95697.0,1155.2,2021-04-12 02:18:34
0,46583.0,146841.0,95362.0,1155.8,2021-04-12 02:24:29
0,46552.0,146947.0,95211.0,1156.39,2021-04-12 02:30:44
0,46347.0,146963.0,95024.0,1156.93,2021-04-12 02:36:45
0,46323.0,146933.0,95017.0,1157.52,2021-04-12 02:42:55
0,46185.0,146816.0,94836.0,1158.1,2021-04-12 02:49:05
0,45940.0,146812.0,94831.0,1158.75,2021-04-12 02:55:02
0,46286.0,146223.0,94710.0,1159.35,2021-04-12 03:00:57
0,46806.0,145851.0,94704.0,1159.92,2021-04-12 03:06:55
0,46708.0,145895.0,94601.0,1160.48,2021-04-12 03:13:21
0,46727.0,146122.0,94720.0,1161.07,2021-04-12 03:19:15
0,46854.0,146271.0,94744.0,1161.64,2021-04-12 03:25:20
0,46870.0,146238.0,94801.0,1162.16,2021-04-12 03:31:40
0,46816.0,146426.0,94928.0,1162.75,2021-04-12 03:37:46
0,46799.0,146468.0,94959.0,1163.31,2021-04-12 03:43:55
0,46699.0,146715.0,94956.0,1163.91,2021-04-12 03:50:03
0,46393.0,146911.0,94900.0,1164.44,2021-04-12 03:56:27
0,46435.0,146948.0,95000.0,1164.97,2021-04-12 04:02:26
0,46547.0,146982.0,95070.0,1165.52,2021-04-12 04:08:25
0,46750.0,146857.0,95174.0,1166.07,2021-04-12 04:14:31
0,46753.0,146773.0,95282.0,1166.61,2021-04-12 04:20:29
0,46603.0,146994.0,95459.0,1167.19,2021-04-12 04:26:28
0,46560.0,146995.0,95513.0,1167.76,2021-04-12 04:32:20
0,46693.0,146815.0,95590.0,1168.32,2021-04-12 04:38:35
0,46808.0,146840.0,95706.0,1168.85,2021-04-12 04:44:42
0,46634.0,146933.0,95691.0,1169.43,2021-04-12 04:50:42
0,47002.0,146568.0,95702.0,1169.99,2021-04-12 04:56:44
0,46733.0,146827.0,95794.0,1170.58,2021-04-12 05:03:04
0,46918.0,146561.0,95781.0,1171.11,2021-04-12 05:09:00
0,46748.0,146686.0,95801.0,1171.73,2021-04-12 05:15:09
0,47159.0,146131.0,95869.0,1172.33,2021-04-12 05:21:36
0,47348.0,145905.0,95900.0,1172.92,2021-04-12 05:27:37
0,47361.0,145804.0,95950.0,1173.51,2021-04-12 05:33:39
0,47495.0,145355.0,95923.0,1174.04,2021-04-12 05:39:50
0,47609.0,145275.0,95971.0,1174.6,2021-04-12 05:46:02
0,47815.0,145164.0,96073.0,1175.23,2021-04-12 05:52:12
0,47752.0,145156.0,96101.0,1175.78,2021-04-12 05:58:13
0,47871.0,145141.0,96193.0,1176.32,2021-04-12 06:04:31
0,47622.0,145547.0,96299.0,1176.9,2021-04-12 06:10:31
0,47602.0,145811.0,96444.0,1177.49,2021-04-12 06:16:28
0,47793.0,145761.0,96509.0,1178.07,2021-04-12 06:22:35
0,47128.0,146249.0,96312.0,1178.69,2021-04-12 06:28:34
0,47055.0,146422.0,96200.0,1179.31,2021-04-12 06:34:41
0,47351.0,146095.0,96127.0,1179.93,2021-04-12 06:40:36
0,47080.0,146266.0,96060.0,1180.59,2021-04-12 06:46:41
0,46674.0,146734.0,96010.0,1181.22,2021-04-12 06:52:36
0,46503.0,147112.0,95984.0,1181.85,2021-04-12 06:58:29
0,46545.0,147093.0,95878.0,1182.43,2021-04-12 07:04:40
0,46552.0,147035.0,95833.0,1182.98,2021-04-12 07:10:45
0,46941.0,146679.0,95849.0,1183.54,2021-04-12 07:16:47
0,46958.0,146771.0,95915.0,1184.08,2021-04-12 07:23:09
0,46962.0,146635.0,95935.0,1184.63,2021-04-12 07:29:08
0,47208.0,146225.0,95956.0,1185.22,2021-04-12 07:35:06
0,47426.0,146062.0,96060.0,1185.77,2021-04-12 07:41:09
0,47546.0,145763.0,96019.0,1186.39,2021-04-12 07:47:21
0,47390.0,145694.0,96069.0,1186.92,2021-04-12 07:53:23
0,47378.0,145435.0,96005.0,1187.52,2021-04-12 07:59:28
0,47018.0,145526.0,96081.0,1188.11,2021-04-12 08:05:41
0,46578.0,145983.0,96201.0,1188.66,2021-04-12 08:11:39
0,46648.0,145996.0,96274.0,1189.2,2021-04-12 08:17:40
0,46493.0,145928.0,96255.0,1189.79,2021-04-12 08:23:42
0,46494.0,145828.0,96400.0,1190.42,2021-04-12 08:30:03
0,46773.0,145555.0,96507.0,1190.98,2021-04-12 08:36:11
0,47180.0,145137.0,96573.0,1191.56,2021-04-12 08:42:17
0,47549.0,144750.0,96584.0,1192.15,2021-04-12 08:48:33
0,47471.0,144902.0,96707.0,1192.7,2021-04-12 08:54:34
0,47177.0,145157.0,96699.0,1193.29,2021-04-12 09:00:36
0,47125.0,145158.0,96621.0,1193.87,2021-04-12 09:06:36
0,47102.0,145283.0,96489.0,1194.5,2021-04-12 09:12:48
0,47228.0,145340.0,96543.0,1195.05,2021-04-12 09:18:48
0,47458.0,145187.0,96589.0,1195.64,2021-04-12 09:24:45
0,47493.0,145080.0,96576.0,1196.16,2021-04-12 09:30:59
0,47614.0,144962.0,96472.0,1196.72,2021-04-12 09:37:00
0,47523.0,145180.0,96397.0,1197.24,2021-04-12 09:43:00
0,47607.0,145204.0,96273.0,1197.8,2021-04-12 09:49:03
0,47606.0,145286.0,96056.0,1198.41,2021-04-12 09:55:16
0,47406.0,145489.0,95965.0,1198.96,2021-04-12 10:01:15
0,47108.0,145936.0,95921.0,1199.56,2021-04-12 10:07:11
0,47340.0,145801.0,95870.0,1200.0,2021-04-12 10:12:07
